<wddxPacket version='1.0'><header/><data><recordset rowCount='1' fieldNames='DOMAIN,SITEID,THEME,LARGEIMAGEWIDTH,LARGEIMAGEHEIGHT,SMALLIMAGEWIDTH,SMALLIMAGEHEIGHT,MEDIUMIMAGEWIDTH,MEDIUMIMAGEHEIGHT,COLUMNCOUNT,COLUMNNAMES,PRIMARYCOLUMN,BASEID,CUSTOMTAGGROUPS,PLACEHOLDERIMGID,PLACEHOLDERIMGEXT' type='coldfusion.sql.QueryTable'><field name='DOMAIN'><string>localhost</string></field><field name='SITEID'><string>zerofour</string></field><field name='THEME'><string>zerofour</string></field><field name='LARGEIMAGEWIDTH'><string>600</string></field><field name='LARGEIMAGEHEIGHT'><string>AUTO</string></field><field name='SMALLIMAGEWIDTH'><string>80</string></field><field name='SMALLIMAGEHEIGHT'><string>80</string></field><field name='MEDIUMIMAGEWIDTH'><string>180</string></field><field name='MEDIUMIMAGEHEIGHT'><string>180</string></field><field name='COLUMNCOUNT'><number>3.0</number></field><field name='COLUMNNAMES'><string>Left Column^Main Content^Right Column</string></field><field name='PRIMARYCOLUMN'><number>2.0</number></field><field name='BASEID'><string>916C7655-C018-CD6A-0B6226366A38E956</string></field><field name='CUSTOMTAGGROUPS'><null/></field><field name='PLACEHOLDERIMGID'><null/></field><field name='PLACEHOLDERIMGEXT'><null/></field></recordset></data></wddxPacket>
