<wddxPacket version='1.0'><header/><data><recordset rowCount='8' fieldNames='EXTENDSETID,SUBTYPEID,CATEGORYID,SITEID,NAME,ORDERNO,ISACTIVE,CONTAINER' type='coldfusion.sql.QueryTable'><field name='EXTENDSETID'><string>916C7803-AD0A-01EC-C6D78976126AE78D</string><string>916C7815-018C-F1EE-AD95583AEE3D026C</string><string>916C77B7-06EA-59E0-92B359F8C164D8D2</string><string>916C77DC-9128-551A-A823C385F22C3482</string><string>916C7828-9CA1-FDF3-B64F044A42CA9B19</string><string>916C7852-AF07-D581-CA1376A76D7E905D</string><string>916C77F1-C5F9-3029-75E6D20C095274F6</string><string>916C7795-D7D1-8EFD-BABBBE53E54F0A8B</string></field><field name='SUBTYPEID'><string>916C7690-E3A7-96C7-2537BAADC1B35A90</string><string>916C7715-0157-E779-43F294DF3D1386EE</string><string>916C7731-0B7D-4A45-3BA7ECA3506259C4</string><string>916C7731-0B7D-4A45-3BA7ECA3506259C4</string><string>916C7731-0B7D-4A45-3BA7ECA3506259C4</string><string>916C7731-0B7D-4A45-3BA7ECA3506259C4</string><string>916C7748-CCA8-9898-A4117200151FF2DC</string><string>916C7766-B580-9EF5-EAE0CA6DBE099853</string></field><field name='CATEGORYID'><null/><null/><null/><null/><null/><null/><null/><null/></field><field name='SITEID'><string>zerofour</string><string>zerofour</string><string>zerofour</string><string>zerofour</string><string>zerofour</string><string>zerofour</string><string>zerofour</string><string>zerofour</string></field><field name='NAME'><string>RSS Feed Info</string><string>Article List Info</string><string>Home Features 2 Right Box</string><string>Home Features 2 Left Box</string><string>Home Page Header</string><string>Home Page Features 1 Area</string><string>Other Options</string><string>Spotlight Info</string></field><field name='ORDERNO'><number>5.0</number><number>7.0</number><number>4.0</number><number>3.0</number><number>1.0</number><number>2.0</number><number>8.0</number><number>6.0</number></field><field name='ISACTIVE'><number>1.0</number><number>1.0</number><number>1.0</number><number>1.0</number><number>1.0</number><number>1.0</number><number>1.0</number><number>1.0</number></field><field name='CONTAINER'><string>Basic</string><string>Basic</string><string>Basic</string><string>Basic</string><string>Basic</string><string>Basic</string><string>Basic</string><string>Basic</string></field></recordset></data></wddxPacket>
