<wddxPacket version='1.0'><header/><data><recordset rowCount='5' fieldNames='SUBTYPEID,SITEID,BASETABLE,BASEKEYFIELD,DATATABLE,TYPE,SUBTYPE,ISACTIVE,NOTES,LASTUPDATE,DATECREATED,LASTUPDATEBY,HASSUMMARY,HASBODY,DESCRIPTION,AVAILABLESUBTYPES,ICONCLASS,HASASSOCFILE,HASCONFIGURATOR,ADMINONLY' type='coldfusion.sql.QueryTable'><field name='SUBTYPEID'><string>916C7690-E3A7-96C7-2537BAADC1B35A90</string><string>916C7715-0157-E779-43F294DF3D1386EE</string><string>916C7731-0B7D-4A45-3BA7ECA3506259C4</string><string>916C7748-CCA8-9898-A4117200151FF2DC</string><string>916C7766-B580-9EF5-EAE0CA6DBE099853</string></field><field name='SITEID'><string>zerofour</string><string>zerofour</string><string>zerofour</string><string>zerofour</string><string>zerofour</string></field><field name='BASETABLE'><string>tcontent</string><string>tcontent</string><string>tcontent</string><string>tcontent</string><string>tcontent</string></field><field name='BASEKEYFIELD'><string>contentHistID</string><string>contentHistID</string><string>contentHistID</string><string>contentHistID</string><string>contentHistID</string></field><field name='DATATABLE'><string>tclassextenddata</string><string>tclassextenddata</string><string>tclassextenddata</string><string>tclassextenddata</string><string>tclassextenddata</string></field><field name='TYPE'><string>Component</string><string>Component</string><string>Page</string><string>Component</string><string>Component</string></field><field name='SUBTYPE'><string>RSSFeed</string><string>ArticleList</string><string>Home</string><string>WithHeadingAndButtonLink</string><string>Spotlight</string></field><field name='ISACTIVE'><number>1.0</number><number>1.0</number><number>1.0</number><number>1.0</number><number>1.0</number></field><field name='NOTES'><null/><null/><null/><null/><null/></field><field name='LASTUPDATE'><dateTime>2018-05-03T22:34:27+00:00</dateTime><dateTime>2018-05-03T22:34:27+00:00</dateTime><dateTime>2018-05-03T22:34:27+00:00</dateTime><dateTime>2018-05-03T22:34:27+00:00</dateTime><dateTime>2018-05-03T22:34:27+00:00</dateTime></field><field name='DATECREATED'><dateTime>2018-05-03T22:34:27+00:00</dateTime><dateTime>2018-05-03T22:34:27+00:00</dateTime><dateTime>2018-05-03T22:34:27+00:00</dateTime><dateTime>2018-05-03T22:34:27+00:00</dateTime><dateTime>2018-05-03T22:34:27+00:00</dateTime></field><field name='LASTUPDATEBY'><string>System</string><string>System</string><string>System</string><string>System</string><string>System</string></field><field name='HASSUMMARY'><number>1.0</number><number>1.0</number><number>0.0</number><number>1.0</number><number>1.0</number></field><field name='HASBODY'><number>0.0</number><number>0.0</number><number>0.0</number><number>1.0</number><number>0.0</number></field><field name='DESCRIPTION'><null/><null/><null/><null/><null/></field><field name='AVAILABLESUBTYPES'><null/><null/><null/><null/><null/></field><field name='ICONCLASS'><null/><null/><string>icon-home</string><null/><null/></field><field name='HASASSOCFILE'><number>1.0</number><number>1.0</number><number>1.0</number><number>1.0</number><number>1.0</number></field><field name='HASCONFIGURATOR'><number>1.0</number><number>1.0</number><number>1.0</number><number>1.0</number><number>1.0</number></field><field name='ADMINONLY'><null/><null/><null/><null/><null/></field></recordset></data></wddxPacket>
