<wddxPacket version='1.0'><header/><data><recordset rowCount='2' fieldNames='MLID,SITEID,NAME,DESCRIPTION,LASTUPDATE,ISPURGE,ISPUBLIC' type='coldfusion.sql.QueryTable'><field name='MLID'><string>916C64A6-C21F-FBB5-44B4FC2D2A5F9499</string><string>916C4FDF-CA7A-4328-F9E3A83D7DDB8077</string></field><field name='SITEID'><string>zerofour</string><string>zerofour</string></field><field name='NAME'><string>Master Do Not Email List</string><string>Sign Up for Our Mailing List</string></field><field name='DESCRIPTION'><null/><null/></field><field name='LASTUPDATE'><dateTime>2010-12-10T16:55:48+00:00</dateTime><dateTime>2013-09-27T03:54:07+00:00</dateTime></field><field name='ISPURGE'><number>1.0</number><number>0.0</number></field><field name='ISPUBLIC'><number>1.0</number><number>1.0</number></field></recordset></data></wddxPacket>
