<wddxPacket version='1.0'><header/><data><recordset rowCount='4' fieldNames='FEEDID,SITEID,PARENTID,NAME,ISACTIVE,ISPUBLIC,ISDEFAULT,ISFEATURESONLY,DESCRIPTION,MAXITEMS,ALLOWHTML,LANG,LASTUPDATEBY,LASTUPDATE,DATECREATED,RESTRICTED,RESTRICTGROUPS,VERSION,CHANNELLINK,TYPE,SORTBY,SORTDIRECTION,NEXTN,DISPLAYNAME,DISPLAYRATINGS,DISPLAYCOMMENTS,ALTNAME,REMOTEID,REMOTESOURCEURL,REMOTEPUBDATE,IMAGESIZE,IMAGEHEIGHT,IMAGEWIDTH,DISPLAYLIST,SHOWNAVONLY,SHOWEXCLUDESEARCH,VIEWALLLINK,VIEWALLLABEL,CSSCLASS,AUTOIMPORT,ISLOCKED,CONTENTPOOLID,USECATEGORYINTERSECT,AUTHTYPE' type='coldfusion.sql.QueryTable'><field name='FEEDID'><string>916C6310-029C-A5D3-A80C81D691EF5C88</string><string>916C6330-0FCB-686F-AA0A57E854523C06</string><string>916C6341-FC5A-5199-A61748F4C5DC2B75</string><string>916C6354-0B03-FF59-31F227D8B6E478C2</string></field><field name='SITEID'><string>zerofour</string><string>zerofour</string><string>zerofour</string><string>zerofour</string></field><field name='PARENTID'><null/><null/><null/><null/></field><field name='NAME'><string>Latest News</string><string>From Our Blog</string><string>Mura Blog</string><string>Spotlight</string></field><field name='ISACTIVE'><number>1.0</number><number>1.0</number><number>1.0</number><number>1.0</number></field><field name='ISPUBLIC'><number>0.0</number><number>0.0</number><number>1.0</number><number>0.0</number></field><field name='ISDEFAULT'><number>0.0</number><number>0.0</number><number>0.0</number><number>0.0</number></field><field name='ISFEATURESONLY'><number>0.0</number><number>0.0</number><number>0.0</number><number>1.0</number></field><field name='DESCRIPTION'><null/><null/><null/><null/></field><field name='MAXITEMS'><number>20.0</number><number>3.0</number><number>4.0</number><number>1.0</number></field><field name='ALLOWHTML'><number>1.0</number><number>1.0</number><number>1.0</number><number>1.0</number></field><field name='LANG'><string>en-us</string><string>en-us</string><string>en-us</string><string>en-us</string></field><field name='LASTUPDATEBY'><string>Steve Withington</string><string>Steve Withington</string><string>Steve Withington</string><string>Steve Withington</string></field><field name='LASTUPDATE'><dateTime>2014-02-14T18:22:59+00:00</dateTime><dateTime>2012-11-27T21:57:30+00:00</dateTime><dateTime>2010-12-14T01:49:29+00:00</dateTime><dateTime>2014-02-14T18:24:21+00:00</dateTime></field><field name='DATECREATED'><dateTime>2014-02-14T18:22:59+00:00</dateTime><dateTime>2012-11-27T21:57:30+00:00</dateTime><dateTime>2010-12-14T01:49:29+00:00</dateTime><dateTime>2014-02-14T18:24:21+00:00</dateTime></field><field name='RESTRICTED'><number>0.0</number><number>0.0</number><number>0.0</number><number>0.0</number></field><field name='RESTRICTGROUPS'><null/><null/><null/><null/></field><field name='VERSION'><string>RSS 2.0</string><string>RSS 2.0</string><string>RSS 2.0</string><string>RSS 2.0</string></field><field name='CHANNELLINK'><null/><null/><string>http://www.getmura.com/tasks/feed/?feedID=AA4D3AF9-C9BA-D852-C5F762EF7FF3F2DF</string><null/></field><field name='TYPE'><string>Local</string><string>Local</string><string>Remote</string><string>Local</string></field><field name='SORTBY'><string>releaseDate</string><string>releaseDate</string><string>lastUpdate</string><string>random</string></field><field name='SORTDIRECTION'><string>desc</string><string>desc</string><string>desc</string><string>desc</string></field><field name='NEXTN'><number>20.0</number><number>20.0</number><number>20.0</number><number>1.0</number></field><field name='DISPLAYNAME'><number>0.0</number><number>0.0</number><number>0.0</number><number>1.0</number></field><field name='DISPLAYRATINGS'><number>0.0</number><number>0.0</number><number>0.0</number><number>0.0</number></field><field name='DISPLAYCOMMENTS'><number>0.0</number><number>0.0</number><number>0.0</number><number>0.0</number></field><field name='ALTNAME'><null/><null/><null/><string>Spotlight</string></field><field name='REMOTEID'><null/><null/><null/><null/></field><field name='REMOTESOURCEURL'><null/><null/><null/><null/></field><field name='REMOTEPUBDATE'><null/><null/><null/><null/></field><field name='IMAGESIZE'><string>small</string><string>small</string><string>small</string><string>homespotlightimage</string></field><field name='IMAGEHEIGHT'><string>AUTO</string><string>AUTO</string><string>AUTO</string><string>AUTO</string></field><field name='IMAGEWIDTH'><string>AUTO</string><string>AUTO</string><string>AUTO</string><string>AUTO</string></field><field name='DISPLAYLIST'><string>Date,Title,Image,Summary,Credits,Tags</string><string>Date,Title,Image,Summary,Tags</string><string>Date,Title,Image,Summary,Credits,Tags</string><string>Date,Title,Image,Summary,Credits,Tags</string></field><field name='SHOWNAVONLY'><number>1.0</number><number>1.0</number><number>0.0</number><number>1.0</number></field><field name='SHOWEXCLUDESEARCH'><number>0.0</number><number>0.0</number><number>0.0</number><number>0.0</number></field><field name='VIEWALLLINK'><null/><null/><null/><null/></field><field name='VIEWALLLABEL'><null/><null/><null/><null/></field><field name='CSSCLASS'><null/><null/><null/><null/></field><field name='AUTOIMPORT'><number>0.0</number><number>0.0</number><number>0.0</number><number>0.0</number></field><field name='ISLOCKED'><number>0.0</number><number>1.0</number><number>0.0</number><number>0.0</number></field><field name='CONTENTPOOLID'><null/><null/><null/><null/></field><field name='USECATEGORYINTERSECT'><null/><null/><null/><null/></field><field name='AUTHTYPE'><null/><null/><null/><null/></field></recordset></data></wddxPacket>
