<wddxPacket version='1.0'><header/><data><recordset rowCount='16' fieldNames='CONTENTHISTID,CATEGORYID,CONTENTID,ISFEATURE,ORDERNO,SITEID,FEATURESTART,FEATURESTOP' type='coldfusion.sql.QueryTable'><field name='CONTENTHISTID'><string>916C3B2B-A411-C02B-067A97E904796AC3</string><string>916C3B2B-A411-C02B-067A97E904796AC3</string><string>916C3B71-E7A0-3776-3C2C28E5A03C6276</string><string>916C4AD6-E354-BF93-B3B1FE6C19D139A0</string><string>916C4AD6-E354-BF93-B3B1FE6C19D139A0</string><string>916C4D37-DD7E-9173-914AC0F459177AEC</string><string>916C4D37-DD7E-9173-914AC0F459177AEC</string><string>916C4D6E-E789-EDCA-8396189FA8701E05</string><string>916C4D6E-E789-EDCA-8396189FA8701E05</string><string>916C4D98-0527-9C49-EB64B9F62E87C480</string><string>916C4D98-0527-9C49-EB64B9F62E87C480</string><string>916C4E0C-B59F-F109-737BD748A939861A</string><string>916C4E0C-B59F-F109-737BD748A939861A</string><string>916C4E58-B997-97FE-8028CB5505C8BC1C</string><string>916C4E8D-CCD7-3CB5-88567D74E0F7DFC3</string><string>916C4EB0-F364-2619-7ECE75C4322412F9</string></field><field name='CATEGORYID'><string>916C5EF9-0CF6-BEE8-D31DA322A9F4E0FE</string><string>916C5F27-D7E5-EDBB-EC289CDC01FE12D5</string><string>916C5EF9-0CF6-BEE8-D31DA322A9F4E0FE</string><string>916C5EF9-0CF6-BEE8-D31DA322A9F4E0FE</string><string>916C6009-E44E-EDED-ED527CB66021C274</string><string>916C5EF9-0CF6-BEE8-D31DA322A9F4E0FE</string><string>916C5F27-D7E5-EDBB-EC289CDC01FE12D5</string><string>916C5EF9-0CF6-BEE8-D31DA322A9F4E0FE</string><string>916C5F27-D7E5-EDBB-EC289CDC01FE12D5</string><string>916C5EF9-0CF6-BEE8-D31DA322A9F4E0FE</string><string>916C5F27-D7E5-EDBB-EC289CDC01FE12D5</string><string>916C5EF9-0CF6-BEE8-D31DA322A9F4E0FE</string><string>916C5F27-D7E5-EDBB-EC289CDC01FE12D5</string><string>916C603C-EA03-5EDE-4CABF91BDCD03D77</string><string>916C5FB0-A75A-AC99-274F485C6D10C5CE</string><string>916C5FB0-A75A-AC99-274F485C6D10C5CE</string></field><field name='CONTENTID'><string>916C3B2D-F51D-9C35-A7A34C8060457EF9</string><string>916C3B2D-F51D-9C35-A7A34C8060457EF9</string><string>916C3B72-B3E5-AF7C-314A3BB79967D5FA</string><string>916C4AD7-FCDA-4D87-B3780E46A77311F5</string><string>916C4AD7-FCDA-4D87-B3780E46A77311F5</string><string>916C4D39-B340-7D50-585BC126CDF468CD</string><string>916C4D39-B340-7D50-585BC126CDF468CD</string><string>916C4D6F-D128-67B9-0406205CFF2E41D2</string><string>916C4D6F-D128-67B9-0406205CFF2E41D2</string><string>916C4D9A-F12E-E231-F4E81EF56B282753</string><string>916C4D9A-F12E-E231-F4E81EF56B282753</string><string>916C4E0D-FE5D-B369-AD5DEE1E8BDB62CF</string><string>916C4E0D-FE5D-B369-AD5DEE1E8BDB62CF</string><string>916C4E59-A0F6-7000-1C69813C700D1709</string><string>916C4E8E-0FCA-845F-CB3C9FB9D1218111</string><string>916C4EB1-A8FF-CCC3-EC8AE599F24EE45E</string></field><field name='ISFEATURE'><number>0.0</number><number>0.0</number><number>0.0</number><number>0.0</number><number>0.0</number><number>0.0</number><number>0.0</number><number>0.0</number><number>0.0</number><number>0.0</number><number>0.0</number><number>0.0</number><number>0.0</number><number>0.0</number><number>0.0</number><number>0.0</number></field><field name='ORDERNO'><number>0.0</number><number>0.0</number><number>0.0</number><number>0.0</number><number>0.0</number><number>0.0</number><number>0.0</number><number>0.0</number><number>0.0</number><number>0.0</number><number>0.0</number><number>0.0</number><number>0.0</number><number>0.0</number><number>0.0</number><number>0.0</number></field><field name='SITEID'><string>zerofour</string><string>zerofour</string><string>zerofour</string><string>zerofour</string><string>zerofour</string><string>zerofour</string><string>zerofour</string><string>zerofour</string><string>zerofour</string><string>zerofour</string><string>zerofour</string><string>zerofour</string><string>zerofour</string><string>zerofour</string><string>zerofour</string><string>zerofour</string></field><field name='FEATURESTART'><null/><null/><null/><null/><null/><null/><null/><null/><null/><null/><null/><null/><null/><null/><null/><null/></field><field name='FEATURESTOP'><null/><null/><null/><null/><null/><null/><null/><null/><null/><null/><null/><null/><null/><null/><null/><null/></field></recordset></data></wddxPacket>
