<wddxPacket version='1.0'><header/><data><recordset rowCount='13' fieldNames='CATEGORYID,SITEID,PARENTID,DATECREATED,LASTUPDATE,LASTUPDATEBY,NAME,NOTES,ISINTERESTGROUP,ISACTIVE,ISOPEN,SORTBY,SORTDIRECTION,RESTRICTGROUPS,PATH,REMOTEID,REMOTESOURCEURL,REMOTEPUBDATE,URLTITLE,FILENAME,ISFEATUREABLE' type='coldfusion.sql.QueryTable'><field name='CATEGORYID'><string>916C5EF9-0CF6-BEE8-D31DA322A9F4E0FE</string><string>916C5F27-D7E5-EDBB-EC289CDC01FE12D5</string><string>916C5FB0-A75A-AC99-274F485C6D10C5CE</string><string>916C6009-E44E-EDED-ED527CB66021C274</string><string>916C603C-EA03-5EDE-4CABF91BDCD03D77</string><string>916C6194-A901-09DB-C890960024454960</string><string>916C61D7-B3A1-BA57-7D280397BDC10FF5</string><string>916C61E4-F963-6431-A009969E01EA27D8</string><string>916C61FE-F973-9C77-D65FD2BCB3C242D0</string><string>916C620C-093C-B1C7-0F62BFDF1E8A3649</string><string>916C6221-94B7-2ACE-D015DCAB746909FA</string><string>916C6232-DC1A-EF8E-953A24E935E13134</string><string>916C624E-DDC0-8B6F-4ADFC67D514C555D</string></field><field name='SITEID'><string>zerofour</string><string>zerofour</string><string>zerofour</string><string>zerofour</string><string>zerofour</string><string>zerofour</string><string>zerofour</string><string>zerofour</string><string>zerofour</string><string>zerofour</string><string>zerofour</string><string>zerofour</string><string>zerofour</string></field><field name='PARENTID'><string>916C6194-A901-09DB-C890960024454960</string><string>916C6194-A901-09DB-C890960024454960</string><string>916C61FE-F973-9C77-D65FD2BCB3C242D0</string><string>916C6194-A901-09DB-C890960024454960</string><string>916C61FE-F973-9C77-D65FD2BCB3C242D0</string><null/><string>916C6194-A901-09DB-C890960024454960</string><string>916C6194-A901-09DB-C890960024454960</string><null/><string>916C6194-A901-09DB-C890960024454960</string><string>916C6194-A901-09DB-C890960024454960</string><string>916C6194-A901-09DB-C890960024454960</string><string>916C6194-A901-09DB-C890960024454960</string></field><field name='DATECREATED'><dateTime>2012-11-27T14:10:19+00:00</dateTime><dateTime>2013-09-20T21:39:24+00:00</dateTime><dateTime>2012-11-27T19:09:07+00:00</dateTime><dateTime>2012-11-27T14:11:00+00:00</dateTime><dateTime>2013-09-20T20:31:07+00:00</dateTime><dateTime>2012-11-27T14:09:32+00:00</dateTime><dateTime>2012-11-27T14:09:49+00:00</dateTime><dateTime>2012-11-27T14:10:32+00:00</dateTime><dateTime>2012-11-27T19:08:58+00:00</dateTime><dateTime>2012-11-27T17:36:20+00:00</dateTime><dateTime>2012-11-27T14:10:10+00:00</dateTime><dateTime>2012-11-27T14:12:39+00:00</dateTime><dateTime>2012-11-27T14:13:03+00:00</dateTime></field><field name='LASTUPDATE'><dateTime>2012-11-27T14:10:19+00:00</dateTime><dateTime>2013-09-20T21:39:24+00:00</dateTime><dateTime>2012-11-27T19:09:07+00:00</dateTime><dateTime>2012-11-27T14:11:00+00:00</dateTime><dateTime>2013-09-20T20:31:07+00:00</dateTime><dateTime>2012-11-27T14:09:32+00:00</dateTime><dateTime>2012-11-27T14:09:49+00:00</dateTime><dateTime>2012-11-27T14:10:32+00:00</dateTime><dateTime>2012-11-27T19:08:58+00:00</dateTime><dateTime>2012-11-27T17:36:20+00:00</dateTime><dateTime>2012-11-27T14:10:10+00:00</dateTime><dateTime>2012-11-27T14:12:39+00:00</dateTime><dateTime>2012-11-27T14:13:03+00:00</dateTime></field><field name='LASTUPDATEBY'><string>Steve Withington</string><string>Steve Withington</string><string>Steve Withington</string><string>Steve Withington</string><string>Steve Withington</string><string>Steve Withington</string><string>Steve Withington</string><string>Steve Withington</string><string>Steve Withington</string><string>Steve Withington</string><string>Steve Withington</string><string>Steve Withington</string><string>Steve Withington</string></field><field name='NAME'><string>Local News</string><string>Weather</string><string>Mura CMS Training</string><string>Arts &amp; Culture</string><string>MuraCon</string><string>News Categories</string><string>Business</string><string>World News</string><string>Event Categories</string><string>Technology</string><string>Politics</string><string>Opinion</string><string>Health &amp; Science</string></field><field name='NOTES'><null/><null/><null/><null/><null/><null/><null/><null/><null/><null/><null/><null/><null/></field><field name='ISINTERESTGROUP'><number>1.0</number><number>1.0</number><number>1.0</number><number>1.0</number><number>1.0</number><number>0.0</number><number>1.0</number><number>1.0</number><number>0.0</number><number>1.0</number><number>1.0</number><number>1.0</number><number>1.0</number></field><field name='ISACTIVE'><number>1.0</number><number>1.0</number><number>1.0</number><number>1.0</number><number>1.0</number><number>1.0</number><number>1.0</number><number>1.0</number><number>1.0</number><number>1.0</number><number>1.0</number><number>1.0</number><number>1.0</number></field><field name='ISOPEN'><number>1.0</number><number>1.0</number><number>1.0</number><number>1.0</number><number>1.0</number><number>0.0</number><number>1.0</number><number>1.0</number><number>0.0</number><number>1.0</number><number>1.0</number><number>1.0</number><number>1.0</number></field><field name='SORTBY'><string>orderno</string><string>orderno</string><string>orderno</string><string>orderno</string><string>orderno</string><string>orderno</string><string>orderno</string><string>orderno</string><string>orderno</string><string>orderno</string><string>orderno</string><string>orderno</string><string>orderno</string></field><field name='SORTDIRECTION'><string>asc</string><string>asc</string><string>asc</string><string>asc</string><string>asc</string><string>asc</string><string>asc</string><string>asc</string><string>asc</string><string>asc</string><string>asc</string><string>asc</string><string>asc</string></field><field name='RESTRICTGROUPS'><null/><null/><null/><null/><null/><null/><null/><null/><null/><null/><null/><null/><null/></field><field name='PATH'><string>916C6194-A901-09DB-C890960024454960,916C5EF9-0CF6-BEE8-D31DA322A9F4E0FE</string><string>916C6194-A901-09DB-C890960024454960,916C5F27-D7E5-EDBB-EC289CDC01FE12D5</string><string>916C61FE-F973-9C77-D65FD2BCB3C242D0,916C5FB0-A75A-AC99-274F485C6D10C5CE</string><string>916C6194-A901-09DB-C890960024454960,916C6009-E44E-EDED-ED527CB66021C274</string><string>916C61FE-F973-9C77-D65FD2BCB3C242D0,916C603C-EA03-5EDE-4CABF91BDCD03D77</string><string>916C6194-A901-09DB-C890960024454960</string><string>916C6194-A901-09DB-C890960024454960,916C61D7-B3A1-BA57-7D280397BDC10FF5</string><string>916C6194-A901-09DB-C890960024454960,916C61E4-F963-6431-A009969E01EA27D8</string><string>916C61FE-F973-9C77-D65FD2BCB3C242D0</string><string>916C6194-A901-09DB-C890960024454960,916C620C-093C-B1C7-0F62BFDF1E8A3649</string><string>916C6194-A901-09DB-C890960024454960,916C6221-94B7-2ACE-D015DCAB746909FA</string><string>916C6194-A901-09DB-C890960024454960,916C6232-DC1A-EF8E-953A24E935E13134</string><string>916C6194-A901-09DB-C890960024454960,916C624E-DDC0-8B6F-4ADFC67D514C555D</string></field><field name='REMOTEID'><null/><null/><null/><null/><null/><null/><null/><null/><null/><null/><null/><null/><null/></field><field name='REMOTESOURCEURL'><null/><null/><null/><null/><null/><null/><null/><null/><null/><null/><null/><null/><null/></field><field name='REMOTEPUBDATE'><null/><null/><null/><null/><null/><null/><null/><null/><null/><null/><null/><null/><null/></field><field name='URLTITLE'><string>local-news</string><string>weather</string><string>mura-cms-training</string><string>arts-culture</string><string>muracon</string><string>news-categories</string><string>business</string><string>world-news</string><string>event-categories</string><string>technology</string><string>politics</string><string>opinion</string><string>health-science</string></field><field name='FILENAME'><string>news-categories/local-news</string><string>news-categories/weather</string><string>event-categories/mura-cms-training</string><string>news-categories/arts-culture</string><string>event-categories/muracon</string><string>news-categories</string><string>news-categories/business</string><string>news-categories/world-news</string><string>event-categories</string><string>news-categories/technology</string><string>news-categories/politics</string><string>news-categories/opinion</string><string>news-categories/health-science</string></field><field name='ISFEATUREABLE'><number>0.0</number><number>1.0</number><number>0.0</number><number>0.0</number><number>1.0</number><number>0.0</number><number>0.0</number><number>0.0</number><number>0.0</number><number>0.0</number><number>0.0</number><number>0.0</number><number>0.0</number></field></recordset></data></wddxPacket>
