<wddxPacket version='1.0'><header/><data><recordset rowCount='17' fieldNames='FILEID,CONTENTID,SITEID,MODULEID,FILENAME,IMAGE,IMAGESMALL,IMAGEMEDIUM,FILESIZE,CONTENTTYPE,CONTENTSUBTYPE,FILEEXT,CREATED,DELETED,CAPTION,CREDITS,ALTTEXT,REMOTEID,REMOTEURL,REMOTEPUBDATE,REMOTESOURCE,REMOTESOURCEURL,EXIF' type='coldfusion.sql.QueryTable'><field name='FILEID'><string>916C3ABB-BE4C-ED24-106D7F06A32360B9</string><string>916C3AFF-B55A-E0B4-74E159560C76C1C3</string><string>916C3B80-E3DD-7080-12A59AF1BE02D1C6</string><string>916C47FE-F831-314C-463D7B4C5B9E7669</string><string>916C487A-ED23-6CC5-F09C30B55F565231</string><string>916C48BD-905F-E816-D2439A3A93605D57</string><string>916C48E6-B320-0A9D-DBD490475E05F3C3</string><string>916C491A-CA34-D003-04789A567C85149C</string><string>916C4AE3-9ECA-EC2A-99A1E29A7CC57395</string><string>916C4C56-CF3D-6B45-C75514EFD727998B</string><string>916C4CB8-0C08-1F52-F03EDEF9EB3A259D</string><string>916C4CDC-EF24-3002-C8A1381A3C1A1601</string><string>916C4D18-F43B-6A82-A72021E67A995FE5</string><string>916C4D46-DBBF-B605-3F1F143F86693923</string><string>916C4D79-EF66-E7C0-BCAC98286EE821A1</string><string>916C4DA4-F51D-AB81-EEF5BBC72E5C9DE9</string><string>916C4E18-C920-344F-FDF3E958E4BCAA64</string></field><field name='CONTENTID'><string>916C3AB0-EA5F-C5EB-A54D0BC8854256A8</string><string>916C3AEE-A177-AF10-05A3AAD2F338AF53</string><string>916C3B72-B3E5-AF7C-314A3BB79967D5FA</string><string>916C481A-FEEF-9C83-8F952E423E13C74E</string><string>916C4870-B055-52E6-E2BBF37D720B9BF5</string><string>916C48A9-AA77-A3B0-B78410AED759EBCE</string><string>916C48DB-FC09-C535-6A01E25B4DE2416F</string><string>916C490E-C048-D252-FBFE533AD56341B8</string><string>916C4AD7-FCDA-4D87-B3780E46A77311F5</string><string>916C4C4B-9C47-9C6A-673894DF45983494</string><string>916C4CAE-AD65-7A90-8C6CF25A1573D496</string><string>916C4CD2-BA9A-2FC2-841B14C825845A67</string><string>916C4D0B-CD41-43CB-CAD7BD80F4B57CA1</string><string>916C4D39-B340-7D50-585BC126CDF468CD</string><string>916C4D6F-D128-67B9-0406205CFF2E41D2</string><string>916C4D9A-F12E-E231-F4E81EF56B282753</string><string>916C4E0D-FE5D-B369-AD5DEE1E8BDB62CF</string></field><field name='SITEID'><string>zerofour</string><string>zerofour</string><string>zerofour</string><string>zerofour</string><string>zerofour</string><string>zerofour</string><string>zerofour</string><string>zerofour</string><string>zerofour</string><string>zerofour</string><string>zerofour</string><string>zerofour</string><string>zerofour</string><string>zerofour</string><string>zerofour</string><string>zerofour</string><string>zerofour</string></field><field name='MODULEID'><string>00000000000000000000000000000000000</string><string>00000000000000000000000000000000000</string><string>00000000000000000000000000000000000</string><string>00000000000000000000000000000000000</string><string>00000000000000000000000000000000000</string><string>00000000000000000000000000000000000</string><string>00000000000000000000000000000000000</string><string>00000000000000000000000000000000000</string><string>00000000000000000000000000000000000</string><string>00000000000000000000000000000000000</string><string>00000000000000000000000000000000000</string><string>00000000000000000000000000000000000</string><string>00000000000000000000000000000000000</string><string>00000000000000000000000000000000000</string><string>00000000000000000000000000000000000</string><string>00000000000000000000000000000000000</string><string>00000000000000000000000000000000000</string></field><field name='FILENAME'><string>955A12E0-9E5E-48BA-922600A519E7A314_source.jpg</string><string>A311A76D-F2D9-463D-A26655599CF16982_source.jpg</string><string>C97D5C19-7965-49DC-AA47DEF85C7BDF07_source.jpg</string><string>sample-annual-report.pdf</string><string>61DFDEB1-45D8-4645-938727BD03E382B0_source.jpg</string><string>30BA5898-1490-4C2E-99A7634A7A9DCDC2_source.jpg</string><string>62A8772C-9CE4-4128-84F5CB790A079761_source.jpg</string><string>5F93A4B4-7E64-440F-9604D2BAF365864B_source.jpg</string><string>28A5C6D3-A318-4A18-B80ED3277FD0439E_source.jpg</string><string>3FD8FA3B-57C5-4202-B9F03C776E8DD778_source.jpg</string><string>pic05.jpg</string><string>pic06.jpg</string><string>pic04.jpg</string><string>pic07.jpg</string><string>pic02.jpg</string><string>pic03.jpg</string><string>pic01.jpg</string></field><field name='IMAGE'><null/><null/><null/><null/><null/><null/><null/><null/><null/><null/><null/><null/><null/><null/><null/><null/><null/></field><field name='IMAGESMALL'><null/><null/><null/><null/><null/><null/><null/><null/><null/><null/><null/><null/><null/><null/><null/><null/><null/></field><field name='IMAGEMEDIUM'><null/><null/><null/><null/><null/><null/><null/><null/><null/><null/><null/><null/><null/><null/><null/><null/><null/></field><field name='FILESIZE'><number>1071255.0</number><number>473493.0</number><number>506108.0</number><number>20318.0</number><number>4245010.0</number><number>3791376.0</number><number>4090658.0</number><number>4597525.0</number><number>777056.0</number><number>456354.0</number><number>22196.0</number><number>25082.0</number><number>10341.0</number><number>16893.0</number><number>59070.0</number><number>49780.0</number><number>32879.0</number></field><field name='CONTENTTYPE'><string>image</string><string>image</string><string>image</string><string>application</string><string>image</string><string>image</string><string>image</string><string>image</string><string>image</string><string>image</string><string>image</string><string>image</string><string>image</string><string>image</string><string>image</string><string>image</string><string>image</string></field><field name='CONTENTSUBTYPE'><string>jpeg</string><string>jpeg</string><string>jpeg</string><string>pdf</string><string>jpeg</string><string>jpeg</string><string>jpeg</string><string>jpeg</string><string>jpeg</string><string>jpeg</string><string>jpeg</string><string>jpeg</string><string>jpeg</string><string>jpeg</string><string>jpeg</string><string>jpeg</string><string>jpeg</string></field><field name='FILEEXT'><string>jpg</string><string>jpg</string><string>jpg</string><string>pdf</string><string>jpg</string><string>jpg</string><string>jpg</string><string>jpg</string><string>jpg</string><string>jpg</string><string>jpg</string><string>jpg</string><string>jpg</string><string>jpg</string><string>jpg</string><string>jpg</string><string>jpg</string></field><field name='CREATED'><dateTime>2013-09-25T21:44:28+00:00</dateTime><dateTime>2013-09-25T21:48:37+00:00</dateTime><dateTime>2013-09-25T21:26:34+00:00</dateTime><dateTime>2012-11-27T19:22:32+00:00</dateTime><dateTime>2013-09-25T20:51:50+00:00</dateTime><dateTime>2013-09-25T20:54:05+00:00</dateTime><dateTime>2013-09-25T20:55:17+00:00</dateTime><dateTime>2013-09-25T20:58:32+00:00</dateTime><dateTime>2013-09-25T21:25:33+00:00</dateTime><dateTime>2013-09-25T21:49:16+00:00</dateTime><dateTime>2014-02-14T19:47:58+00:00</dateTime><dateTime>2014-02-14T19:48:40+00:00</dateTime><dateTime>2014-02-14T19:45:48+00:00</dateTime><dateTime>2014-02-14T19:35:12+00:00</dateTime><dateTime>2014-02-14T18:27:18+00:00</dateTime><dateTime>2014-02-14T18:29:05+00:00</dateTime><dateTime>2014-02-21T14:08:50+00:00</dateTime></field><field name='DELETED'><null/><null/><null/><null/><null/><null/><null/><null/><null/><null/><null/><null/><null/><null/><null/><null/><null/></field><field name='CAPTION'><string>&lt;p&gt;Lorem ipsum dolor sit amet, consectetur adipiscing elit. Praesent suscipit iaculis libero sed tristique. Quisque mollis dolor non tellus placerat vitae sodales lectus porta. Curabitur ut suscipit tellus.&lt;/p&gt;</string><string>&lt;p&gt;Lorem ipsum dolor sit amet, consectetur adipiscing elit. Praesent suscipit iaculis libero sed tristique. Quisque mollis dolor non tellus placerat vitae sodales lectus porta. Curabitur ut suscipit tellus.&lt;/p&gt;</string><string>&lt;p&gt;Lorem ipsum dolor sit amet, consectetur adipiscing elit. Praesent suscipit iaculis libero sed tristique. Quisque mollis dolor non tellus placerat vitae sodales lectus porta. Curabitur ut suscipit tellus.&lt;/p&gt;</string><null/><null/><null/><null/><null/><string>&lt;p&gt;Lorem ipsum dolor sit amet, consectetur adipiscing elit. Praesent suscipit iaculis libero sed tristique. Quisque mollis dolor non tellus placerat vitae sodales lectus porta. Curabitur ut suscipit tellus.&lt;/p&gt;</string><string>&lt;p&gt;Lorem ipsum dolor sit amet, consectetur adipiscing elit. Praesent suscipit iaculis libero sed tristique. Quisque mollis dolor non tellus placerat vitae sodales lectus porta. Curabitur ut suscipit tellus.&lt;/p&gt;</string><null/><null/><null/><null/><null/><null/><null/></field><field name='CREDITS'><null/><null/><null/><null/><null/><null/><null/><null/><null/><null/><null/><null/><null/><null/><null/><null/><null/></field><field name='ALTTEXT'><null/><null/><null/><null/><null/><null/><null/><null/><null/><null/><null/><null/><null/><null/><null/><null/><null/></field><field name='REMOTEID'><null/><null/><null/><null/><null/><null/><null/><null/><null/><null/><null/><null/><null/><null/><null/><null/><null/></field><field name='REMOTEURL'><null/><null/><null/><null/><null/><null/><null/><null/><null/><null/><null/><null/><null/><null/><null/><null/><null/></field><field name='REMOTEPUBDATE'><dateTime>2013-09-25T21:44:35+00:00</dateTime><dateTime>2013-09-25T21:48:45+00:00</dateTime><dateTime>2013-09-25T21:26:42+00:00</dateTime><null/><dateTime>2013-09-25T20:52:04+00:00</dateTime><dateTime>2013-09-25T20:54:17+00:00</dateTime><dateTime>2013-09-25T20:55:33+00:00</dateTime><dateTime>2013-09-25T20:58:46+00:00</dateTime><dateTime>2013-09-25T21:25:40+00:00</dateTime><dateTime>2013-09-25T21:49:23+00:00</dateTime><dateTime>2014-02-14T19:47:58+00:00</dateTime><dateTime>2014-02-14T19:48:40+00:00</dateTime><dateTime>2014-02-14T19:45:49+00:00</dateTime><dateTime>2014-02-14T19:35:12+00:00</dateTime><dateTime>2014-02-14T18:27:18+00:00</dateTime><dateTime>2014-02-14T18:29:05+00:00</dateTime><dateTime>2014-02-21T14:08:52+00:00</dateTime></field><field name='REMOTESOURCE'><null/><null/><null/><null/><null/><null/><null/><null/><null/><null/><null/><null/><null/><null/><null/><null/><null/></field><field name='REMOTESOURCEURL'><null/><null/><null/><null/><null/><null/><null/><null/><null/><null/><null/><null/><null/><null/><null/><null/><null/></field><field name='EXIF'><null/><null/><null/><null/><null/><null/><null/><null/><null/><null/><null/><null/><null/><null/><null/><null/><null/></field></recordset></data></wddxPacket>
