<wddxPacket version='1.0'><header/><data><recordset rowCount='26' fieldNames='CONTENTHISTID,OBJECTID,OBJECT,CONTENTID,NAME,ORDERNO,SITEID,COLUMNID,PARAMS' type='coldfusion.sql.QueryTable'><field name='CONTENTHISTID'><string>916C39EE-ECE1-0EF7-86540E971051135B</string><string>916C3A2A-A5DB-6EF1-C9DACAC1C6C61E0E</string><string>916C3BA5-03BD-688F-3437F3796D34C00D</string><string>916C3BA5-03BD-688F-3437F3796D34C00D</string><string>916C4A29-05CC-9532-D91F8655DF9D7959</string><string>916C4A29-05CC-9532-D91F8655DF9D7959</string><string>916C4A29-05CC-9532-D91F8655DF9D7959</string><string>916C4AB0-93E8-7E74-D00E30798573E3CA</string><string>916C4AB0-93E8-7E74-D00E30798573E3CA</string><string>916C4B6F-C47D-AC2C-786D329B6751895E</string><string>916C4B6F-C47D-AC2C-786D329B6751895E</string><string>916C4B6F-C47D-AC2C-786D329B6751895E</string><string>916C4F06-C101-D3E9-CDBA7B982C549B71</string><string>916C4F06-C101-D3E9-CDBA7B982C549B71</string><string>916C4F06-C101-D3E9-CDBA7B982C549B71</string><string>916C4F06-C101-D3E9-CDBA7B982C549B71</string><string>916C4F06-C101-D3E9-CDBA7B982C549B71</string><string>916C4F06-C101-D3E9-CDBA7B982C549B71</string><string>916C4F06-C101-D3E9-CDBA7B982C549B71</string><string>916C4F06-C101-D3E9-CDBA7B982C549B71</string><string>916C4F06-C101-D3E9-CDBA7B982C549B71</string><string>916C4F72-E55B-6FEB-0349992EA356D6D0</string><string>916C4F72-E55B-6FEB-0349992EA356D6D0</string><string>916C4F72-E55B-6FEB-0349992EA356D6D0</string><string>916C4F72-E55B-6FEB-0349992EA356D6D0</string><string>916C4F72-E55B-6FEB-0349992EA356D6D0</string></field><field name='OBJECTID'><string>916C507C-B107-3374-39213EE10FD1A560</string><string>916C50F7-F45E-06A4-F3495816FBDCA5A1</string><string>916C39A9-0BE1-D6F4-082946C57553E96E</string><string>916C4B0D-F96E-8BBC-7B2F6F69DF85F554</string><string>916C4B96-0E51-BE86-90146111DC00E16C</string><string>916C50A9-E92C-FE22-60C1F0270EB9AA78</string><string>916C50CA-A9FE-5CA6-154DF7A3857654D5</string><string>916C4BC2-AE7C-64C4-B43D3F43E4EBE29A</string><string>916C4BF0-FC79-403D-2B897F86BCC30188</string><string>916C4B96-0E51-BE86-90146111DC00E16C</string><string>916C4BC2-AE7C-64C4-B43D3F43E4EBE29A</string><string>916C52CF-A214-DA37-5705E6B3AA22DAB3</string><string>916C3A92-E0B9-B519-7991E9929126481B</string><string>916C3A92-E0B9-B519-7991E9929126481B</string><string>916C3A92-E0B9-B519-7991E9929126481B</string><string>916C3A92-E0B9-B519-7991E9929126481B</string><string>916C5142-0FF8-F7D7-F28162E2509952BD</string><string>916C514F-084E-3E8B-46E0146025631FC8</string><string>916C515D-B135-0A87-9E17FB81E0C16AD0</string><string>916C51B4-097E-499A-C35FF9545388A285</string><string>916C51C8-BC14-E1C9-7DA4E9AE6392BBAB</string><string>916C3B41-B38E-7B3E-472638C4C3784B73</string><string>916C3B41-B38E-7B3E-472638C4C3784B73</string><string>916C3B41-B38E-7B3E-472638C4C3784B73</string><string>916C514F-084E-3E8B-46E0146025631FC8</string><string>916C525B-9154-911E-6D206ABB3678EC7B</string></field><field name='OBJECT'><string>site_map</string><string>site_map</string><string>form</string><string>Component</string><string>Component</string><string>standard_nav</string><string>user_tools</string><string>Component</string><string>Component</string><string>Component</string><string>Component</string><string>standard_nav</string><string>archive_nav</string><string>archive_nav</string><string>calendar_nav</string><string>calendar_nav</string><string>tag_cloud</string><string>comments</string><string>tag_cloud</string><string>rater</string><string>rater</string><string>archive_nav</string><string>calendar_nav</string><string>category_summary</string><string>comments</string><string>rater</string></field><field name='CONTENTID'><string>916C39EF-A7B5-47C7-63579199926C1FCB</string><string>916C3A2B-AF10-746B-256E7B5EAF800FF9</string><string>916C3BA6-FCCD-BE5B-0235A11C1C5B9670</string><string>916C3BA6-FCCD-BE5B-0235A11C1C5B9670</string><string>916C4A2A-C6D3-0BAC-E7576477E356CA7C</string><string>916C4A2A-C6D3-0BAC-E7576477E356CA7C</string><string>916C4A2A-C6D3-0BAC-E7576477E356CA7C</string><string>916C4AB2-A438-1AEC-0B795DF2DC658147</string><string>916C4AB2-A438-1AEC-0B795DF2DC658147</string><string>916C47C0-9734-F086-F40E456C4ED49060</string><string>916C47C0-9734-F086-F40E456C4ED49060</string><string>916C47C0-9734-F086-F40E456C4ED49060</string><string>916C3A92-E0B9-B519-7991E9929126481B</string><string>916C3A92-E0B9-B519-7991E9929126481B</string><string>916C3A92-E0B9-B519-7991E9929126481B</string><string>916C3A92-E0B9-B519-7991E9929126481B</string><string>916C3A92-E0B9-B519-7991E9929126481B</string><string>916C3A92-E0B9-B519-7991E9929126481B</string><string>916C3A92-E0B9-B519-7991E9929126481B</string><string>916C3A92-E0B9-B519-7991E9929126481B</string><string>916C3A92-E0B9-B519-7991E9929126481B</string><string>916C3B41-B38E-7B3E-472638C4C3784B73</string><string>916C3B41-B38E-7B3E-472638C4C3784B73</string><string>916C3B41-B38E-7B3E-472638C4C3784B73</string><string>916C3B41-B38E-7B3E-472638C4C3784B73</string><string>916C3B41-B38E-7B3E-472638C4C3784B73</string></field><field name='NAME'><string>Site Map</string><string>Site Map</string><string>Data Collector - Information Request Form</string><string>Component - Contact Details</string><string>Component - [ Nav ] Section Title</string><string>Standard Navigation</string><string>User Tools</string><string>Component - [ Sidebar ] With Heading And Button</string><string>Component - [ Sidebar ] Another Sidebar With Heading And Link</string><string>Component - [ Nav ] Section Title</string><string>Component - [ Sidebar ] With Heading And Button</string><string>Standard Navigation</string><string>Home &gt; Blog  - Archive Navigation</string><string>Home &gt; Blog  - Archive Navigation</string><string>Home &gt; Blog  - Calendar Navigation</string><string>Home &gt; Blog  - Calendar Navigation</string><string>Tag Cloud</string><string>Accept Comments</string><string>Tag Cloud</string><string>Content Rater</string><string>Content Rater</string><string>Home &gt; News  - Archive Navigation</string><string>Home &gt; News  - Calendar Navigation</string><string>News - Category Summary</string><string>Accept Comments</string><string>Content Rater</string></field><field name='ORDERNO'><number>1.0</number><number>1.0</number><number>1.0</number><number>1.0</number><number>1.0</number><number>2.0</number><number>3.0</number><number>1.0</number><number>2.0</number><number>1.0</number><number>3.0</number><number>2.0</number><number>3.0</number><number>3.0</number><number>2.0</number><number>2.0</number><number>4.0</number><number>1.0</number><number>4.0</number><number>1.0</number><number>1.0</number><number>3.0</number><number>2.0</number><number>4.0</number><number>1.0</number><number>1.0</number></field><field name='SITEID'><string>zerofour</string><string>zerofour</string><string>zerofour</string><string>zerofour</string><string>zerofour</string><string>zerofour</string><string>zerofour</string><string>zerofour</string><string>zerofour</string><string>zerofour</string><string>zerofour</string><string>zerofour</string><string>zerofour</string><string>zerofour</string><string>zerofour</string><string>zerofour</string><string>zerofour</string><string>zerofour</string><string>zerofour</string><string>zerofour</string><string>zerofour</string><string>zerofour</string><string>zerofour</string><string>zerofour</string><string>zerofour</string><string>zerofour</string></field><field name='COLUMNID'><number>2.0</number><number>2.0</number><number>2.0</number><number>3.0</number><number>1.0</number><number>1.0</number><number>1.0</number><number>3.0</number><number>3.0</number><number>1.0</number><number>1.0</number><number>1.0</number><number>1.0</number><number>3.0</number><number>1.0</number><number>3.0</number><number>3.0</number><number>2.0</number><number>1.0</number><number>3.0</number><number>1.0</number><number>3.0</number><number>3.0</number><number>3.0</number><number>2.0</number><number>3.0</number></field><field name='PARAMS'><null/><null/><null/><null/><null/><null/><null/><null/><null/><null/><null/><null/><null/><null/><null/><null/><null/><null/><null/><null/><null/><null/><null/><string>{"displayRSS":0}</string><null/><null/></field></recordset></data></wddxPacket>
