<wddxPacket version='1.0'><header/><data><recordset rowCount='6' fieldNames='SIZEID,SITEID,NAME,HEIGHT,WIDTH' type='coldfusion.sql.QueryTable'><field name='SIZEID'><string>916C62AE-9663-8058-B3B83E9D92A40EBA</string><string>916C62C9-B183-3FFB-B946803939B0EBC9</string><string>916C62D7-95EF-8E86-6278EB2E46A84D5A</string><string>916C62E2-0E57-643C-4D56BD62572AA9BB</string><string>916C62EC-02CD-E6F2-09D67B178DB30B09</string><string>916C62F6-EEB1-E2E5-70DE21C434D628BF</string></field><field name='SITEID'><string>zerofour</string><string>zerofour</string><string>zerofour</string><string>zerofour</string><string>zerofour</string><string>zerofour</string></field><field name='NAME'><string>homefeature1image</string><string>bodyimage</string><string>carouselimage</string><string>headerbackgroundimage</string><string>homespotlightimage</string><string>homefeature2image</string></field><field name='HEIGHT'><string>217</string><string>294</string><string>500</string><string>651</string><string>168</string><string>167</string></field><field name='WIDTH'><string>367</string><string>783</string><string>1200</string><string>1400</string><string>367</string><string>180</string></field></recordset></data></wddxPacket>
