<wddxPacket version='1.0'><header/><data><recordset rowCount='4' fieldNames='FEEDID,ITEMID,TYPE' type='coldfusion.sql.QueryTable'><field name='FEEDID'><string>916C6310-029C-A5D3-A80C81D691EF5C88</string><string>916C6330-0FCB-686F-AA0A57E854523C06</string><string>916C6354-0B03-FF59-31F227D8B6E478C2</string><string>916C6354-0B03-FF59-31F227D8B6E478C2</string></field><field name='ITEMID'><string>916C3B41-B38E-7B3E-472638C4C3784B73</string><string>916C3A92-E0B9-B519-7991E9929126481B</string><string>916C3A92-E0B9-B519-7991E9929126481B</string><string>916C3B41-B38E-7B3E-472638C4C3784B73</string></field><field name='TYPE'><string>contentID</string><string>contentID</string><string>contentID</string><string>contentID</string></field></recordset></data></wddxPacket>
