<wddxPacket version='1.0'><header/><data><recordset rowCount='14' fieldNames='TAGID,CONTENTID,CONTENTHISTID,SITEID,TAG,TAGGROUP' type='coldfusion.sql.QueryTable'><field name='TAGID'><number>51.0</number><number>52.0</number><number>53.0</number><number>54.0</number><number>55.0</number><number>56.0</number><number>57.0</number><number>58.0</number><number>59.0</number><number>60.0</number><number>61.0</number><number>62.0</number><number>63.0</number><number>64.0</number></field><field name='CONTENTID'><string>916C3A7F-ADFC-D991-610996DCEF89B98E</string><string>916C3A7F-ADFC-D991-610996DCEF89B98E</string><string>916C3AB0-EA5F-C5EB-A54D0BC8854256A8</string><string>916C3AB0-EA5F-C5EB-A54D0BC8854256A8</string><string>916C3AEE-A177-AF10-05A3AAD2F338AF53</string><string>916C3AEE-A177-AF10-05A3AAD2F338AF53</string><string>916C4C4B-9C47-9C6A-673894DF45983494</string><string>916C4C4B-9C47-9C6A-673894DF45983494</string><string>916C4CAE-AD65-7A90-8C6CF25A1573D496</string><string>916C4CAE-AD65-7A90-8C6CF25A1573D496</string><string>916C4CD2-BA9A-2FC2-841B14C825845A67</string><string>916C4CD2-BA9A-2FC2-841B14C825845A67</string><string>916C4D0B-CD41-43CB-CAD7BD80F4B57CA1</string><string>916C4D0B-CD41-43CB-CAD7BD80F4B57CA1</string></field><field name='CONTENTHISTID'><string>916C3A7E-D6F0-23A5-3E854A0D26CB6339</string><string>916C3A7E-D6F0-23A5-3E854A0D26CB6339</string><string>916C3AAF-CE13-987C-34CBDE6222716257</string><string>916C3AAF-CE13-987C-34CBDE6222716257</string><string>916C3AED-9F41-4242-C4DB15A1659D0DC8</string><string>916C3AED-9F41-4242-C4DB15A1659D0DC8</string><string>916C4C4A-C1EF-44AE-B6B7415A8E59B5E6</string><string>916C4C4A-C1EF-44AE-B6B7415A8E59B5E6</string><string>916C4CAC-B20C-288B-93A9B914ED5D9418</string><string>916C4CAC-B20C-288B-93A9B914ED5D9418</string><string>916C4CD1-B928-277D-63BB825A282AEBB2</string><string>916C4CD1-B928-277D-63BB825A282AEBB2</string><string>916C4D0A-E630-1AFB-7A8EFD6E58697F4A</string><string>916C4D0A-E630-1AFB-7A8EFD6E58697F4A</string></field><field name='SITEID'><string>zerofour</string><string>zerofour</string><string>zerofour</string><string>zerofour</string><string>zerofour</string><string>zerofour</string><string>zerofour</string><string>zerofour</string><string>zerofour</string><string>zerofour</string><string>zerofour</string><string>zerofour</string><string>zerofour</string><string>zerofour</string></field><field name='TAG'><string>home</string><string>sports</string><string>home</string><string>music</string><string>music</string><string>home</string><string>running</string><string>sports</string><string>home</string><string>sports</string><string>home</string><string>sports</string><string>home</string><string>sports</string></field><field name='TAGGROUP'><null/><null/><null/><null/><null/><null/><null/><null/><null/><null/><null/><null/><null/><null/></field></recordset></data></wddxPacket>
