<wddxPacket version='1.0'><header/><data><recordset rowCount='1' fieldNames='CONTENTHISTID,RELATEDID,CONTENTID,SITEID,RELATEDCONTENTSETID,ORDERNO,RELATEDCONTENTID' type='coldfusion.sql.QueryTable'><field name='CONTENTHISTID'><string>916C4B6F-C47D-AC2C-786D329B6751895E</string></field><field name='RELATEDID'><string>00000000000000000000000000000000001</string></field><field name='CONTENTID'><string>916C47C0-9734-F086-F40E456C4ED49060</string></field><field name='SITEID'><string>zerofour</string></field><field name='RELATEDCONTENTSETID'><string>00000000000000000000000000000000000</string></field><field name='ORDERNO'><number>1.0</number></field><field name='RELATEDCONTENTID'><number>28.0</number></field></recordset></data></wddxPacket>
