<wddxPacket version='1.0'><header/><data><recordset rowCount='3' fieldNames='PARAMID,FEEDID,PARAM,RELATIONSHIP,FIELD,CONDITION,CRITERIA,DATATYPE' type='coldfusion.sql.QueryTable'><field name='PARAMID'><string>916C63D5-EBC6-387A-88DE11512F84520D</string><string>916C63F5-DF55-9511-1585B214270A7697</string><string>916C6459-BBE6-9B77-91A229BD85D892F4</string></field><field name='FEEDID'><string>916C6330-0FCB-686F-AA0A57E854523C06</string><string>916C6354-0B03-FF59-31F227D8B6E478C2</string><string>916C6310-029C-A5D3-A80C81D691EF5C88</string></field><field name='PARAM'><number>1.0</number><number>1.0</number><number>1.0</number></field><field name='RELATIONSHIP'><string>and</string><string>and</string><string>and</string></field><field name='FIELD'><null/><null/><null/></field><field name='CONDITION'><string>Equals</string><string>Equals</string><string>Equals</string></field><field name='CRITERIA'><null/><null/><null/></field><field name='DATATYPE'><null/><null/><null/></field></recordset></data></wddxPacket>
