<wddxPacket version='1.0'><header/><data><recordset rowCount='41' fieldNames='ATTRIBUTEID,EXTENDSETID,SITEID,NAME,LABEL,HINT,TYPE,ORDERNO,ISACTIVE,REQUIRED,VALIDATION,REGEX,MESSAGE,DEFAULTVALUE,OPTIONLIST,OPTIONLABELLIST,ADMINONLY' type='coldfusion.sql.QueryTable'><field name='ATTRIBUTEID'><number>296.0</number><number>297.0</number><number>298.0</number><number>299.0</number><number>300.0</number><number>301.0</number><number>302.0</number><number>303.0</number><number>304.0</number><number>284.0</number><number>285.0</number><number>286.0</number><number>287.0</number><number>288.0</number><number>289.0</number><number>290.0</number><number>291.0</number><number>292.0</number><number>293.0</number><number>294.0</number><number>295.0</number><number>279.0</number><number>280.0</number><number>281.0</number><number>282.0</number><number>283.0</number><number>305.0</number><number>306.0</number><number>307.0</number><number>308.0</number><number>313.0</number><number>314.0</number><number>315.0</number><number>316.0</number><number>317.0</number><number>318.0</number><number>319.0</number><number>309.0</number><number>310.0</number><number>311.0</number><number>312.0</number></field><field name='EXTENDSETID'><string>916C7795-D7D1-8EFD-BABBBE53E54F0A8B</string><string>916C7795-D7D1-8EFD-BABBBE53E54F0A8B</string><string>916C77B7-06EA-59E0-92B359F8C164D8D2</string><string>916C77B7-06EA-59E0-92B359F8C164D8D2</string><string>916C77B7-06EA-59E0-92B359F8C164D8D2</string><string>916C77B7-06EA-59E0-92B359F8C164D8D2</string><string>916C77B7-06EA-59E0-92B359F8C164D8D2</string><string>916C77B7-06EA-59E0-92B359F8C164D8D2</string><string>916C77B7-06EA-59E0-92B359F8C164D8D2</string><string>916C77DC-9128-551A-A823C385F22C3482</string><string>916C77DC-9128-551A-A823C385F22C3482</string><string>916C77DC-9128-551A-A823C385F22C3482</string><string>916C77DC-9128-551A-A823C385F22C3482</string><string>916C77DC-9128-551A-A823C385F22C3482</string><string>916C77DC-9128-551A-A823C385F22C3482</string><string>916C77DC-9128-551A-A823C385F22C3482</string><string>916C77F1-C5F9-3029-75E6D20C095274F6</string><string>916C77F1-C5F9-3029-75E6D20C095274F6</string><string>916C77F1-C5F9-3029-75E6D20C095274F6</string><string>916C77F1-C5F9-3029-75E6D20C095274F6</string><string>916C77F1-C5F9-3029-75E6D20C095274F6</string><string>916C7803-AD0A-01EC-C6D78976126AE78D</string><string>916C7803-AD0A-01EC-C6D78976126AE78D</string><string>916C7803-AD0A-01EC-C6D78976126AE78D</string><string>916C7803-AD0A-01EC-C6D78976126AE78D</string><string>916C7803-AD0A-01EC-C6D78976126AE78D</string><string>916C7815-018C-F1EE-AD95583AEE3D026C</string><string>916C7815-018C-F1EE-AD95583AEE3D026C</string><string>916C7815-018C-F1EE-AD95583AEE3D026C</string><string>916C7815-018C-F1EE-AD95583AEE3D026C</string><string>916C7828-9CA1-FDF3-B64F044A42CA9B19</string><string>916C7828-9CA1-FDF3-B64F044A42CA9B19</string><string>916C7828-9CA1-FDF3-B64F044A42CA9B19</string><string>916C7828-9CA1-FDF3-B64F044A42CA9B19</string><string>916C7828-9CA1-FDF3-B64F044A42CA9B19</string><string>916C7828-9CA1-FDF3-B64F044A42CA9B19</string><string>916C7828-9CA1-FDF3-B64F044A42CA9B19</string><string>916C7852-AF07-D581-CA1376A76D7E905D</string><string>916C7852-AF07-D581-CA1376A76D7E905D</string><string>916C7852-AF07-D581-CA1376A76D7E905D</string><string>916C7852-AF07-D581-CA1376A76D7E905D</string></field><field name='SITEID'><string>zerofour</string><string>zerofour</string><string>zerofour</string><string>zerofour</string><string>zerofour</string><string>zerofour</string><string>zerofour</string><string>zerofour</string><string>zerofour</string><string>zerofour</string><string>zerofour</string><string>zerofour</string><string>zerofour</string><string>zerofour</string><string>zerofour</string><string>zerofour</string><string>zerofour</string><string>zerofour</string><string>zerofour</string><string>zerofour</string><string>zerofour</string><string>zerofour</string><string>zerofour</string><string>zerofour</string><string>zerofour</string><string>zerofour</string><string>zerofour</string><string>zerofour</string><string>zerofour</string><string>zerofour</string><string>zerofour</string><string>zerofour</string><string>zerofour</string><string>zerofour</string><string>zerofour</string><string>zerofour</string><string>zerofour</string><string>zerofour</string><string>zerofour</string><string>zerofour</string><string>zerofour</string></field><field name='NAME'><string>spotlightFeed</string><string>spotlightSortBy</string><string>homeFeature2RightHeading</string><string>homeFeature2RightSubheading</string><string>homeFeature2RightBody</string><string>homeFeature2RightButtonText</string><string>homeFeature2RightButtonLink</string><string>homeFeature2RightButtonIcon</string><string>homeFeature2RightButtonStyle</string><string>homeFeature2LeftHeading</string><string>homeFeature2LeftSubheading</string><string>homeFeature2LeftBody</string><string>homeFeature2LeftButtonText</string><string>homeFeature2LeftButtonLink</string><string>homeFeature2LeftButtonIcon</string><string>homeFeature2LeftButtonStyle</string><string>compHeading</string><string>compButtonLinkHref</string><string>compButtonLinkText</string><string>compButtonIcon</string><string>compButtonStyle</string><string>rssFeedHeading</string><string>rssFeedLink</string><string>rssFeedShowSummary</string><string>rssFeedShowPubDate</string><string>rssFeedMaxItems</string><string>articleListHeading</string><string>articleListFeed</string><string>articleListShowImage</string><string>articleListMaxItems</string><string>homeHeaderHeading</string><string>homeHeaderSubheading</string><string>homeHeaderButtonText</string><string>homeHeaderButtonLink</string><string>homeHeaderButtonIcon</string><string>homeHeaderButtonStyle</string><string>headerBackgroundImage</string><string>homeFeature1Heading</string><string>homeFeature1Subheading</string><string>homeFeature1Feed</string><string>homeFeature1Body</string></field><field name='LABEL'><string>Spotlight Content Collection/Local Index Feed Name</string><string>Sort By</string><string>Feature 2 Right Heading</string><string>Feature 2 Right Subheading</string><string>Feature 2 Right Body</string><string>Feature 2 Right Button Text</string><string>Feature 2 Right Button Link</string><string>Feature 2 Right Button Icon Class</string><string>Feature 2 Right Button Style</string><string>Feature 2 Left Heading</string><string>Feature 2 Left Subheading</string><string>Feature 2 Left Body</string><string>Feature 2 Left Button Text</string><string>Feature 2 Left Button Link</string><string>Feature 2 Left Button Icon Class</string><string>Feature 2 Left Button Style</string><string>Heading</string><string>Button Link URL (including http://)</string><string>Button Link Text</string><string>Link Button Icon Class</string><string>Link Button Style</string><string>RSS Heading / Title</string><string>RSS Link URL (including http://)</string><string>Show Item Summary?</string><string>Show Item Publication Date?</string><string>Max Items To Display</string><string>Article List Heading/Title</string><string>Article Listing Content Collection/Local Index Feed Name</string><string>Show Associated Image?</string><string>Max Items To Display</string><string>Main Header Heading</string><string>Main Header Subheading</string><string>Subheading Button Text/Label</string><string>Subheading Button Link</string><string>Subheading Link Button Icon Class</string><string>Subheading Link Button Style</string><string>Header Background Image</string><string>Feature 1 Heading</string><string>Feature 1 Subheading</string><string>Feature 1 Content Collection/Local Index Feed Name</string><string>Feature 1 Body</string></field><field name='HINT'><string>Enter the name of the Local Content Collection/Index to use</string><null/><null/><null/><null/><null/><null/><string>Use any Font Awesome Icon Class (http://fontawesome.io/icons/)</string><string>Normal is blue, alternative is dark grey</string><null/><null/><null/><null/><null/><string>Use any Font Awesome Icon Class (http://fontawesome.io/icons/)</string><string>Normal is blue, alternative is dark grey</string><null/><string>Enter a URL if you wish to add a button below the content</string><string>Enter the button text to display if you wish to add a button below the content</string><string>Use any Font Awesome Icon Class (http://fontawesome.io/icons/)</string><string>Normal is blue, alternative is dark grey</string><null/><string>Enter the full URL to the RSS Feed</string><string>Each item's link and title will appear by default. Do you also wish to display the summary?</string><string>Each item's link and title will appear by default. Do you also wish to display the publication date?</string><null/><null/><string>Enter the name of the Local Content Collection/Index to use</string><null/><null/><null/><null/><null/><null/><string>Use any Font Awesome Icon Class (http://fontawesome.io/icons/)</string><string>Normal is blue, alternative is dark grey</string><string>This is the background image used throughout the site.</string><null/><null/><string>Enter the name of the Local Content Collection/Index to use to populate the Feature 1 area of the home page</string><string>Body/content to appear below feed</string></field><field name='TYPE'><string>selectbox</string><string>radiogroup</string><string>textbox</string><string>textbox</string><string>htmlEditor</string><string>textbox</string><string>textbox</string><string>textbox</string><string>radiogroup</string><string>textbox</string><string>textbox</string><string>htmleditor</string><string>textbox</string><string>textbox</string><string>textbox</string><string>radiogroup</string><string>textbox</string><string>textbox</string><string>textbox</string><string>textbox</string><string>radiogroup</string><string>textbox</string><string>textbox</string><string>radiogroup</string><string>radiogroup</string><string>selectbox</string><string>textbox</string><string>selectbox</string><string>radiogroup</string><string>selectbox</string><string>textbox</string><string>textbox</string><string>textbox</string><string>textbox</string><string>textbox</string><string>radiogroup</string><string>file</string><string>textbox</string><string>textbox</string><string>selectbox</string><string>htmleditor</string></field><field name='ORDERNO'><number>1.0</number><number>2.0</number><number>1.0</number><number>2.0</number><number>3.0</number><number>4.0</number><number>5.0</number><number>6.0</number><number>7.0</number><number>1.0</number><number>2.0</number><number>3.0</number><number>4.0</number><number>5.0</number><number>6.0</number><number>7.0</number><number>1.0</number><number>2.0</number><number>3.0</number><number>4.0</number><number>5.0</number><number>1.0</number><number>2.0</number><number>3.0</number><number>4.0</number><number>5.0</number><number>1.0</number><number>2.0</number><number>3.0</number><number>4.0</number><number>2.0</number><number>3.0</number><number>4.0</number><number>5.0</number><number>6.0</number><number>7.0</number><number>1.0</number><number>1.0</number><number>2.0</number><number>3.0</number><number>4.0</number></field><field name='ISACTIVE'><number>1.0</number><number>1.0</number><number>1.0</number><number>1.0</number><number>1.0</number><number>1.0</number><number>1.0</number><number>1.0</number><number>1.0</number><number>1.0</number><number>1.0</number><number>1.0</number><number>1.0</number><number>1.0</number><number>1.0</number><number>1.0</number><number>1.0</number><number>1.0</number><number>1.0</number><number>1.0</number><number>1.0</number><number>1.0</number><number>1.0</number><number>1.0</number><number>1.0</number><number>1.0</number><number>1.0</number><number>1.0</number><number>1.0</number><number>1.0</number><number>1.0</number><number>1.0</number><number>1.0</number><number>1.0</number><number>1.0</number><number>1.0</number><number>1.0</number><number>1.0</number><number>1.0</number><number>1.0</number><number>1.0</number></field><field name='REQUIRED'><string>false</string><string>false</string><string>false</string><string>false</string><string>false</string><string>false</string><string>false</string><string>false</string><string>false</string><string>false</string><string>false</string><string>false</string><string>false</string><string>false</string><string>false</string><string>false</string><string>false</string><string>false</string><string>false</string><string>false</string><string>false</string><string>false</string><string>true</string><string>false</string><string>false</string><string>false</string><string>false</string><string>false</string><string>false</string><string>false</string><string>false</string><string>false</string><string>false</string><string>false</string><string>false</string><string>false</string><string>false</string><string>false</string><string>false</string><string>false</string><string>false</string></field><field name='VALIDATION'><null/><null/><null/><null/><null/><null/><null/><null/><null/><null/><null/><null/><null/><null/><null/><null/><null/><null/><null/><null/><null/><null/><null/><null/><null/><null/><null/><null/><null/><null/><null/><null/><null/><null/><null/><null/><null/><null/><null/><null/><null/></field><field name='REGEX'><null/><null/><null/><null/><null/><null/><null/><null/><null/><null/><null/><null/><null/><null/><null/><null/><null/><null/><null/><null/><null/><null/><null/><null/><null/><null/><null/><null/><null/><null/><null/><null/><null/><null/><null/><null/><null/><null/><null/><null/><null/></field><field name='MESSAGE'><null/><null/><null/><null/><null/><null/><null/><null/><null/><null/><null/><null/><null/><null/><null/><null/><null/><null/><null/><null/><null/><null/><string>Please enter a RSS Link URL</string><null/><null/><null/><null/><null/><null/><null/><null/><null/><null/><null/><null/><null/><null/><null/><null/><null/><null/></field><field name='DEFAULTVALUE'><string>[mura]ListFirst($.getLocalFeedNames(), '^')[/mura]</string><string>random</string><null/><null/><null/><null/><null/><null/><string>normal</string><null/><null/><null/><null/><null/><null/><string>normal</string><null/><null/><null/><null/><string>normal</string><string>Mura CMS</string><string>http://www.getmura.com/tasks/feed/?feedID=91B4E7A5-37AC-466A-ACDF6ABFD95ACCBD</string><string>true</string><string>false</string><string>3</string><string>From The Blog</string><string>[mura]ListFirst($.getLocalFeedNames(), '^')[/mura]</string><string>true</string><string>3</string><null/><null/><null/><null/><null/><string>normal</string><null/><null/><null/><string>[mura]ListFirst($.getLocalFeedNames(), '^')[/mura]</string><null/></field><field name='OPTIONLIST'><string>[mura]$.getLocalFeedNames()[/mura]</string><string>random^releasedate</string><null/><null/><null/><null/><null/><null/><string>normal^alt</string><null/><null/><null/><null/><null/><null/><string>normal^alt</string><null/><null/><null/><null/><string>normal^alt</string><null/><null/><string>true^false</string><string>true^false</string><string>1^2^3^4^5^6^7^8^9^10</string><null/><string>[mura]$.getLocalFeedNames()[/mura]</string><string>true^false</string><string>1^2^3^4^5^6^7^8^9^10</string><null/><null/><null/><null/><null/><string>normal^alt</string><null/><null/><null/><string>[mura]$.getLocalFeedNames()[/mura]</string><null/></field><field name='OPTIONLABELLIST'><string>[mura]$.getLocalFeedNames()[/mura]</string><string>Random^Official Release Date</string><null/><null/><null/><null/><null/><null/><string>Normal^Alternative</string><null/><null/><null/><null/><null/><null/><string>Normal^Alternative</string><null/><null/><null/><null/><string>Normal^Alternative</string><null/><null/><string>Yes^No</string><string>Yes^No</string><string>1^2^3^4^5^6^7^8^9^10</string><null/><string>[mura]$.getLocalFeedNames()[/mura]</string><string>Yes^No</string><string>1^2^3^4^5^6^7^8^9^10</string><null/><null/><null/><null/><null/><string>Normal^Alternative</string><null/><null/><null/><string>[mura]$.getLocalFeedNames()[/mura]</string><null/></field><field name='ADMINONLY'><null/><null/><null/><null/><null/><null/><null/><null/><null/><null/><null/><null/><null/><null/><null/><null/><null/><null/><null/><null/><null/><null/><null/><null/><null/><null/><null/><null/><null/><null/><null/><null/><null/><null/><null/><null/><null/><null/><null/><null/><null/></field></recordset></data></wddxPacket>
