<wddxPacket version='1.0'><header/><data><recordset rowCount='2' fieldNames='MLID,SiteID,Name,Description,LastUpdate,isPurge,isPublic' type='coldfusion.sql.QueryTable'><field name='MLID'><string>EB302BE3-7231-4A26-A49F40DFFD33848A</string><string>33A73E6D-425A-4456-A2057089BCBEF64C</string></field><field name='SiteID'><string>zerofour</string><string>zerofour</string></field><field name='Name'><string>Master Do Not Email List</string><string>Sign Up for Our Mailing List</string></field><field name='Description'><string></string><string></string></field><field name='LastUpdate'><dateTime>2010-12-10T16:55:48+0:0</dateTime><dateTime>2013-9-27T3:54:7+0:0</dateTime></field><field name='isPurge'><number>1.0</number><number>0.0</number></field><field name='isPublic'><number>1.0</number><number>1.0</number></field></recordset></data></wddxPacket>
