<wddxPacket version='1.0'><header/><data><recordset rowCount='8' fieldNames='extendSetID,subTypeID,categoryID,siteID,name,orderno,isActive,container' type='coldfusion.sql.QueryTable'><field name='extendSetID'><string>5116E4A4-64FD-48EA-A39F3900AC65D0BE</string><string>64F0EF6A-E9C2-4F08-8E7C6CD26C05BB1D</string><string>705A8CC0-0561-45B7-9B53CA3ADB52FEA6</string><string>9156F5CF-89F7-48BF-BB2D1D1CAF98AADB</string><string>AE2FF048-E517-4B6F-AAAF7DA63BCAB5D9</string><string>B581E712-9946-439B-B171E63A9390A5F4</string><string>BA418546-2A80-49FA-898A1738E96B7D17</string><string>C970FD70-BA55-4B72-A3E00A8E3DF75D83</string></field><field name='subTypeID'><string>E0EED94B-22A7-417A-8BBF47FB4A5E7D5F</string><string>C74C4C2A-1DA8-4CD6-ACDCED372DE30381</string><string>C74C4C2A-1DA8-4CD6-ACDCED372DE30381</string><string>D60E64BF-67A9-4A26-A356439D1B000685</string><string>0E86A711-1C62-4C2E-9F0C6DA92EC83BD7</string><string>60C6DC85-9AB5-4C49-B7894047E7C8B299</string><string>C74C4C2A-1DA8-4CD6-ACDCED372DE30381</string><string>C74C4C2A-1DA8-4CD6-ACDCED372DE30381</string></field><field name='categoryID'><string></string><string></string><string></string><string></string><string></string><string></string><string></string><string></string></field><field name='siteID'><string>zerofour</string><string>zerofour</string><string>zerofour</string><string>zerofour</string><string>zerofour</string><string>zerofour</string><string>zerofour</string><string>zerofour</string></field><field name='name'><string>Spotlight Info</string><string>Home Features 2 Right Box</string><string>Home Features 2 Left Box</string><string>Other Options</string><string>RSS Feed Info</string><string>Article List Info</string><string>Home Page Header</string><string>Home Page Features 1 Area</string></field><field name='orderno'><number>6.0</number><number>4.0</number><number>3.0</number><number>8.0</number><number>5.0</number><number>7.0</number><number>1.0</number><number>2.0</number></field><field name='isActive'><number>1.0</number><number>1.0</number><number>1.0</number><number>1.0</number><number>1.0</number><number>1.0</number><number>1.0</number><number>1.0</number></field><field name='container'><string>Basic</string><string>Basic</string><string>Basic</string><string>Basic</string><string>Basic</string><string>Basic</string><string>Basic</string><string>Basic</string></field></recordset></data></wddxPacket>
