<wddxPacket version='1.0'><header/><data><recordset rowCount='13' fieldNames='categoryID,siteID,parentID,dateCreated,lastUpdate,lastUpdateBy,name,notes,isInterestGroup,isActive,isOpen,sortBy,sortDirection,restrictGroups,path,remoteID,remoteSourceURL,remotePubDate,urltitle,filename,isfeatureable' type='coldfusion.sql.QueryTable'><field name='categoryID'><string>2D53C95B-5282-48F5-8265B972A66FF10B</string><string>35597060-19E8-4279-9855096FA625CD1E</string><string>4C415003-9B7D-4A38-98FD1932554B01FD</string><string>5D12DEE8-773B-414F-B75AB37081AC96F5</string><string>7A5ED50C-0805-47C0-83F999375C706094</string><string>8855B898-3C59-439C-8A733661CA15AADD</string><string>8CD28191-EC03-4DBE-9C11CFD0B7F0C14D</string><string>C3DE261A-1DCD-490A-A374CA646B89FDBE</string><string>C8DFE94A-CEB4-4F3D-BC3ECE6581668AC4</string><string>D8CDE271-F3E2-4C5F-AD6B9CC272991ABF</string><string>E7CC504B-42AF-4DA1-8F44EA1E67E0F065</string><string>F89BC8CC-4BF0-4764-88142DAB266C77F2</string><string>FB733512-B371-4E16-B857EDB14346FCAD</string></field><field name='siteID'><string>zerofour</string><string>zerofour</string><string>zerofour</string><string>zerofour</string><string>zerofour</string><string>zerofour</string><string>zerofour</string><string>zerofour</string><string>zerofour</string><string>zerofour</string><string>zerofour</string><string>zerofour</string><string>zerofour</string></field><field name='parentID'><string>C8DFE94A-CEB4-4F3D-BC3ECE6581668AC4</string><string>C8DFE94A-CEB4-4F3D-BC3ECE6581668AC4</string><string>C8DFE94A-CEB4-4F3D-BC3ECE6581668AC4</string><string>C8DFE94A-CEB4-4F3D-BC3ECE6581668AC4</string><string>FB733512-B371-4E16-B857EDB14346FCAD</string><string>C8DFE94A-CEB4-4F3D-BC3ECE6581668AC4</string><string>C8DFE94A-CEB4-4F3D-BC3ECE6581668AC4</string><string>C8DFE94A-CEB4-4F3D-BC3ECE6581668AC4</string><string></string><string>C8DFE94A-CEB4-4F3D-BC3ECE6581668AC4</string><string>C8DFE94A-CEB4-4F3D-BC3ECE6581668AC4</string><string>FB733512-B371-4E16-B857EDB14346FCAD</string><string></string></field><field name='dateCreated'><dateTime>2012-11-27T14:10:19+0:0</dateTime><dateTime>2012-11-27T14:11:0+0:0</dateTime><dateTime>2012-11-27T14:9:49+0:0</dateTime><dateTime>2012-11-27T14:10:32+0:0</dateTime><dateTime>2012-11-27T19:9:7+0:0</dateTime><dateTime>2012-11-27T17:36:20+0:0</dateTime><dateTime>2012-11-27T14:10:10+0:0</dateTime><dateTime>2012-11-27T14:12:39+0:0</dateTime><dateTime>2012-11-27T14:9:32+0:0</dateTime><dateTime>2012-11-27T14:13:3+0:0</dateTime><dateTime>2013-9-20T21:39:24+0:0</dateTime><dateTime>2013-9-20T20:31:7+0:0</dateTime><dateTime>2012-11-27T19:8:58+0:0</dateTime></field><field name='lastUpdate'><dateTime>2012-11-27T14:10:19+0:0</dateTime><dateTime>2012-11-27T14:11:0+0:0</dateTime><dateTime>2012-11-27T14:9:49+0:0</dateTime><dateTime>2012-11-27T14:10:32+0:0</dateTime><dateTime>2012-11-27T19:9:7+0:0</dateTime><dateTime>2012-11-27T17:36:20+0:0</dateTime><dateTime>2012-11-27T14:10:10+0:0</dateTime><dateTime>2012-11-27T14:12:39+0:0</dateTime><dateTime>2012-11-27T14:9:32+0:0</dateTime><dateTime>2012-11-27T14:13:3+0:0</dateTime><dateTime>2013-9-20T21:39:24+0:0</dateTime><dateTime>2013-9-20T20:31:7+0:0</dateTime><dateTime>2012-11-27T19:8:58+0:0</dateTime></field><field name='lastUpdateBy'><string>Steve Withington</string><string>Steve Withington</string><string>Steve Withington</string><string>Steve Withington</string><string>Steve Withington</string><string>Steve Withington</string><string>Steve Withington</string><string>Steve Withington</string><string>Steve Withington</string><string>Steve Withington</string><string>Steve Withington</string><string>Steve Withington</string><string>Steve Withington</string></field><field name='name'><string>Local News</string><string>Arts &amp; Culture</string><string>Business</string><string>World News</string><string>Mura CMS Training</string><string>Technology</string><string>Politics</string><string>Opinion</string><string>News Categories</string><string>Health &amp; Science</string><string>Weather</string><string>MuraCon</string><string>Event Categories</string></field><field name='notes'><string></string><string></string><string></string><string></string><string></string><string></string><string></string><string></string><string></string><string></string><string></string><string></string><string></string></field><field name='isInterestGroup'><number>1.0</number><number>1.0</number><number>1.0</number><number>1.0</number><number>1.0</number><number>1.0</number><number>1.0</number><number>1.0</number><number>0.0</number><number>1.0</number><number>1.0</number><number>1.0</number><number>0.0</number></field><field name='isActive'><number>1.0</number><number>1.0</number><number>1.0</number><number>1.0</number><number>1.0</number><number>1.0</number><number>1.0</number><number>1.0</number><number>1.0</number><number>1.0</number><number>1.0</number><number>1.0</number><number>1.0</number></field><field name='isOpen'><number>1.0</number><number>1.0</number><number>1.0</number><number>1.0</number><number>1.0</number><number>1.0</number><number>1.0</number><number>1.0</number><number>0.0</number><number>1.0</number><number>1.0</number><number>1.0</number><number>0.0</number></field><field name='sortBy'><string>orderno</string><string>orderno</string><string>orderno</string><string>orderno</string><string>orderno</string><string>orderno</string><string>orderno</string><string>orderno</string><string>orderno</string><string>orderno</string><string>orderno</string><string>orderno</string><string>orderno</string></field><field name='sortDirection'><string>asc</string><string>asc</string><string>asc</string><string>asc</string><string>asc</string><string>asc</string><string>asc</string><string>asc</string><string>asc</string><string>asc</string><string>asc</string><string>asc</string><string>asc</string></field><field name='restrictGroups'><string></string><string></string><string></string><string></string><string></string><string></string><string></string><string></string><string></string><string></string><string></string><string></string><string></string></field><field name='path'><string>C8DFE94A-CEB4-4F3D-BC3ECE6581668AC4,2D53C95B-5282-48F5-8265B972A66FF10B</string><string>C8DFE94A-CEB4-4F3D-BC3ECE6581668AC4,35597060-19E8-4279-9855096FA625CD1E</string><string>C8DFE94A-CEB4-4F3D-BC3ECE6581668AC4,4C415003-9B7D-4A38-98FD1932554B01FD</string><string>C8DFE94A-CEB4-4F3D-BC3ECE6581668AC4,5D12DEE8-773B-414F-B75AB37081AC96F5</string><string>FB733512-B371-4E16-B857EDB14346FCAD,7A5ED50C-0805-47C0-83F999375C706094</string><string>C8DFE94A-CEB4-4F3D-BC3ECE6581668AC4,8855B898-3C59-439C-8A733661CA15AADD</string><string>C8DFE94A-CEB4-4F3D-BC3ECE6581668AC4,8CD28191-EC03-4DBE-9C11CFD0B7F0C14D</string><string>C8DFE94A-CEB4-4F3D-BC3ECE6581668AC4,C3DE261A-1DCD-490A-A374CA646B89FDBE</string><string>C8DFE94A-CEB4-4F3D-BC3ECE6581668AC4</string><string>C8DFE94A-CEB4-4F3D-BC3ECE6581668AC4,D8CDE271-F3E2-4C5F-AD6B9CC272991ABF</string><string>C8DFE94A-CEB4-4F3D-BC3ECE6581668AC4,E7CC504B-42AF-4DA1-8F44EA1E67E0F065</string><string>FB733512-B371-4E16-B857EDB14346FCAD,F89BC8CC-4BF0-4764-88142DAB266C77F2</string><string>FB733512-B371-4E16-B857EDB14346FCAD</string></field><field name='remoteID'><string></string><string></string><string></string><string></string><string></string><string></string><string></string><string></string><string></string><string></string><string></string><string></string><string></string></field><field name='remoteSourceURL'><string></string><string></string><string></string><string></string><string></string><string></string><string></string><string></string><string></string><string></string><string></string><string></string><string></string></field><field name='remotePubDate'><string></string><string></string><string></string><string></string><string></string><string></string><string></string><string></string><string></string><string></string><string></string><string></string><string></string></field><field name='urltitle'><string>local-news</string><string>arts-culture</string><string>business</string><string>world-news</string><string>mura-cms-training</string><string>technology</string><string>politics</string><string>opinion</string><string>news-categories</string><string>health-science</string><string>weather</string><string>muracon</string><string>event-categories</string></field><field name='filename'><string>news-categories/local-news</string><string>news-categories/arts-culture</string><string>news-categories/business</string><string>news-categories/world-news</string><string>event-categories/mura-cms-training</string><string>news-categories/technology</string><string>news-categories/politics</string><string>news-categories/opinion</string><string>news-categories</string><string>news-categories/health-science</string><string>news-categories/weather</string><string>event-categories/muracon</string><string>event-categories</string></field><field name='isfeatureable'><number>0.0</number><number>0.0</number><number>0.0</number><number>0.0</number><number>0.0</number><number>0.0</number><number>0.0</number><number>0.0</number><number>0.0</number><number>0.0</number><number>1.0</number><number>1.0</number><number>0.0</number></field></recordset></data></wddxPacket>
