<wddxPacket version='1.0'><header/><data><recordset rowCount='5' fieldNames='contentHistID,relatedID,contentID,siteID,relatedContentSetID,orderNo,relatedContentID' type='coldfusion.sql.QueryTable'><field name='contentHistID'><string>7CBF2DAF-7A80-4073-9D5DD3F260293C5C</string><string>7CBF2DAF-7A80-4073-9D5DD3F260293C5C</string><string>7CBF2DAF-7A80-4073-9D5DD3F260293C5C</string><string>7CBF2DAF-7A80-4073-9D5DD3F260293C5C</string><string>FAEE51D5-FF11-4E82-A042430EDBDB460A</string></field><field name='relatedID'><string>3AF0F7E3-CD2B-4C97-9BFD377F6E3AD14A</string><string>1B8C61E5-0765-47B9-A414E273F86ADB0D</string><string>17598E1B-53DC-4CF8-87762B6C1BDA0BB6</string><string>194F4455-4106-4CDE-882DCDD5F645B8DE</string><string>00000000000000000000000000000000001</string></field><field name='contentID'><string>65671AC8-8F96-4552-B518476BAE76F9ED</string><string>65671AC8-8F96-4552-B518476BAE76F9ED</string><string>65671AC8-8F96-4552-B518476BAE76F9ED</string><string>65671AC8-8F96-4552-B518476BAE76F9ED</string><string>6DE169CB-5905-4452-A138FAC515F62FB8</string></field><field name='siteID'><string>zerofour</string><string>zerofour</string><string>zerofour</string><string>zerofour</string><string>zerofour</string></field><field name='relatedContentSetID'><string>00000000000000000000000000000000000</string><string>00000000000000000000000000000000000</string><string>00000000000000000000000000000000000</string><string>00000000000000000000000000000000000</string><string>00000000000000000000000000000000000</string></field><field name='orderNo'><number>1.0</number><number>3.0</number><number>4.0</number><number>5.0</number><number>1.0</number></field><field name='relatedContentID'><number>16.0</number><number>17.0</number><number>18.0</number><number>19.0</number><number>20.0</number></field></recordset></data></wddxPacket>
