<wddxPacket version='1.0'><header/><data><recordset rowCount='5' fieldNames='subTypeID,siteID,baseTable,baseKeyField,dataTable,type,subType,isActive,notes,lastUpdate,dateCreated,lastUpdateBy,hasSummary,hasBody,description,availableSubTypes,iconclass,hasAssocFile,hasConfigurator,adminonly' type='coldfusion.sql.QueryTable'><field name='subTypeID'><string>0E86A711-1C62-4C2E-9F0C6DA92EC83BD7</string><string>60C6DC85-9AB5-4C49-B7894047E7C8B299</string><string>C74C4C2A-1DA8-4CD6-ACDCED372DE30381</string><string>D60E64BF-67A9-4A26-A356439D1B000685</string><string>E0EED94B-22A7-417A-8BBF47FB4A5E7D5F</string></field><field name='siteID'><string>zerofour</string><string>zerofour</string><string>zerofour</string><string>zerofour</string><string>zerofour</string></field><field name='baseTable'><string>tcontent</string><string>tcontent</string><string>tcontent</string><string>tcontent</string><string>tcontent</string></field><field name='baseKeyField'><string>contentHistID</string><string>contentHistID</string><string>contentHistID</string><string>contentHistID</string><string>contentHistID</string></field><field name='dataTable'><string>tclassextenddata</string><string>tclassextenddata</string><string>tclassextenddata</string><string>tclassextenddata</string><string>tclassextenddata</string></field><field name='type'><string>Component</string><string>Component</string><string>Page</string><string>Component</string><string>Component</string></field><field name='subType'><string>RSSFeed</string><string>ArticleList</string><string>Home</string><string>WithHeadingAndButtonLink</string><string>Spotlight</string></field><field name='isActive'><number>1.0</number><number>1.0</number><number>1.0</number><number>1.0</number><number>1.0</number></field><field name='notes'><string></string><string></string><string></string><string></string><string></string></field><field name='lastUpdate'><dateTime>2016-12-29T18:42:55+0:0</dateTime><dateTime>2016-12-29T18:42:55+0:0</dateTime><dateTime>2016-12-29T18:42:55+0:0</dateTime><dateTime>2016-12-29T18:42:55+0:0</dateTime><dateTime>2016-12-29T18:42:55+0:0</dateTime></field><field name='dateCreated'><dateTime>2016-12-29T18:42:55+0:0</dateTime><dateTime>2016-12-29T18:42:55+0:0</dateTime><dateTime>2016-12-29T18:42:55+0:0</dateTime><dateTime>2016-12-29T18:42:55+0:0</dateTime><dateTime>2016-12-29T18:42:55+0:0</dateTime></field><field name='lastUpdateBy'><string>System</string><string>System</string><string>System</string><string>System</string><string>System</string></field><field name='hasSummary'><number>1.0</number><number>1.0</number><number>0.0</number><number>1.0</number><number>1.0</number></field><field name='hasBody'><number>0.0</number><number>0.0</number><number>0.0</number><number>1.0</number><number>0.0</number></field><field name='description'><string></string><string></string><string></string><string></string><string></string></field><field name='availableSubTypes'><string></string><string></string><string></string><string></string><string></string></field><field name='iconclass'><string></string><string></string><string>icon-home</string><string></string><string></string></field><field name='hasAssocFile'><number>1.0</number><number>1.0</number><number>1.0</number><number>1.0</number><number>1.0</number></field><field name='hasConfigurator'><number>1.0</number><number>1.0</number><number>1.0</number><number>1.0</number><number>1.0</number></field><field name='adminonly'><string></string><string></string><string></string><string></string><string></string></field></recordset></data></wddxPacket>
