<wddxPacket version='1.0'><header/><data><recordset rowCount='16' fieldNames='contentHistID,categoryID,contentID,isFeature,orderno,siteID,featureStart,featureStop' type='coldfusion.sql.QueryTable'><field name='contentHistID'><string>2B58B2E3-4365-440E-9937F9EE0243D3DB</string><string>2B58B2E3-4365-440E-9937F9EE0243D3DB</string><string>2CD4C8E2-C074-4B0D-B14382ABC479D685</string><string>2CD4C8E2-C074-4B0D-B14382ABC479D685</string><string>3B50E849-6CBD-412D-BB5525ACFA5D9434</string><string>3B50E849-6CBD-412D-BB5525ACFA5D9434</string><string>6D01DB90-D317-477C-919847267DD10F51</string><string>7A45A214-E0C2-42FD-885801EACF4D06D7</string><string>7A45A214-E0C2-42FD-885801EACF4D06D7</string><string>B8FCD3B0-E9CC-4FDD-838A0E2C08D01853</string><string>B8FCD3B0-E9CC-4FDD-838A0E2C08D01853</string><string>C87AD87C-2872-4BF5-8CC678409105CB57</string><string>E1417D88-0BDF-471F-95DCF156ECAAFF19</string><string>E52BC001-D12B-466C-9EE7AB07772C573E</string><string>E52BC001-D12B-466C-9EE7AB07772C573E</string><string>EF333665-FB89-4F83-89D2DC79C7CB2AC6</string></field><field name='categoryID'><string>2D53C95B-5282-48F5-8265B972A66FF10B</string><string>E7CC504B-42AF-4DA1-8F44EA1E67E0F065</string><string>2D53C95B-5282-48F5-8265B972A66FF10B</string><string>E7CC504B-42AF-4DA1-8F44EA1E67E0F065</string><string>2D53C95B-5282-48F5-8265B972A66FF10B</string><string>E7CC504B-42AF-4DA1-8F44EA1E67E0F065</string><string>7A5ED50C-0805-47C0-83F999375C706094</string><string>2D53C95B-5282-48F5-8265B972A66FF10B</string><string>E7CC504B-42AF-4DA1-8F44EA1E67E0F065</string><string>2D53C95B-5282-48F5-8265B972A66FF10B</string><string>35597060-19E8-4279-9855096FA625CD1E</string><string>2D53C95B-5282-48F5-8265B972A66FF10B</string><string>F89BC8CC-4BF0-4764-88142DAB266C77F2</string><string>2D53C95B-5282-48F5-8265B972A66FF10B</string><string>E7CC504B-42AF-4DA1-8F44EA1E67E0F065</string><string>7A5ED50C-0805-47C0-83F999375C706094</string></field><field name='contentID'><string>546E38A9-C8F1-4860-9DE06F970C810A8C</string><string>546E38A9-C8F1-4860-9DE06F970C810A8C</string><string>D978CE46-4793-4BAF-90843C0BEA78850F</string><string>D978CE46-4793-4BAF-90843C0BEA78850F</string><string>B1485FD0-F677-4966-9471CB623842F37A</string><string>B1485FD0-F677-4966-9471CB623842F37A</string><string>ABA1A727-192A-488A-850D03169F59D71D</string><string>BF838A80-9433-4446-89D576066FF279EF</string><string>BF838A80-9433-4446-89D576066FF279EF</string><string>404F6824-5398-4807-8D3487420BDBAA6E</string><string>404F6824-5398-4807-8D3487420BDBAA6E</string><string>78EB0EB4-2BC9-42AF-A793B22E2E61F2D2</string><string>C683F250-8B7F-4A8F-80028AA2E6D98797</string><string>CBEFB67A-342F-47C5-88D0B8583479595F</string><string>CBEFB67A-342F-47C5-88D0B8583479595F</string><string>7E294DA4-C861-4A8E-9ECD086CF788F61B</string></field><field name='isFeature'><number>0.0</number><number>0.0</number><number>0.0</number><number>0.0</number><number>0.0</number><number>0.0</number><number>0.0</number><number>0.0</number><number>0.0</number><number>0.0</number><number>0.0</number><number>0.0</number><number>0.0</number><number>0.0</number><number>0.0</number><number>0.0</number></field><field name='orderno'><number>0.0</number><number>0.0</number><number>0.0</number><number>0.0</number><number>0.0</number><number>0.0</number><number>0.0</number><number>0.0</number><number>0.0</number><number>0.0</number><number>0.0</number><number>0.0</number><number>0.0</number><number>0.0</number><number>0.0</number><number>0.0</number></field><field name='siteID'><string>zerofour</string><string>zerofour</string><string>zerofour</string><string>zerofour</string><string>zerofour</string><string>zerofour</string><string>zerofour</string><string>zerofour</string><string>zerofour</string><string>zerofour</string><string>zerofour</string><string>zerofour</string><string>zerofour</string><string>zerofour</string><string>zerofour</string><string>zerofour</string></field><field name='featureStart'><string></string><string></string><string></string><string></string><string></string><string></string><string></string><string></string><string></string><string></string><string></string><string></string><string></string><string></string><string></string><string></string></field><field name='featureStop'><string></string><string></string><string></string><string></string><string></string><string></string><string></string><string></string><string></string><string></string><string></string><string></string><string></string><string></string><string></string><string></string></field></recordset></data></wddxPacket>
