<wddxPacket version='1.0'><header/><data><recordset rowCount='4' fieldNames='feedID,itemID,type' type='coldfusion.sql.QueryTable'><field name='feedID'><string>0D03446E-F3B0-401C-BCB80F3283451C57</string><string>1B0EE5D7-D69C-4142-B5C55D697DE7E3D3</string><string>C7F7D9B4-F31E-4983-AB3AA2774609BB9F</string><string>C7F7D9B4-F31E-4983-AB3AA2774609BB9F</string></field><field name='itemID'><string>06F157DD-725F-4FDE-80A8DF1363A83CFE</string><string>D128E1C2-8681-4757-B5FB90B9A1D01AD0</string><string>D128E1C2-8681-4757-B5FB90B9A1D01AD0</string><string>06F157DD-725F-4FDE-80A8DF1363A83CFE</string></field><field name='type'><string>contentID</string><string>contentID</string><string>contentID</string><string>contentID</string></field></recordset></data></wddxPacket>
