<wddxPacket version='1.0'><header/><data><recordset rowCount='3' fieldNames='paramID,feedID,param,relationship,field,condition,criteria,dataType' type='coldfusion.sql.QueryTable'><field name='paramID'><string>7784E461-C9A3-4A73-BEA2D0F7AF7C5529</string><string>833CDF1A-E0E4-4A5E-AFE276D459A6BC11</string><string>9F69FD39-C29F-4C4F-B22B8062E6B0053B</string></field><field name='feedID'><string>1B0EE5D7-D69C-4142-B5C55D697DE7E3D3</string><string>C7F7D9B4-F31E-4983-AB3AA2774609BB9F</string><string>0D03446E-F3B0-401C-BCB80F3283451C57</string></field><field name='param'><number>1.0</number><number>1.0</number><number>1.0</number></field><field name='relationship'><string>and</string><string>and</string><string>and</string></field><field name='field'><string></string><string></string><string></string></field><field name='condition'><string>Equals</string><string>Equals</string><string>Equals</string></field><field name='criteria'><string></string><string></string><string></string></field><field name='dataType'><string></string><string></string><string></string></field></recordset></data></wddxPacket>
