<wddxPacket version='1.0'><header/><data><recordset rowCount='14' fieldNames='tagID,contentID,contentHistID,siteID,tag,taggroup' type='coldfusion.sql.QueryTable'><field name='tagID'><number>17.0</number><number>18.0</number><number>19.0</number><number>20.0</number><number>21.0</number><number>22.0</number><number>23.0</number><number>24.0</number><number>25.0</number><number>26.0</number><number>27.0</number><number>28.0</number><number>29.0</number><number>30.0</number></field><field name='contentID'><string>11AA67A5-3642-4642-9DB5A87419BED0C8</string><string>11AA67A5-3642-4642-9DB5A87419BED0C8</string><string>FA3C7EEF-6BD0-4BC8-A5BD9970E199C892</string><string>FA3C7EEF-6BD0-4BC8-A5BD9970E199C892</string><string>39D88676-D358-4580-92EEF74383CBDE20</string><string>39D88676-D358-4580-92EEF74383CBDE20</string><string>6C20A0EA-152C-4E4E-89061EDA5E8E9382</string><string>6C20A0EA-152C-4E4E-89061EDA5E8E9382</string><string>E14DB472-F251-430F-AFCFC36521D620A7</string><string>E14DB472-F251-430F-AFCFC36521D620A7</string><string>1C9C1052-948D-4577-82BE636D581EEE78</string><string>1C9C1052-948D-4577-82BE636D581EEE78</string><string>D87DC99B-0882-468E-B8D74B6B43CC69B6</string><string>D87DC99B-0882-468E-B8D74B6B43CC69B6</string></field><field name='contentHistID'><string>838EB2DF-7645-4EAB-954D89C5A24B20D4</string><string>838EB2DF-7645-4EAB-954D89C5A24B20D4</string><string>33025D7C-BC1E-4070-AF3D779164AC83F9</string><string>33025D7C-BC1E-4070-AF3D779164AC83F9</string><string>B6A381B2-1B95-4ACF-990E98C87A3DB3D6</string><string>B6A381B2-1B95-4ACF-990E98C87A3DB3D6</string><string>8D071A9B-8076-4D96-983CFC3B3F39CC5F</string><string>8D071A9B-8076-4D96-983CFC3B3F39CC5F</string><string>78F892CE-DFB1-4297-A2B1BAB153A8D920</string><string>78F892CE-DFB1-4297-A2B1BAB153A8D920</string><string>0115C999-EB21-4A6F-B38DB1674F30EE4D</string><string>0115C999-EB21-4A6F-B38DB1674F30EE4D</string><string>F992E9C0-BEB9-4941-821C0CD2C33521F0</string><string>F992E9C0-BEB9-4941-821C0CD2C33521F0</string></field><field name='siteID'><string>zerofour</string><string>zerofour</string><string>zerofour</string><string>zerofour</string><string>zerofour</string><string>zerofour</string><string>zerofour</string><string>zerofour</string><string>zerofour</string><string>zerofour</string><string>zerofour</string><string>zerofour</string><string>zerofour</string><string>zerofour</string></field><field name='tag'><string>home</string><string>sports</string><string>home</string><string>music</string><string>music</string><string>home</string><string>running</string><string>sports</string><string>home</string><string>sports</string><string>home</string><string>sports</string><string>home</string><string>sports</string></field><field name='taggroup'><string></string><string></string><string></string><string></string><string></string><string></string><string></string><string></string><string></string><string></string><string></string><string></string><string></string><string></string></field></recordset></data></wddxPacket>
