<wddxPacket version='1.0'><header/><data><recordset rowCount='6' fieldNames='sizeID,siteID,name,height,width' type='coldfusion.sql.QueryTable'><field name='sizeID'><string>03E2C984-C45B-4E38-AE90E3A5DCFDB03A</string><string>0C5F0A6E-00EA-458E-9709C191D1451C2F</string><string>2311EAD9-FFA1-40CE-9440BF4DF03FC003</string><string>AAF13B86-6BE9-4AD7-B2DE159788C668CB</string><string>E65F8C03-687D-4D03-B7882F77317CE4E4</string><string>F026FF22-29C2-44EF-9552FD54D462B074</string></field><field name='siteID'><string>zerofour</string><string>zerofour</string><string>zerofour</string><string>zerofour</string><string>zerofour</string><string>zerofour</string></field><field name='name'><string>homefeature1image</string><string>bodyimage</string><string>carouselimage</string><string>headerbackgroundimage</string><string>homespotlightimage</string><string>homefeature2image</string></field><field name='height'><string>217</string><string>294</string><string>500</string><string>651</string><string>168</string><string>167</string></field><field name='width'><string>367</string><string>783</string><string>1200</string><string>1400</string><string>367</string><string>180</string></field></recordset></data></wddxPacket>
