<wddxPacket version='1.0'><header/><data><recordset rowCount='17' fieldNames='fileID,contentID,siteID,moduleID,filename,image,imageSmall,imageMedium,fileSize,contentType,contentSubType,fileExt,created,deleted,caption,credits,alttext,remoteID,remoteURL,remotePubDate,remoteSource,remoteSourceURL,exif' type='coldfusion.sql.QueryTable'><field name='fileID'><string>03D801F6-919D-4371-A0AFF05754029B0B</string><string>15978438-D86F-4BB2-9FD9D95C1F434270</string><string>1C9A366C-AAC7-4C03-883BD71F69E55832</string><string>28E26071-6624-4AB6-8E01B54BBAC94C46</string><string>69AEDA49-B7F6-462A-A5D43CDA6D65829D</string><string>79740E5E-10DD-4E36-96E0626F82B51304</string><string>8140F9D2-D130-4F5E-9658CA2ED7C85C6D</string><string>85F0552E-7A2E-4510-957DA2AC4B960469</string><string>8B273E06-EAA8-42F2-9C29035E43B2E47A</string><string>8EDD2AF4-9D8F-433F-8430C104A84758BA</string><string>94B3EEB0-7635-4C43-B7E88FC6F74AF296</string><string>9DFDD0AB-D0A7-4397-B5846A804B4E57CD</string><string>BB66555B-D350-43FD-8F48EAED81E7E0CA</string><string>C24A6053-6DBF-4113-8217DA30D7059822</string><string>DACF356E-9B61-4F35-BDAB35EEAD25331B</string><string>FBB646BA-8ACE-4D47-9BFB597E06A90C0F</string><string>FBC610F3-1060-4009-880C66FEAA810DBD</string></field><field name='contentID'><string>78EB0EB4-2BC9-42AF-A793B22E2E61F2D2</string><string>423EF3A4-7FF3-49A4-84B404CF3A737C17</string><string>11BFF795-8F08-49FA-B10E42AD40D02FFC</string><string>0DB48D5A-1EA3-4DF0-ABF984E9E0C45BF4</string><string>CBEFB67A-342F-47C5-88D0B8583479595F</string><string>BF838A80-9433-4446-89D576066FF279EF</string><string>1C9C1052-948D-4577-82BE636D581EEE78</string><string>FA3C7EEF-6BD0-4BC8-A5BD9970E199C892</string><string>6C20A0EA-152C-4E4E-89061EDA5E8E9382</string><string>B1485FD0-F677-4966-9471CB623842F37A</string><string>D87DC99B-0882-468E-B8D74B6B43CC69B6</string><string>E14DB472-F251-430F-AFCFC36521D620A7</string><string>39D88676-D358-4580-92EEF74383CBDE20</string><string>EE988823-7669-4535-909DD74E4F91977F</string><string>D978CE46-4793-4BAF-90843C0BEA78850F</string><string>546ED572-7630-4A39-93D51654AE5574A6</string><string>404F6824-5398-4807-8D3487420BDBAA6E</string></field><field name='siteID'><string>zerofour</string><string>zerofour</string><string>zerofour</string><string>zerofour</string><string>zerofour</string><string>zerofour</string><string>zerofour</string><string>zerofour</string><string>zerofour</string><string>zerofour</string><string>zerofour</string><string>zerofour</string><string>zerofour</string><string>zerofour</string><string>zerofour</string><string>zerofour</string><string>zerofour</string></field><field name='moduleID'><string>00000000000000000000000000000000000</string><string>00000000000000000000000000000000000</string><string>00000000000000000000000000000000000</string><string>00000000000000000000000000000000000</string><string>00000000000000000000000000000000000</string><string>00000000000000000000000000000000000</string><string>00000000000000000000000000000000000</string><string>00000000000000000000000000000000000</string><string>00000000000000000000000000000000000</string><string>00000000000000000000000000000000000</string><string>00000000000000000000000000000000000</string><string>00000000000000000000000000000000000</string><string>00000000000000000000000000000000000</string><string>00000000000000000000000000000000000</string><string>00000000000000000000000000000000000</string><string>00000000000000000000000000000000000</string><string>00000000000000000000000000000000000</string></field><field name='filename'><string>C97D5C19-7965-49DC-AA47DEF85C7BDF07_source.jpg</string><string>61DFDEB1-45D8-4645-938727BD03E382B0_source.jpg</string><string>5F93A4B4-7E64-440F-9604D2BAF365864B_source.jpg</string><string>sample-annual-report.pdf</string><string>pic02.jpg</string><string>pic01.jpg</string><string>pic06.jpg</string><string>955A12E0-9E5E-48BA-922600A519E7A314_source.jpg</string><string>3FD8FA3B-57C5-4202-B9F03C776E8DD778_source.jpg</string><string>pic03.jpg</string><string>pic04.jpg</string><string>pic05.jpg</string><string>A311A76D-F2D9-463D-A26655599CF16982_source.jpg</string><string>62A8772C-9CE4-4128-84F5CB790A079761_source.jpg</string><string>pic07.jpg</string><string>30BA5898-1490-4C2E-99A7634A7A9DCDC2_source.jpg</string><string>28A5C6D3-A318-4A18-B80ED3277FD0439E_source.jpg</string></field><field name='image'><string></string><string></string><string></string><string></string><string></string><string></string><string></string><string></string><string></string><string></string><string></string><string></string><string></string><string></string><string></string><string></string><string></string></field><field name='imageSmall'><string></string><string></string><string></string><string></string><string></string><string></string><string></string><string></string><string></string><string></string><string></string><string></string><string></string><string></string><string></string><string></string><string></string></field><field name='imageMedium'><string></string><string></string><string></string><string></string><string></string><string></string><string></string><string></string><string></string><string></string><string></string><string></string><string></string><string></string><string></string><string></string><string></string></field><field name='fileSize'><number>506108.0</number><number>4245010.0</number><number>4597525.0</number><number>20318.0</number><number>59070.0</number><number>32879.0</number><number>25082.0</number><number>1071255.0</number><number>456354.0</number><number>49780.0</number><number>10341.0</number><number>22196.0</number><number>473493.0</number><number>4090658.0</number><number>16893.0</number><number>3791376.0</number><number>777056.0</number></field><field name='contentType'><string>image</string><string>image</string><string>image</string><string>application</string><string>image</string><string>image</string><string>image</string><string>image</string><string>image</string><string>image</string><string>image</string><string>image</string><string>image</string><string>image</string><string>image</string><string>image</string><string>image</string></field><field name='contentSubType'><string>jpeg</string><string>jpeg</string><string>jpeg</string><string>pdf</string><string>jpeg</string><string>jpeg</string><string>jpeg</string><string>jpeg</string><string>jpeg</string><string>jpeg</string><string>jpeg</string><string>jpeg</string><string>jpeg</string><string>jpeg</string><string>jpeg</string><string>jpeg</string><string>jpeg</string></field><field name='fileExt'><string>jpg</string><string>jpg</string><string>jpg</string><string>pdf</string><string>jpg</string><string>jpg</string><string>jpg</string><string>jpg</string><string>jpg</string><string>jpg</string><string>jpg</string><string>jpg</string><string>jpg</string><string>jpg</string><string>jpg</string><string>jpg</string><string>jpg</string></field><field name='created'><dateTime>2013-9-25T21:26:34+0:0</dateTime><dateTime>2013-9-25T20:51:50+0:0</dateTime><dateTime>2013-9-25T20:58:32+0:0</dateTime><dateTime>2012-11-27T19:22:32+0:0</dateTime><dateTime>2014-2-14T18:27:18+0:0</dateTime><dateTime>2014-2-21T14:8:50+0:0</dateTime><dateTime>2014-2-14T19:48:40+0:0</dateTime><dateTime>2013-9-25T21:44:28+0:0</dateTime><dateTime>2013-9-25T21:49:16+0:0</dateTime><dateTime>2014-2-14T18:29:5+0:0</dateTime><dateTime>2014-2-14T19:45:48+0:0</dateTime><dateTime>2014-2-14T19:47:58+0:0</dateTime><dateTime>2013-9-25T21:48:37+0:0</dateTime><dateTime>2013-9-25T20:55:17+0:0</dateTime><dateTime>2014-2-14T19:35:12+0:0</dateTime><dateTime>2013-9-25T20:54:5+0:0</dateTime><dateTime>2013-9-25T21:25:33+0:0</dateTime></field><field name='deleted'><string></string><string></string><string></string><string></string><string></string><string></string><string></string><string></string><string></string><string></string><string></string><string></string><string></string><string></string><string></string><string></string><string></string></field><field name='caption'><string>&lt;p&gt;Lorem ipsum dolor sit amet, consectetur adipiscing elit. Praesent suscipit iaculis libero sed tristique. Quisque mollis dolor non tellus placerat vitae sodales lectus porta. Curabitur ut suscipit tellus.&lt;/p&gt;</string><string></string><string></string><string></string><string></string><string></string><string></string><string>&lt;p&gt;Lorem ipsum dolor sit amet, consectetur adipiscing elit. Praesent suscipit iaculis libero sed tristique. Quisque mollis dolor non tellus placerat vitae sodales lectus porta. Curabitur ut suscipit tellus.&lt;/p&gt;</string><string>&lt;p&gt;Lorem ipsum dolor sit amet, consectetur adipiscing elit. Praesent suscipit iaculis libero sed tristique. Quisque mollis dolor non tellus placerat vitae sodales lectus porta. Curabitur ut suscipit tellus.&lt;/p&gt;</string><string></string><string></string><string></string><string>&lt;p&gt;Lorem ipsum dolor sit amet, consectetur adipiscing elit. Praesent suscipit iaculis libero sed tristique. Quisque mollis dolor non tellus placerat vitae sodales lectus porta. Curabitur ut suscipit tellus.&lt;/p&gt;</string><string></string><string></string><string></string><string>&lt;p&gt;Lorem ipsum dolor sit amet, consectetur adipiscing elit. Praesent suscipit iaculis libero sed tristique. Quisque mollis dolor non tellus placerat vitae sodales lectus porta. Curabitur ut suscipit tellus.&lt;/p&gt;</string></field><field name='credits'><string></string><string></string><string></string><string></string><string></string><string></string><string></string><string></string><string></string><string></string><string></string><string></string><string></string><string></string><string></string><string></string><string></string></field><field name='alttext'><string></string><string></string><string></string><string></string><string></string><string></string><string></string><string></string><string></string><string></string><string></string><string></string><string></string><string></string><string></string><string></string><string></string></field><field name='remoteID'><string></string><string></string><string></string><string></string><string></string><string></string><string></string><string></string><string></string><string></string><string></string><string></string><string></string><string></string><string></string><string></string><string></string></field><field name='remoteURL'><string></string><string></string><string></string><string></string><string></string><string></string><string></string><string></string><string></string><string></string><string></string><string></string><string></string><string></string><string></string><string></string><string></string></field><field name='remotePubDate'><dateTime>2013-9-25T21:26:42+0:0</dateTime><dateTime>2013-9-25T20:52:4+0:0</dateTime><dateTime>2013-9-25T20:58:46+0:0</dateTime><string></string><dateTime>2014-2-14T18:27:18+0:0</dateTime><dateTime>2014-2-21T14:8:52+0:0</dateTime><dateTime>2014-2-14T19:48:40+0:0</dateTime><dateTime>2013-9-25T21:44:35+0:0</dateTime><dateTime>2013-9-25T21:49:23+0:0</dateTime><dateTime>2014-2-14T18:29:5+0:0</dateTime><dateTime>2014-2-14T19:45:49+0:0</dateTime><dateTime>2014-2-14T19:47:58+0:0</dateTime><dateTime>2013-9-25T21:48:45+0:0</dateTime><dateTime>2013-9-25T20:55:33+0:0</dateTime><dateTime>2014-2-14T19:35:12+0:0</dateTime><dateTime>2013-9-25T20:54:17+0:0</dateTime><dateTime>2013-9-25T21:25:40+0:0</dateTime></field><field name='remoteSource'><string></string><string></string><string></string><string></string><string></string><string></string><string></string><string></string><string></string><string></string><string></string><string></string><string></string><string></string><string></string><string></string><string></string></field><field name='remoteSourceURL'><string></string><string></string><string></string><string></string><string></string><string></string><string></string><string></string><string></string><string></string><string></string><string></string><string></string><string></string><string></string><string></string><string></string></field><field name='exif'><string></string><string></string><string></string><string></string><string></string><string></string><string></string><string></string><string></string><string></string><string></string><string></string><string></string><string></string><string></string><string></string><string></string></field></recordset></data></wddxPacket>
