<wddxPacket version='1.0'><header/><data><recordset rowCount='44' fieldNames='ContentHistID,ObjectID,Object,ContentID,Name,OrderNo,SiteID,ColumnID,Params' type='coldfusion.sql.QueryTable'><field name='ContentHistID'><string>0AC37AC4-D0C9-4CD1-965EF688D689FE0A</string><string>190C9E29-3A89-4160-A96454EDAEAEEDA5</string><string>1DF3234F-2BCD-472D-94096BCB64A652E5</string><string>364D7E5D-8BD9-4BDB-90D50C29CECFCE34</string><string>3EC038B6-6B7D-4EE6-A9D7F9FD3C868DD2</string><string>4526E6FB-F8EE-4DF8-9A09701E4C7ABF75</string><string>4A60D9A1-4134-4D21-B08D43397DD35B42</string><string>4A60D9A1-4134-4D21-B08D43397DD35B42</string><string>4E5BD302-7FE7-4FD9-927E91A434B3DF0E</string><string>5963C91B-6FBF-49A8-B8CC46791B2BF7A9</string><string>60740307-FBA7-4BCA-9DF67360AF107FCA</string><string>63ED3FB9-6DD3-47C3-B5AFA11A896EF7A3</string><string>63ED3FB9-6DD3-47C3-B5AFA11A896EF7A3</string><string>6CFE2E93-1539-4C5E-80314FD713B53B5E</string><string>6CFE2E93-1539-4C5E-80314FD713B53B5E</string><string>6CFE2E93-1539-4C5E-80314FD713B53B5E</string><string>7798264E-6FB6-41B4-BA5AC5EBCF7D328E</string><string>7798264E-6FB6-41B4-BA5AC5EBCF7D328E</string><string>79F40F1D-868A-4D51-BB8913EA3FEECDB3</string><string>7ADAE7D8-D6DC-4C78-96A137653CA04CAE</string><string>7CBF2DAF-7A80-4073-9D5DD3F260293C5C</string><string>7ED7743C-915D-447D-912943AD34491BA3</string><string>9DF22BE0-8C2C-47FE-B846DA1BB85F3C5C</string><string>9DF22BE0-8C2C-47FE-B846DA1BB85F3C5C</string><string>9DF22BE0-8C2C-47FE-B846DA1BB85F3C5C</string><string>9DF22BE0-8C2C-47FE-B846DA1BB85F3C5C</string><string>9DF22BE0-8C2C-47FE-B846DA1BB85F3C5C</string><string>9DF22BE0-8C2C-47FE-B846DA1BB85F3C5C</string><string>9DF22BE0-8C2C-47FE-B846DA1BB85F3C5C</string><string>9DF22BE0-8C2C-47FE-B846DA1BB85F3C5C</string><string>9DF22BE0-8C2C-47FE-B846DA1BB85F3C5C</string><string>A410F282-94C8-4082-867DE91E73B005CC</string><string>AE738CA3-9196-487E-839A62A0447C4E25</string><string>C6F23F42-605A-4CBE-B91FBC8508118DDF</string><string>C6F23F42-605A-4CBE-B91FBC8508118DDF</string><string>C6F23F42-605A-4CBE-B91FBC8508118DDF</string><string>C6F23F42-605A-4CBE-B91FBC8508118DDF</string><string>C6F23F42-605A-4CBE-B91FBC8508118DDF</string><string>C93C8311-1A48-4987-B6ACD5B09D8F5F3A</string><string>E5BF0785-4744-4F67-9163322C71436F74</string><string>F78484E5-96AF-4CFA-ABC926FBA841E85F</string><string>FAEE51D5-FF11-4E82-A042430EDBDB460A</string><string>FAEE51D5-FF11-4E82-A042430EDBDB460A</string><string>FAEE51D5-FF11-4E82-A042430EDBDB460A</string></field><field name='ObjectID'><string>00A553EA-08D4-4ADB-AC1828CE35248F4F</string><string>FE10F39A-8182-41E1-9C838100E8E295B4</string><string>33A73E6D-425A-4456-A2057089BCBEF64C</string><string>8B9A1BD2-A9BA-4958-97AAB865B2186A4B</string><string>BBB31EA8-C680-44DF-BBD5480478CB49D7</string><string>54CD3B17-5ABF-485B-B4D277CC8FC5DC4D</string><string>2857F57A-8BA4-413A-A989F1E5B512BCF7</string><string>FB3EE0F4-3744-458D-9285F8E42825E67D</string><string>713758E3-FC3A-4F35-B06AC4F38B906BEF</string><string>E765626D-6FE7-4F72-8A491F4AA81B9670</string><string>91E2A9A0-8111-4ECB-A2700CED432587CB</string><string>984F62AA-C668-4578-8ED4BE1121E31E76</string><string>D15F8A8E-22D3-4D82-B94A3D405A982831</string><string>01F1F295-1485-4F7C-ACDBF8911CCE6421</string><string>7F360C8A-5A4D-4DCC-8792AE32B7F13520</string><string>E696BE33-1653-43CD-9FD160AF1DD7EC91</string><string>7F360C8A-5A4D-4DCC-8792AE32B7F13520</string><string>C075F91A-16F2-48DF-B6B1C48752653B13</string><string>7CFF3673-A0E1-484F-A0B95958AE5E56A6</string><string>87679B82-08C7-4CF7-93D33B56DA71A797</string><string>6CC4FA27-86E3-474F-87DE28E4D38C0EA8</string><string>A1139F84-1D1B-4E74-83A758F43C1B6B87</string><string>334F445C-23AC-44F2-B8200B1344EFC7F2</string><string>6E43FC91-7FEC-4080-A2DA7AE579694E94</string><string>99D5AC83-C1E6-464E-8034B431FDD6BA90</string><string>D128E1C2-8681-4757-B5FB90B9A1D01AD0</string><string>D128E1C2-8681-4757-B5FB90B9A1D01AD0</string><string>D128E1C2-8681-4757-B5FB90B9A1D01AD0</string><string>D128E1C2-8681-4757-B5FB90B9A1D01AD0</string><string>F11A12B2-37BA-4FB1-B380BD8C5D19CB70</string><string>F7C99B90-5DF1-4C46-876954AD53E6CA7B</string><string>117A6B7A-F8A9-4957-B79BB46EC165AB16</string><string>222705BA-6554-4CFE-9B0116DE8356A583</string><string>06F157DD-725F-4FDE-80A8DF1363A83CFE</string><string>06F157DD-725F-4FDE-80A8DF1363A83CFE</string><string>06F157DD-725F-4FDE-80A8DF1363A83CFE</string><string>6E43FC91-7FEC-4080-A2DA7AE579694E94</string><string>BF10A6A7-487A-458B-9DC89D8C384FABD5</string><string>38CA6ECD-D9FA-4AC8-86EBE17FA10D02BD</string><string>E665BF0A-A223-40D8-AB854DD78FA51371</string><string>3B840704-0B4F-4BE1-BE54F80922A516A2</string><string>2857F57A-8BA4-413A-A989F1E5B512BCF7</string><string>7F360C8A-5A4D-4DCC-8792AE32B7F13520</string><string>F8267446-0A8B-443F-B1533A66548BAE2A</string></field><field name='Object'><string>site_map</string><string>user_tools</string><string>mailing_list</string><string>seq_nav</string><string>comments</string><string>rater</string><string>Component</string><string>Component</string><string>sub_nav</string><string>standard_nav</string><string>site_map</string><string>form</string><string>Component</string><string>standard_nav</string><string>Component</string><string>user_tools</string><string>Component</string><string>standard_nav</string><string>event_reminder_form</string><string>site_map</string><string>related_content</string><string>peer_nav</string><string>tag_cloud</string><string>comments</string><string>tag_cloud</string><string>archive_nav</string><string>archive_nav</string><string>calendar_nav</string><string>calendar_nav</string><string>rater</string><string>rater</string><string>folder_nav</string><string>favorites</string><string>archive_nav</string><string>calendar_nav</string><string>category_summary</string><string>comments</string><string>rater</string><string>tag_cloud</string><string>mailing_list_master</string><string>multilevel_nav</string><string>Component</string><string>Component</string><string>standard_nav</string></field><field name='ContentID'><string>1B8C61E5-0765-47B9-A414E273F86ADB0D</string><string>194F4455-4106-4CDE-882DCDD5F645B8DE</string><string>760D59C3-8776-47D9-B589160355D254B5</string><string>703FA99A-B417-4379-9F1C03A3E039A21E</string><string>3AF0F7E3-CD2B-4C97-9BFD377F6E3AD14A</string><string>5BDF935C-D82C-4464-B53F0E3EBEF6D602</string><string>33FEFD98-7EDE-4F69-861814BD5BFA7007</string><string>33FEFD98-7EDE-4F69-861814BD5BFA7007</string><string>6E160188-770C-4D36-93E9FCFD7A723BD8</string><string>B941B534-6814-4E31-996A675FB8440F02</string><string>9915F6A8-27E1-47D6-8675C2B1973DB5A4</string><string>22900380-AE6F-4B01-B36DBBDC0FD4C938</string><string>22900380-AE6F-4B01-B36DBBDC0FD4C938</string><string>11E71F30-AD7F-4B05-A3CF1B90EABADD63</string><string>11E71F30-AD7F-4B05-A3CF1B90EABADD63</string><string>11E71F30-AD7F-4B05-A3CF1B90EABADD63</string><string>FE1E65BE-723A-4EB1-9DF81FDCC8423D53</string><string>FE1E65BE-723A-4EB1-9DF81FDCC8423D53</string><string>2DE6194E-CBBE-4D4E-BC3B9E9FD442B937</string><string>921514A0-970B-4583-A3844FDE9509D7B1</string><string>65671AC8-8F96-4552-B518476BAE76F9ED</string><string>22C937C7-F169-4CFF-B19E51B517979CE5</string><string>D128E1C2-8681-4757-B5FB90B9A1D01AD0</string><string>D128E1C2-8681-4757-B5FB90B9A1D01AD0</string><string>D128E1C2-8681-4757-B5FB90B9A1D01AD0</string><string>D128E1C2-8681-4757-B5FB90B9A1D01AD0</string><string>D128E1C2-8681-4757-B5FB90B9A1D01AD0</string><string>D128E1C2-8681-4757-B5FB90B9A1D01AD0</string><string>D128E1C2-8681-4757-B5FB90B9A1D01AD0</string><string>D128E1C2-8681-4757-B5FB90B9A1D01AD0</string><string>D128E1C2-8681-4757-B5FB90B9A1D01AD0</string><string>D1579D1D-4DA4-464E-AA9580AE1410A4EA</string><string>17598E1B-53DC-4CF8-87762B6C1BDA0BB6</string><string>06F157DD-725F-4FDE-80A8DF1363A83CFE</string><string>06F157DD-725F-4FDE-80A8DF1363A83CFE</string><string>06F157DD-725F-4FDE-80A8DF1363A83CFE</string><string>06F157DD-725F-4FDE-80A8DF1363A83CFE</string><string>06F157DD-725F-4FDE-80A8DF1363A83CFE</string><string>59A1AE47-41E2-4E0F-AE34062CE39FB98B</string><string>1D084121-1F60-4181-97AB4C02961D819F</string><string>A91B4F37-93FB-4D88-82B181B78865BF59</string><string>6DE169CB-5905-4452-A138FAC515F62FB8</string><string>6DE169CB-5905-4452-A138FAC515F62FB8</string><string>6DE169CB-5905-4452-A138FAC515F62FB8</string></field><field name='Name'><string>Site Map</string><string>User Tools</string><string>Mailing List - Sign Up for Our Mailing List</string><string>Sequential Nav</string><string>Accept Comments</string><string>Content Rater</string><string>Component - [ Sidebar ] With Heading And Button</string><string>Component - [ Sidebar ] Another Sidebar With Heading And Link</string><string>Sub Navigation</string><string>Standard Navigation</string><string>Site Map</string><string>Data Collector - Information Request Form</string><string>Component - Contact Details</string><string>Standard Navigation</string><string>Component - [ Nav ] Section Title</string><string>User Tools</string><string>Component - [ Nav ] Section Header</string><string>Standard Navigation</string><string>Event Reminder Form</string><string>Site Map</string><string>Related Content</string><string>Peer Navigation</string><string>Tag Cloud</string><string>Accept Comments</string><string>Tag Cloud</string><string>Home &gt; Blog  - Archive Navigation</string><string>Home &gt; Blog  - Archive Navigation</string><string>Home &gt; Blog  - Calendar Navigation</string><string>Home &gt; Blog  - Calendar Navigation</string><string>Content Rater</string><string>Content Rater</string><string>Folder Navigation</string><string>User Favorites</string><string>Home &gt; News  - Archive Navigation</string><string>Home &gt; News  - Calendar Navigation</string><string>News - Category Summary</string><string>Accept Comments</string><string>Content Rater</string><string>Tag Group</string><string>Master Mailing List Sign Up Form</string><string>Multi-Level Navigation</string><string>Component - [ Sidebar ] With Heading And Button</string><string>Component - [ Nav ] Section Title</string><string>Standard Navigation</string></field><field name='OrderNo'><number>1.0</number><number>1.0</number><number>1.0</number><number>1.0</number><number>1.0</number><number>1.0</number><number>1.0</number><number>2.0</number><number>1.0</number><number>1.0</number><number>1.0</number><number>1.0</number><number>1.0</number><number>2.0</number><number>1.0</number><number>3.0</number><number>1.0</number><number>2.0</number><number>1.0</number><number>1.0</number><number>1.0</number><number>1.0</number><number>4.0</number><number>1.0</number><number>4.0</number><number>3.0</number><number>3.0</number><number>2.0</number><number>2.0</number><number>1.0</number><number>1.0</number><number>1.0</number><number>1.0</number><number>3.0</number><number>2.0</number><number>4.0</number><number>1.0</number><number>1.0</number><number>1.0</number><number>1.0</number><number>1.0</number><number>3.0</number><number>1.0</number><number>2.0</number></field><field name='SiteID'><string>zerofour</string><string>zerofour</string><string>zerofour</string><string>zerofour</string><string>zerofour</string><string>zerofour</string><string>zerofour</string><string>zerofour</string><string>zerofour</string><string>zerofour</string><string>zerofour</string><string>zerofour</string><string>zerofour</string><string>zerofour</string><string>zerofour</string><string>zerofour</string><string>zerofour</string><string>zerofour</string><string>zerofour</string><string>zerofour</string><string>zerofour</string><string>zerofour</string><string>zerofour</string><string>zerofour</string><string>zerofour</string><string>zerofour</string><string>zerofour</string><string>zerofour</string><string>zerofour</string><string>zerofour</string><string>zerofour</string><string>zerofour</string><string>zerofour</string><string>zerofour</string><string>zerofour</string><string>zerofour</string><string>zerofour</string><string>zerofour</string><string>zerofour</string><string>zerofour</string><string>zerofour</string><string>zerofour</string><string>zerofour</string><string>zerofour</string></field><field name='ColumnID'><number>2.0</number><number>2.0</number><number>2.0</number><number>2.0</number><number>2.0</number><number>2.0</number><number>3.0</number><number>3.0</number><number>1.0</number><number>1.0</number><number>2.0</number><number>2.0</number><number>3.0</number><number>1.0</number><number>1.0</number><number>1.0</number><number>1.0</number><number>1.0</number><number>2.0</number><number>2.0</number><number>2.0</number><number>1.0</number><number>3.0</number><number>2.0</number><number>1.0</number><number>1.0</number><number>3.0</number><number>1.0</number><number>3.0</number><number>3.0</number><number>1.0</number><number>1.0</number><number>2.0</number><number>3.0</number><number>3.0</number><number>3.0</number><number>2.0</number><number>3.0</number><number>2.0</number><number>2.0</number><number>1.0</number><number>1.0</number><number>1.0</number><number>1.0</number></field><field name='Params'><string></string><string></string><string></string><string></string><string></string><string></string><string></string><string></string><string></string><string></string><string></string><string></string><string></string><string></string><string></string><string></string><string></string><string></string><string></string><string></string><string>{&quot;relatedContentSetName&quot;:&quot;&quot;,&quot;imageWidth&quot;:&quot;AUTO&quot;,&quot;imageHeight&quot;:&quot;AUTO&quot;,&quot;displayList&quot;:&quot;Title&quot;}</string><string></string><string></string><string></string><string></string><string></string><string></string><string></string><string></string><string></string><string></string><string></string><string></string><string></string><string></string><string>{&quot;displayRSS&quot;:&quot;0&quot;}</string><string></string><string></string><string>{&quot;taggroup&quot;:&quot;&quot;}</string><string></string><string></string><string></string><string></string><string></string></field></recordset></data></wddxPacket>
