<wddxPacket version='1.0'><header/><data><recordset rowCount='4' fieldNames='feedID,siteID,parentID,name,isActive,isPublic,isDefault,isFeaturesOnly,description,maxItems,allowHTML,lang,lastUpdateBy,lastUpdate,dateCreated,restricted,restrictGroups,version,channellink,Type,sortBy,sortDirection,nextN,displayName,displayRatings,displayComments,altname,remoteID,remoteSourceURL,remotePubDate,imageSize,imageHeight,imageWidth,displayList,showNavOnly,showExcludeSearch,viewalllink,viewalllabel,cssclass,autoimport,isLocked,contentpoolid,useCategoryIntersect,authtype' type='coldfusion.sql.QueryTable'><field name='feedID'><string>0D03446E-F3B0-401C-BCB80F3283451C57</string><string>1B0EE5D7-D69C-4142-B5C55D697DE7E3D3</string><string>637F526C-52D0-4C79-A2A6E86C28FE3BC7</string><string>C7F7D9B4-F31E-4983-AB3AA2774609BB9F</string></field><field name='siteID'><string>zerofour</string><string>zerofour</string><string>zerofour</string><string>zerofour</string></field><field name='parentID'><string></string><string></string><string></string><string></string></field><field name='name'><string>Latest News</string><string>From Our Blog</string><string>Mura Blog</string><string>Spotlight</string></field><field name='isActive'><number>1.0</number><number>1.0</number><number>1.0</number><number>1.0</number></field><field name='isPublic'><number>0.0</number><number>0.0</number><number>1.0</number><number>0.0</number></field><field name='isDefault'><number>0.0</number><number>0.0</number><number>0.0</number><number>0.0</number></field><field name='isFeaturesOnly'><number>0.0</number><number>0.0</number><number>0.0</number><number>1.0</number></field><field name='description'><string></string><string></string><string></string><string></string></field><field name='maxItems'><number>20.0</number><number>3.0</number><number>4.0</number><number>1.0</number></field><field name='allowHTML'><number>1.0</number><number>1.0</number><number>1.0</number><number>1.0</number></field><field name='lang'><string>en-us</string><string>en-us</string><string>en-us</string><string>en-us</string></field><field name='lastUpdateBy'><string>Steve Withington</string><string>Steve Withington</string><string>Steve Withington</string><string>Steve Withington</string></field><field name='lastUpdate'><dateTime>2014-2-14T18:22:59+0:0</dateTime><dateTime>2012-11-27T21:57:30+0:0</dateTime><dateTime>2010-12-14T1:49:29+0:0</dateTime><dateTime>2014-2-14T18:24:21+0:0</dateTime></field><field name='dateCreated'><dateTime>2014-2-14T18:22:59+0:0</dateTime><dateTime>2012-11-27T21:57:30+0:0</dateTime><dateTime>2010-12-14T1:49:29+0:0</dateTime><dateTime>2014-2-14T18:24:21+0:0</dateTime></field><field name='restricted'><number>0.0</number><number>0.0</number><number>0.0</number><number>0.0</number></field><field name='restrictGroups'><string></string><string></string><string></string><string></string></field><field name='version'><string>RSS 2.0</string><string>RSS 2.0</string><string>RSS 2.0</string><string>RSS 2.0</string></field><field name='channellink'><string></string><string></string><string>http://www.getmura.com/tasks/feed/?feedID=AA4D3AF9-C9BA-D852-C5F762EF7FF3F2DF</string><string></string></field><field name='Type'><string>Local</string><string>Local</string><string>Remote</string><string>Local</string></field><field name='sortBy'><string>releaseDate</string><string>releaseDate</string><string>lastUpdate</string><string>random</string></field><field name='sortDirection'><string>desc</string><string>desc</string><string>desc</string><string>desc</string></field><field name='nextN'><number>20.0</number><number>20.0</number><number>20.0</number><number>1.0</number></field><field name='displayName'><number>0.0</number><number>0.0</number><number>0.0</number><number>1.0</number></field><field name='displayRatings'><number>0.0</number><number>0.0</number><number>0.0</number><number>0.0</number></field><field name='displayComments'><number>0.0</number><number>0.0</number><number>0.0</number><number>0.0</number></field><field name='altname'><string></string><string></string><string></string><string>Spotlight</string></field><field name='remoteID'><string></string><string></string><string></string><string></string></field><field name='remoteSourceURL'><string></string><string></string><string></string><string></string></field><field name='remotePubDate'><string></string><string></string><string></string><string></string></field><field name='imageSize'><string>small</string><string>small</string><string>small</string><string>homespotlightimage</string></field><field name='imageHeight'><string>AUTO</string><string>AUTO</string><string>AUTO</string><string>AUTO</string></field><field name='imageWidth'><string>AUTO</string><string>AUTO</string><string>AUTO</string><string>AUTO</string></field><field name='displayList'><string>Date,Title,Image,Summary,Credits,Tags</string><string>Date,Title,Image,Summary,Tags</string><string>Date,Title,Image,Summary,Credits,Tags</string><string>Date,Title,Image,Summary,Credits,Tags</string></field><field name='showNavOnly'><number>1.0</number><number>1.0</number><number>0.0</number><number>1.0</number></field><field name='showExcludeSearch'><number>0.0</number><number>0.0</number><number>0.0</number><number>0.0</number></field><field name='viewalllink'><string></string><string></string><string></string><string></string></field><field name='viewalllabel'><string></string><string></string><string></string><string></string></field><field name='cssclass'><string></string><string></string><string></string><string></string></field><field name='autoimport'><number>0.0</number><number>0.0</number><number>0.0</number><number>0.0</number></field><field name='isLocked'><number>0.0</number><number>1.0</number><number>0.0</number><number>0.0</number></field><field name='contentpoolid'><string></string><string></string><string></string><string></string></field><field name='useCategoryIntersect'><string></string><string></string><string></string><string></string></field><field name='authtype'><string></string><string></string><string></string><string></string></field></recordset></data></wddxPacket>
