<wddxPacket version='1.0'><header/><data><recordset rowCount='44' fieldNames='CONTENTHISTID,OBJECTID,OBJECT,CONTENTID,NAME,ORDERNO,SITEID,COLUMNID,PARAMS' type='coldfusion.sql.QueryTable'><field name='CONTENTHISTID'><string>2CE2672E-F212-4611-943552DD3FACCEA8</string><string>2E63CEF0-8064-4E27-954A812588528C5D</string><string>60610D4D-5604-44D8-B61FABFE90E2C15F</string><string>6EB1519D-7612-4CAE-9B0EACF77193EECF</string><string>6F8C7AC0-97F8-400C-BB2BB09839920DA2</string><string>70DABFF1-ED03-49C5-95B5A1FF6B9C2980</string><string>7479B0F6-5484-4897-99D8082396CD9ADD</string><string>7990C5E9-17D8-4348-81D3ABFA1288C587</string><string>7E9CCAD7-34D0-41D2-992C8A20F03731C4</string><string>83CB79DB-CF52-4D6B-BC477FA1200754D9</string><string>88C43334-EFA5-43D9-982F2C384979B0C1</string><string>92CBB784-5588-4B87-B5857BB78426CAEF</string><string>92F7818D-04CB-74C8-87B5CE7E0F77965D</string><string>92F7818D-04CB-74C8-87B5CE7E0F77965D</string><string>938842FF-BE30-0810-4C066A3F628E5EBE</string><string>938842FF-BE30-0810-4C066A3F628E5EBE</string><string>938842FF-BE30-0810-4C066A3F628E5EBE</string><string>938842FF-BE30-0810-4C066A3F628E5EBE</string><string>938842FF-BE30-0810-4C066A3F628E5EBE</string><string>938842FF-BE30-0810-4C066A3F628E5EBE</string><string>938842FF-BE30-0810-4C066A3F628E5EBE</string><string>938842FF-BE30-0810-4C066A3F628E5EBE</string><string>938842FF-BE30-0810-4C066A3F628E5EBE</string><string>CDB3C044-9FB1-69AE-96F33EBB77F0B9B5</string><string>CDB3C044-9FB1-69AE-96F33EBB77F0B9B5</string><string>CECB2616-EAE3-3DE5-BF2372D1F1A52AF0</string><string>CECB2616-EAE3-3DE5-BF2372D1F1A52AF0</string><string>CECB2616-EAE3-3DE5-BF2372D1F1A52AF0</string><string>D1654C33-82D8-4E85-BEF28427E4AFA78D</string><string>DA540323-C813-486D-A1C07C17D21A2425</string><string>DFB8B534-4EF1-49BE-9C0E2A6F8FC55327</string><string>DFB8B534-4EF1-49BE-9C0E2A6F8FC55327</string><string>E7A20974-E113-4B1D-8E954BA768159DB8</string><string>E7EA45C8-1D3C-4BCC-BDE2D5C495C2EAC2</string><string>EF00545C-F613-2A63-D693F0FC864D4FFE</string><string>EF00545C-F613-2A63-D693F0FC864D4FFE</string><string>EF00545C-F613-2A63-D693F0FC864D4FFE</string><string>F0A1BB94-7C9C-4361-AFCDB0D1597378E8</string><string>F39D19B2-CF69-1AB0-6877F8B938F07E0D</string><string>F39D19B2-CF69-1AB0-6877F8B938F07E0D</string><string>F39D19B2-CF69-1AB0-6877F8B938F07E0D</string><string>F39D19B2-CF69-1AB0-6877F8B938F07E0D</string><string>F39D19B2-CF69-1AB0-6877F8B938F07E0D</string><string>F8C955DE-04B4-4234-8C887E2EF205FA56</string></field><field name='OBJECTID'><string>EEDEF7F1-3535-4D64-A92AE5F48058AA53</string><string>69801568-B208-4268-B3779A5E71700C0D</string><string>CEA3E947-53BF-4458-BD695A665EDA0540</string><string>75EA1E06-193A-48A0-97D71D565A2E4209</string><string>F79A1DDE-953C-4DD2-8F5C5D6226354E23</string><string>2098632A-52BF-4710-9B86569C80679934</string><string>3DFCD1FD-79BE-4EF8-BC29A1C3EE38C4F2</string><string>B4BF6C94-F2C5-4C13-AAB5841BD875BFD7</string><string>8CFF8B70-8EEE-4E86-A59B6819038C8418</string><string>51BFBB23-1272-49C1-A7EB1ED8A03BF04B</string><string>8B433954-D80E-4507-8F927F63CFAC46CF</string><string>27F4823A-048A-4461-B0C26EF474E60333</string><string>1E62C765-998F-9AF7-1DD7712AE428ED38</string><string>9279329B-B474-9013-5516316C848811F8</string><string>92882FD4-976B-C3A3-706DBC74BDD7D6D0</string><string>938789BF-9627-D4E3-09ED412D5B29EA08</string><string>9A453DCA-F1B5-4275-854C65EC27A5DD18</string><string>A1215337-8B19-49C8-81C03DE9644AEAA2</string><string>A1215337-8B19-49C8-81C03DE9644AEAA2</string><string>A1215337-8B19-49C8-81C03DE9644AEAA2</string><string>A1215337-8B19-49C8-81C03DE9644AEAA2</string><string>CFFD4F05-F4F2-6355-0C68BB09C868C2C7</string><string>D00125E4-9342-FF7B-6C58BDC51B3FC4FB</string><string>CBC40357-51A9-494A-A0F74E297BE3340D</string><string>CD86555D-A783-6738-86F0D0E7D209BE2F</string><string>33684CB7-52D3-4545-BE053FE3E0CC9147</string><string>B3F0BA4B-4F68-4391-BBFC6C9D08F06912</string><string>CD86555D-A783-6738-86F0D0E7D209BE2F</string><string>C1883E3B-FD2B-4D49-AF1AD56D16D29F8C</string><string>D959F89A-491D-4087-B50876F35AC2FE41</string><string>E1833F39-64A8-4F94-87773154FAE30A66</string><string>EC52EDB4-9D6F-4157-A1DB1963E37C33D2</string><string>95FDDD1B-802F-4E15-A175E0492039A8E7</string><string>9E2DF516-490F-4BFC-B9FD243C30389201</string><string>1E62C765-998F-9AF7-1DD7712AE428ED38</string><string>CD86555D-A783-6738-86F0D0E7D209BE2F</string><string>CEB8D960-DEB0-D83E-BB6574B579BE535A</string><string>3B65B03F-04B5-4FA8-B18BFA6C4B6DFD2B</string><string>933BEB4F-AF96-BAFB-8D41E2C83E258943</string><string>9A453DCA-F1B5-4275-854C65EC27A5DD18</string><string>B30114AD-4CE0-41BA-89BF06F811C31A54</string><string>B30114AD-4CE0-41BA-89BF06F811C31A54</string><string>B30114AD-4CE0-41BA-89BF06F811C31A54</string><string>FF9B0B2D-2544-4BD4-8DC8D46AC25AD1FE</string></field><field name='OBJECT'><string>mailing_list</string><string>sub_nav</string><string>site_map</string><string>peer_nav</string><string>seq_nav</string><string>standard_nav</string><string>multilevel_nav</string><string>event_reminder_form</string><string>mailing_list_master</string><string>favorites</string><string>tag_cloud</string><string>related_content</string><string>Component</string><string>Component</string><string>rater</string><string>tag_cloud</string><string>comments</string><string>archive_nav</string><string>archive_nav</string><string>calendar_nav</string><string>calendar_nav</string><string>rater</string><string>tag_cloud</string><string>standard_nav</string><string>Component</string><string>standard_nav</string><string>user_tools</string><string>Component</string><string>site_map</string><string>site_map</string><string>Component</string><string>form</string><string>rater</string><string>comments</string><string>Component</string><string>Component</string><string>standard_nav</string><string>folder_nav</string><string>rater</string><string>comments</string><string>archive_nav</string><string>calendar_nav</string><string>category_summary</string><string>user_tools</string></field><field name='CONTENTID'><string>70818A7A-876D-49E2-A60DF3D852B846B6</string><string>2745F8EA-8060-4837-AB3AA4DFF859DF35</string><string>7B914254-A30B-462A-AFEA66693546870A</string><string>2F48C519-43B8-44F0-89B3C4CEDC94008F</string><string>26470131-B0DF-401F-87FB87AE20F3BC7B</string><string>222A1E51-ECF7-4DE8-ADF2147F0A47DA44</string><string>30DEF310-E395-4576-A76FBC7DC76D3224</string><string>2014A96B-B728-4483-BF464EB01B8D2E0F</string><string>6D0CFBDD-10FE-48C8-A6ADDA060E2D0E90</string><string>D179F479-DB27-4B53-97EEF5CD5CC9124F</string><string>E3EBA70D-7F4D-43E4-B23538CCEE7F2C20</string><string>3670797C-ED9B-41DF-AB22E20B1E58D441</string><string>17D79F26-0284-4D22-A521AE72DB94A3B3</string><string>17D79F26-0284-4D22-A521AE72DB94A3B3</string><string>A1215337-8B19-49C8-81C03DE9644AEAA2</string><string>A1215337-8B19-49C8-81C03DE9644AEAA2</string><string>A1215337-8B19-49C8-81C03DE9644AEAA2</string><string>A1215337-8B19-49C8-81C03DE9644AEAA2</string><string>A1215337-8B19-49C8-81C03DE9644AEAA2</string><string>A1215337-8B19-49C8-81C03DE9644AEAA2</string><string>A1215337-8B19-49C8-81C03DE9644AEAA2</string><string>A1215337-8B19-49C8-81C03DE9644AEAA2</string><string>A1215337-8B19-49C8-81C03DE9644AEAA2</string><string>1D26F23B-EF24-49EE-925C9DBE37E37049</string><string>1D26F23B-EF24-49EE-925C9DBE37E37049</string><string>5DB7D9B9-F64A-4446-A0F5F3B52194106E</string><string>5DB7D9B9-F64A-4446-A0F5F3B52194106E</string><string>5DB7D9B9-F64A-4446-A0F5F3B52194106E</string><string>4ECAD89A-E795-44AD-9DADFA6D128DFEB3</string><string>DAB2968F-1948-4E5E-826489BF5FE863DC</string><string>D952CDE6-7563-4C1C-BE78B54A98320E31</string><string>D952CDE6-7563-4C1C-BE78B54A98320E31</string><string>9EEE617D-2B86-4197-87FB8BDD261FF84C</string><string>F0197CDA-2145-47C2-A2C52FE1E3E4E86E</string><string>94F83D0F-9482-4FB4-8BE6785F4BE5D1EE</string><string>94F83D0F-9482-4FB4-8BE6785F4BE5D1EE</string><string>94F83D0F-9482-4FB4-8BE6785F4BE5D1EE</string><string>4840CBB6-C286-40E7-B6D1840115EC4E1A</string><string>B30114AD-4CE0-41BA-89BF06F811C31A54</string><string>B30114AD-4CE0-41BA-89BF06F811C31A54</string><string>B30114AD-4CE0-41BA-89BF06F811C31A54</string><string>B30114AD-4CE0-41BA-89BF06F811C31A54</string><string>B30114AD-4CE0-41BA-89BF06F811C31A54</string><string>E3E68D2F-00E6-44DF-BD216A546FEE28D5</string></field><field name='NAME'><string>Mailing List - Sign Up for Our Mailing List</string><string>Sub Navigation</string><string>Site Map</string><string>Peer Navigation</string><string>Sequential Nav</string><string>Standard Navigation</string><string>Multi-Level Navigation</string><string>Event Reminder Form</string><string>Master Mailing List Sign Up Form</string><string>User Favorites</string><string>Tag Group</string><string>Related Content</string><string>Component - [ Sidebar ] With Heading And Button</string><string>Component - [ Sidebar ] Another Sidebar With Heading And Link</string><string>Content Rater</string><string>Tag Cloud</string><string>Accept Comments</string><string>Home &gt; Blog  - Archive Navigation</string><string>Home &gt; Blog  - Archive Navigation</string><string>Home &gt; Blog  - Calendar Navigation</string><string>Home &gt; Blog  - Calendar Navigation</string><string>Content Rater</string><string>Tag Cloud</string><string>Standard Navigation</string><string>Component - [ Nav ] Section Header</string><string>Standard Navigation</string><string>User Tools</string><string>Component - [ Nav ] Section Title</string><string>Site Map</string><string>Site Map</string><string>Component - Contact Details</string><string>Data Collector - Information Request Form</string><string>Content Rater</string><string>Accept Comments</string><string>Component - [ Sidebar ] With Heading And Button</string><string>Component - [ Nav ] Section Title</string><string>Standard Navigation</string><string>Folder Navigation</string><string>Content Rater</string><string>Accept Comments</string><string>Home &gt; News  - Archive Navigation</string><string>Home &gt; News  - Calendar Navigation</string><string>News - Category Summary</string><string>User Tools</string></field><field name='ORDERNO'><number>1.0</number><number>1.0</number><number>1.0</number><number>1.0</number><number>1.0</number><number>1.0</number><number>1.0</number><number>1.0</number><number>1.0</number><number>1.0</number><number>1.0</number><number>1.0</number><number>1.0</number><number>2.0</number><number>1.0</number><number>4.0</number><number>1.0</number><number>3.0</number><number>3.0</number><number>2.0</number><number>2.0</number><number>1.0</number><number>4.0</number><number>2.0</number><number>1.0</number><number>2.0</number><number>3.0</number><number>1.0</number><number>1.0</number><number>1.0</number><number>1.0</number><number>1.0</number><number>1.0</number><number>1.0</number><number>3.0</number><number>1.0</number><number>2.0</number><number>1.0</number><number>1.0</number><number>1.0</number><number>3.0</number><number>2.0</number><number>4.0</number><number>1.0</number></field><field name='SITEID'><string>theme-zerofour</string><string>theme-zerofour</string><string>theme-zerofour</string><string>theme-zerofour</string><string>theme-zerofour</string><string>theme-zerofour</string><string>theme-zerofour</string><string>theme-zerofour</string><string>theme-zerofour</string><string>theme-zerofour</string><string>theme-zerofour</string><string>theme-zerofour</string><string>theme-zerofour</string><string>theme-zerofour</string><string>theme-zerofour</string><string>theme-zerofour</string><string>theme-zerofour</string><string>theme-zerofour</string><string>theme-zerofour</string><string>theme-zerofour</string><string>theme-zerofour</string><string>theme-zerofour</string><string>theme-zerofour</string><string>theme-zerofour</string><string>theme-zerofour</string><string>theme-zerofour</string><string>theme-zerofour</string><string>theme-zerofour</string><string>theme-zerofour</string><string>theme-zerofour</string><string>theme-zerofour</string><string>theme-zerofour</string><string>theme-zerofour</string><string>theme-zerofour</string><string>theme-zerofour</string><string>theme-zerofour</string><string>theme-zerofour</string><string>theme-zerofour</string><string>theme-zerofour</string><string>theme-zerofour</string><string>theme-zerofour</string><string>theme-zerofour</string><string>theme-zerofour</string><string>theme-zerofour</string></field><field name='COLUMNID'><number>2.0</number><number>1.0</number><number>2.0</number><number>1.0</number><number>2.0</number><number>1.0</number><number>1.0</number><number>2.0</number><number>2.0</number><number>2.0</number><number>2.0</number><number>2.0</number><number>3.0</number><number>3.0</number><number>3.0</number><number>3.0</number><number>2.0</number><number>1.0</number><number>3.0</number><number>1.0</number><number>3.0</number><number>1.0</number><number>1.0</number><number>1.0</number><number>1.0</number><number>1.0</number><number>1.0</number><number>1.0</number><number>2.0</number><number>2.0</number><number>3.0</number><number>2.0</number><number>2.0</number><number>2.0</number><number>1.0</number><number>1.0</number><number>1.0</number><number>1.0</number><number>3.0</number><number>2.0</number><number>3.0</number><number>3.0</number><number>3.0</number><number>2.0</number></field><field name='PARAMS'><null/><null/><null/><null/><null/><null/><null/><null/><null/><null/><string>{"taggroup":""}</string><string>{"relatedContentSetName":"","imageWidth":"AUTO","imageHeight":"AUTO","displayList":"Title"}</string><null/><null/><null/><null/><null/><null/><null/><null/><null/><null/><null/><null/><null/><null/><null/><null/><null/><null/><null/><null/><null/><null/><null/><null/><null/><null/><null/><null/><null/><null/><string>{"displayRSS":"1"}</string><null/></field></recordset></data></wddxPacket>
