<wddxPacket version='1.0'><header/><data><recordset rowCount='5' fieldNames='SUBTYPEID,SITEID,BASETABLE,BASEKEYFIELD,DATATABLE,TYPE,SUBTYPE,ISACTIVE,NOTES,LASTUPDATE,DATECREATED,LASTUPDATEBY,HASSUMMARY,HASBODY,DESCRIPTION,AVAILABLESUBTYPES,ICONCLASS,HASASSOCFILE,HASCONFIGURATOR' type='coldfusion.sql.QueryTable'><field name='SUBTYPEID'><string>8E620677-C3AD-D022-1C8B47C098C36DC4</string><string>9B0938BE-DECA-B50E-12303D02931D245C</string><string>EE1D8B78-A2B2-B15C-005D07C14507CCE1</string><string>F20CA789-95FA-7453-870FC7ADF14A1114</string><string>F47EBF7D-FA66-C0C7-22F68AC03F842576</string></field><field name='SITEID'><string>theme-zerofour</string><string>theme-zerofour</string><string>theme-zerofour</string><string>theme-zerofour</string><string>theme-zerofour</string></field><field name='BASETABLE'><string>tcontent</string><string>tcontent</string><string>tcontent</string><string>tcontent</string><string>tcontent</string></field><field name='BASEKEYFIELD'><string>contentHistID</string><string>contentHistID</string><string>contentHistID</string><string>contentHistID</string><string>contentHistID</string></field><field name='DATATABLE'><string>tclassextenddata</string><string>tclassextenddata</string><string>tclassextenddata</string><string>tclassextenddata</string><string>tclassextenddata</string></field><field name='TYPE'><string>Component</string><string>Page</string><string>Component</string><string>Component</string><string>Component</string></field><field name='SUBTYPE'><string>WithHeadingAndButtonLink</string><string>Home</string><string>RSSFeed</string><string>Spotlight</string><string>ArticleList</string></field><field name='ISACTIVE'><number>1.0</number><number>1.0</number><number>1.0</number><number>1.0</number><number>1.0</number></field><field name='NOTES'><null/><null/><null/><null/><null/></field><field name='LASTUPDATE'><null/><null/><null/><null/><null/></field><field name='DATECREATED'><null/><null/><null/><null/><null/></field><field name='LASTUPDATEBY'><null/><null/><null/><null/><null/></field><field name='HASSUMMARY'><number>1.0</number><number>0.0</number><number>1.0</number><number>1.0</number><number>1.0</number></field><field name='HASBODY'><number>1.0</number><number>0.0</number><number>0.0</number><number>0.0</number><number>0.0</number></field><field name='DESCRIPTION'><null/><null/><null/><null/><null/></field><field name='AVAILABLESUBTYPES'><null/><null/><null/><null/><null/></field><field name='ICONCLASS'><null/><string>icon-home</string><null/><null/><null/></field><field name='HASASSOCFILE'><number>1.0</number><number>1.0</number><number>1.0</number><number>1.0</number><number>1.0</number></field><field name='HASCONFIGURATOR'><number>0.0</number><number>0.0</number><number>0.0</number><number>0.0</number><number>0.0</number></field></recordset></data></wddxPacket>
