<wddxPacket version='1.0'><header/><data><recordset rowCount='8' fieldNames='EXTENDSETID,SUBTYPEID,CATEGORYID,SITEID,NAME,ORDERNO,ISACTIVE,CONTAINER' type='coldfusion.sql.QueryTable'><field name='EXTENDSETID'><string>8E6206FB-BB37-1EE3-5C536ADEDDE84116</string><string>9B093927-F94E-C3EF-63B1C369CBE61D31</string><string>9B093A36-0F79-0580-C7DCEF062851E8D1</string><string>9B093B06-0FB8-3756-7C0ACF0DF4D6F141</string><string>9B093C47-B3B5-5183-41024E1526A7F20F</string><string>EE1D8BF0-B8E6-0B61-70493D7D7A8835A6</string><string>F20CA7FA-9760-AFA3-EA55585DA1029671</string><string>F47EBFDC-DE71-DC6B-146D2F7D122DB509</string></field><field name='SUBTYPEID'><string>8E620677-C3AD-D022-1C8B47C098C36DC4</string><string>9B0938BE-DECA-B50E-12303D02931D245C</string><string>9B0938BE-DECA-B50E-12303D02931D245C</string><string>9B0938BE-DECA-B50E-12303D02931D245C</string><string>9B0938BE-DECA-B50E-12303D02931D245C</string><string>EE1D8B78-A2B2-B15C-005D07C14507CCE1</string><string>F20CA789-95FA-7453-870FC7ADF14A1114</string><string>F47EBF7D-FA66-C0C7-22F68AC03F842576</string></field><field name='CATEGORYID'><null/><null/><null/><null/><null/><null/><null/><null/></field><field name='SITEID'><string>theme-zerofour</string><string>theme-zerofour</string><string>theme-zerofour</string><string>theme-zerofour</string><string>theme-zerofour</string><string>theme-zerofour</string><string>theme-zerofour</string><string>theme-zerofour</string></field><field name='NAME'><string>Other Options</string><string>Home Page Header</string><string>Home Page Features 1 Area</string><string>Home Features 2 Left Box</string><string>Home Features 2 Right Box</string><string>RSS Feed Info</string><string>Spotlight Info</string><string>Article List Info</string></field><field name='ORDERNO'><number>8.0</number><number>1.0</number><number>2.0</number><number>3.0</number><number>4.0</number><number>5.0</number><number>6.0</number><number>7.0</number></field><field name='ISACTIVE'><number>1.0</number><number>1.0</number><number>1.0</number><number>1.0</number><number>1.0</number><number>1.0</number><number>1.0</number><number>1.0</number></field><field name='CONTAINER'><string>Basic</string><string>Basic</string><string>Basic</string><string>Basic</string><string>Basic</string><string>Basic</string><string>Basic</string><string>Basic</string></field></recordset></data></wddxPacket>
