<wddxPacket version='1.0'><header/><data><recordset rowCount='95' fieldNames='SITEID,CONTENTID,FILENAME,ARCHIVEID' type='coldfusion.sql.QueryTable'><field name='SITEID'><string>theme-arthouse</string><string>theme-forceful</string><string>theme-arthouse</string><string>theme-arthouse</string><string>theme-arthouse</string><string>theme-arthouse</string><string>theme-arthouse</string><string>theme-arthouse</string><string>theme-arthouse</string><string>theme-greptem</string><string>theme-greptem</string><string>theme-arthouse</string><string>theme-arthouse</string><string>default</string><string>default</string><string>default</string><string>theme-arwa</string><string>theme-arwa</string><string>theme-arwa</string><string>theme-arwa</string><string>theme-arwa</string><string>theme-arwa</string><string>theme-arwa</string><string>theme-arwa</string><string>theme-arwa</string><string>theme-arwa</string><string>theme-arwa</string><string>theme-arwa</string><string>theme-arwa</string><string>theme-arwa</string><string>theme-arwa</string><string>theme-arwa</string><string>theme-arwa</string><string>theme-arwa</string><string>theme-arwa</string><string>theme-arwa</string><string>theme-arwa</string><string>theme-arwa</string><string>theme-arwa</string><string>theme-arwa</string><string>theme-arwa</string><string>theme-arwa</string><string>theme-arwa</string><string>theme-arwa</string><string>theme-murabootstrap3</string><string>theme-zerofour</string><string>theme-zerofour</string><string>theme-zerofour</string><string>theme-zerofour</string><string>theme-zerofour</string><string>theme-zerofour</string><string>theme-zerofour</string><string>theme-zerofour</string><string>theme-zerofour</string><string>theme-zerofour</string><string>theme-zerofour</string><string>theme-zerofour</string><string>theme-zerofour</string><string>theme-murabootstrap3</string><string>theme-murabootstrap3</string><string>theme-arwa</string><string>theme-arwa</string><string>theme-arwa</string><string>theme-arwa</string><string>theme-zerofour</string><string>theme-zerofour</string><string>theme-zerofour</string><string>theme-zerofour</string><string>theme-zerofour</string><string>theme-zerofour</string><string>theme-zerofour</string><string>theme-zerofour</string><string>theme-zerofour</string><string>theme-zerofour</string><string>theme-zerofour</string><string>theme-zerofour</string><string>theme-zerofour</string><string>theme-zerofour</string><string>theme-zerofour</string><string>theme-zerofour</string><string>theme-zerofour</string><string>theme-zerofour</string><string>theme-zerofour</string><string>theme-zerofour</string><string>theme-zerofour</string><string>theme-zerofour</string><string>theme-zerofour</string><string>theme-zerofour</string><string>theme-zerofour</string><string>theme-zerofour</string><string>theme-zerofour</string><string>theme-zerofour</string><string>theme-zerofour</string><string>theme-zerofour</string><string>theme-sharron</string></field><field name='CONTENTID'><string>52433E32-A1F6-4DCC-8A1A0F31C8F08272</string><string>058C10FA-DA7C-40C5-9AE748EC1F0FADB6</string><string>7F602D1C-BC3D-4934-A2525228F6E8F234</string><string>288F8C24-5F28-41C6-95D4E07C7B2FBDB0</string><string>94A08043-EA88-4CC3-943BDFC8E63B0027</string><string>3CF1A394-5B0D-4994-B34DA1BA9FB2182F</string><string>09B275AE-FE7C-449F-BDDC9112B6BDF921</string><string>4BEC0A3B-5AF6-4956-B4435ABDE76CB3C1</string><string>12B5EBD2-D7F3-49E7-92BE2598006864FA</string><string>585EDFED-C956-4876-BD42693E7A294D06</string><string>5D344957-FD65-456E-A2F9D03E73D65F34</string><string>C7814F5A-F253-47FC-962EF5928C92A25B</string><string>25D41608-8DEB-4E28-BE3CD41C6EAD1DEB</string><string>00000000000000000000000000000000001</string><string>00000000000000000000000000000000001</string><string>00000000000000000000000000000000001</string><string>64AAD8B3-08C7-758B-92E48D77A1DAE7E3</string><string>64B594D6-FBE5-FFDF-EBA2C3ADAFAE0FF9</string><string>64C74850-9331-1A33-102A8AF3BD360B0D</string><string>64D688DA-E0AF-3ACC-1D8D77AFBE7F771E</string><string>64E469A5-9BC6-9C7D-7314F44976B0D9F1</string><string>64EEB4B3-0B8F-09E1-0A176966F8D44740</string><string>650584FC-DC81-BF50-52ABAC8030787BD0</string><string>652F938F-A80C-4260-8B693A3080D47D6F</string><string>653A5202-A665-4E60-62C28AA72FE8B916</string><string>68B5F475-EB06-95FE-5683A5F57C719805</string><string>68BC78DD-CC6B-1BE2-718C80A488551F8D</string><string>68C38A40-DDF1-B70A-63B09F63A5E0C6C1</string><string>68CA38B1-9533-3CCF-5D4383A3E0028A10</string><string>699A6170-E5C1-3CC7-BBE8D01EFE4647E3</string><string>69A4486D-DB11-6585-E4CE7A7F0076CF35</string><string>69E24B7B-FE70-DEC2-113C705E067550F7</string><string>69F06FC4-A3DB-0DE5-3252ACE72382A86F</string><string>69F87A90-9455-C4D3-EDEC21CBEDA09DCB</string><string>6A00B4CF-C2AB-C3C6-67D94EE8D26CB93E</string><string>69E24B7B-FE70-DEC2-113C705E067550F7</string><string>6A3E6F3A-9C74-A320-0553E0656359B97E</string><string>6A45A299-CDB8-1960-F2F15B69F1378353</string><string>6A4BB6FC-A684-DC54-92D826DF268AFBE0</string><string>7ED37DF3-C896-6EFC-CED87A44AD62E6FC</string><string>6A3E6F3A-9C74-A320-0553E0656359B97E</string><string>6A00B4CF-C2AB-C3C6-67D94EE8D26CB93E</string><string>7F0E4D67-DF20-5347-62AE1630CAF50A95</string><string>7F550267-D610-7352-E4BB9F12FA8B6ACD</string><string>F93E8FA1-CE3E-4528-8C4A25045D0AB3F9</string><string>17D79F26-0284-4D22-A521AE72DB94A3B3</string><string>B4C7F716-E279-4C11-AF878B6F453D4821</string><string>00000000000000000000000000000000001</string><string>00000000000000000000000000000000001</string><string>00000000000000000000000000000000001</string><string>00000000000000000000000000000000001</string><string>00000000000000000000000000000000001</string><string>00000000000000000000000000000000001</string><string>00000000000000000000000000000000001</string><string>00000000000000000000000000000000001</string><string>00000000000000000000000000000000001</string><string>00000000000000000000000000000000001</string><string>00000000000000000000000000000000001</string><string>C0CDC5C2-BBD9-5CD0-EDBBF35E6314ABDB</string><string>C0CF2CD9-AF1D-3314-9CBF84735084DDF8</string><string>00000000000000000000000000000000001</string><string>00000000000000000000000000000000001</string><string>C7AF04C2-9D78-5BC2-0B95A4D55D12FD0D</string><string>C7FA7A2C-DE6D-DF99-37C0762B721C8132</string><string>00000000000000000000000000000000001</string><string>94F83D0F-9482-4FB4-8BE6785F4BE5D1EE</string><string>1D26F23B-EF24-49EE-925C9DBE37E37049</string><string>AF3540C9-B68A-4BCF-90D6AE23DC9402EF</string><string>5DB7D9B9-F64A-4446-A0F5F3B52194106E</string><string>61BA64E7-A3FD-4B42-90655C6AE3F67552</string><string>B30114AD-4CE0-41BA-89BF06F811C31A54</string><string>A1215337-8B19-49C8-81C03DE9644AEAA2</string><string>4335801D-3828-4E8C-ACA0EE50F1980EF7</string><string>00000000000000000000000000000000001</string><string>00000000000000000000000000000000001</string><string>00000000000000000000000000000000001</string><string>F03B90A8-9B69-A3FA-7C6FBB634E04F020</string><string>F03C15C4-E411-1F2E-86B36AA81499F809</string><string>F03CB1DF-0442-3578-CBB3873CA8ED0251</string><string>F03B90A8-9B69-A3FA-7C6FBB634E04F020</string><string>00000000000000000000000000000000001</string><string>F03C15C4-E411-1F2E-86B36AA81499F809</string><string>F03CB1DF-0442-3578-CBB3873CA8ED0251</string><string>D574A26B-2AFE-4FEA-81273D75987826C9</string><string>00000000000000000000000000000000001</string><string>00000000000000000000000000000000001</string><string>F2E60177-FDA8-CB03-CBB214408FB3C953</string><string>F2E60177-FDA8-CB03-CBB214408FB3C953</string><string>F349D564-AAB0-3D65-6DA8988EDE311D73</string><string>F34A5F79-970C-B905-6892306CDD4CBE8A</string><string>F34ABD9B-9427-5E09-BCABBB218DB62F6A</string><string>F349D564-AAB0-3D65-6DA8988EDE311D73</string><string>F34A5F79-970C-B905-6892306CDD4CBE8A</string><string>F34ABD9B-9427-5E09-BCABBB218DB62F6A</string><string>00000000000000000000000000000000001</string></field><field name='FILENAME'><string>mura/folder</string><string>mura/folder-example</string><string>mura</string><string>blog/finding-inspiration</string><string>blog/noting-quality-in-art</string><string>blog/fusce-non-nisi-lorem</string><string>blog/praesent-luctus-leo</string><string>blog/lorem-ipsum-dolor-sit-amet</string><string>mura/gallery</string><string>mura/calendar</string><string>mura/folder-example</string><string>portfolio/two-column-portfolio/ready-for-cinema</string><string>portfolio/three-column-portfolio/ready-for-cinema</string><null/><null/><null/><string>sponsors</string><string>sponsors/adobe</string><string>sponsors/railo</string><string>sponsors/mura-cms</string><string>sponsors/hostek</string><string>sponsors/intergral-information-solutions</string><string>sponsors/razuna</string><string>sponsors/ten24-digital-solutions</string><string>sponsors/vivio-technologies</string><string>speakers</string><string>sessions</string><string>sponsors/foundeo</string><string>sponsors/ortus-solutions</string><string>sessions/session-1</string><string>speakers/steve-withington</string><string>venue</string><string>news</string><string>about</string><string>contact</string><string>about/venue</string><string>about/travel</string><string>about/steering-committee</string><string>about/content-advisory-board</string><string>about/code-of-conduct</string><string>venue/travel</string><string>about/contact</string><string>register</string><string>about/what-is-cfobjective</string><string>mura-objects/syntax-highlighting</string><string>events</string><string>news/air-show-draws-record-crowds</string><null/><null/><null/><null/><null/><null/><null/><null/><null/><null/><null/><string>about/protected-area/test</string><string>about/protected-area/test/temp</string><null/><null/><string>sessions/mura-plugins-level-2</string><string>about/steering-committee/steve-withington</string><null/><string>about</string><string>mura-objects</string><string>mura-objects/navigation-examples</string><string>about/protected-area</string><string>about/photo-gallery</string><string>news</string><string>blog</string><string>mura-objects/syntax-highlighting</string><null/><null/><null/><string>news/tropical-storm-hits-coast1</string><string>news/tropical-storm-hits-coast2</string><string>news/tropical-storm-hits-coast3</string><string>news/wait-whats-that</string><null/><string>news/really-close-up</string><string>news/pretty-blue-leds</string><string>blog/how-to-train-for-your-first-marathon</string><null/><null/><string>news/wait-whats-that1</string><string>news/why-staplers-matter</string><string>blog/how-to-score-great-seats-to-a-ball-game1</string><string>blog/how-to-score-great-seats-to-a-ball-game2</string><string>blog/how-to-score-great-seats-to-a-ball-game3</string><string>blog/on-the-eve-of-the-mayanocolypse</string><string>blog/life-as-a-self-aware-meme</string><string>blog/facepalm-moments-in-history</string><null/></field><field name='ARCHIVEID'><string>1EF98EFD-FF6A-2AFC-9B12DEAA8C8B1E9E</string><string>20E50A4D-E920-EC97-0542A63BF0CEFF87</string><string>212D6722-A9F5-B3CB-3ECF48BB61DEF078</string><string>21464318-E5B8-7E5F-51419BA8AC0A5D57</string><string>21477F8E-9B29-8BDC-14C07E50453188B9</string><string>21489D07-E580-FA56-5323732685732E79</string><string>214AD973-9BB8-0B85-2E48548E55707085</string><string>214BF99D-0404-98CB-407B767EE6FD3A90</string><string>21D98069-E07A-13A6-F75FF62C821BEC8D</string><string>47BA1FE5-C5E9-ADB9-C62AD70DFE616C49</string><string>47D65411-AA49-EDEE-82B7B1962A24D517</string><string>49801CC3-A5EE-350E-0FDA73A08E9FECD1</string><string>4990333C-F54D-37E7-5F334F5D2FABB568</string><string>585EF031-DE35-7459-CA638B1954E72B91</string><string>587FCD6D-A7DA-EA13-34309A06CB0C44BF</string><string>5881CE4B-9724-3BCA-7630FFE6F0D88134</string><string>64AF9ABE-C489-7473-C1608F031BDDEED6</string><string>64C24904-D411-E8CC-9D2227AE4B8485D8</string><string>64D0F6CC-B2CA-16BE-57D3EFE9897833B8</string><string>64DBF754-E7E2-68E9-7FC56D5F40F45255</string><string>64EBBB34-F175-0028-442A94F914091546</string><string>64FD35CC-EB15-A770-42245E055AA9EF7A</string><string>652AB75D-B211-DE67-C4981C1FC6F79372</string><string>65362F64-E7FF-C6B5-16550984ACE26734</string><string>653F77B4-B657-ED06-781D2D218CC478D5</string><string>68BB7745-D3E4-3C28-5A5772DD5D754070</string><string>68BFCDEE-0AE7-99EF-7FDE904FDAEB1DEF</string><string>68C78E85-A65C-3F90-E73849D5ABD84C58</string><string>68D305EC-F216-F437-2D9A73CCD6FB8CA9</string><string>697C533F-BFD4-48F5-F642D94B4CD7A4E5</string><string>69ACD9D7-915E-4B13-B5E7A3373EF2E7DE</string><string>69EC028C-A1B0-B338-958A1FB2831A5B2E</string><string>69F395BC-9448-529B-654BE4C45EDF241E</string><string>69FC3A97-9984-143F-82B893FAB9868BD6</string><string>6A035AF2-FC59-9423-689EB83F69441558</string><string>6A3DB921-CC4D-ED83-0D5B6658E6B97905</string><string>6A40A3AD-D85B-1CE1-3CBB03B1717A6ACE</string><string>6A4A2C21-AF97-DEB2-13C3EA6A017B8861</string><string>6A4DE957-A50E-525E-E7C9BA5071E30821</string><string>7ED4D539-FA34-33BC-F8C67C6A03C7B319</string><string>7EE0E49B-F776-8A88-E0278308CEBC0926</string><string>7F094CA7-FCD4-3C8C-93F3D0F0BE0A3FFD</string><string>7F119E22-F490-34C1-A73486CB7363F256</string><string>7F56CC9C-E023-3D22-C761A36C5D5FB7DB</string><string>86A4710D-BFB5-D15F-3963221F5A844F09</string><string>92F786DE-D039-016C-8EB265C1AB025E96</string><string>93A354E5-CCFB-5E0F-3C4DD027620C9D9A</string><string>94724F52-07EA-E12A-F0FE7EDDAEC8EEEB</string><string>9B59C910-F557-C2EA-10A815FC613C0B40</string><string>9B6D8537-D99A-AEA0-76E51DB01B1F3030</string><string>9BAA976E-BD72-C4CC-25233720A9F85CDD</string><string>9BAC12AD-0A8E-B515-C7139D05BDB3FDAE</string><string>9D7E7B64-0CA0-FD4B-ADB6F8159C36E908</string><string>9DCE9C01-0EFE-42C3-06C0D79CF6BB1399</string><string>BB6AEC97-E042-C900-FFD092D310179D8E</string><string>BB6DB311-D9F4-3CC3-24144AB013434853</string><string>BBA58AE7-9226-923B-F89692A45D0942DA</string><string>BBA97E96-012B-0E99-C971A77C9AAA06DD</string><string>C0CE926C-C4C0-44BA-85EF290E409626F3</string><string>C0CFF924-B4EE-F241-817189169C2BE3DE</string><string>C72B73E4-9C1A-A3D4-C2C6C7FB6AAA3815</string><string>C797B778-906B-4729-5A82901BBFED618C</string><string>C7BB3BB5-09FB-336D-6A17646044B84B18</string><string>C807A0BC-9379-6C5F-860E5B0F99CBD78C</string><string>CB67FE60-B8E9-67B4-7B97CB7AFB8D59BA</string><string>CD996A78-DAAA-9046-28B38E6C461DC604</string><string>CDB109E3-B184-87B7-E0EE0EDA36E69887</string><string>CDBDDA10-EEB4-B7F0-D6E4495EB7A1229A</string><string>CECB2B42-FED1-5630-C5938EC24773C0F2</string><string>CFDD1219-CA18-DA1E-18E2411DFE40DEA3</string><string>CFF1EA48-E630-E6B6-405D9C7F6F5D7644</string><string>D002EDEF-05DE-5E01-02A61AA30FC0B2D6</string><string>D0FDA3C3-F797-E53E-FB04EEF66A2A76F9</string><string>EA42AF46-C4D9-BA1C-1960E3D5105F5A4D</string><string>EA53242E-AD6E-C3A9-1F03250E0B68F41A</string><string>EF6A50E6-B57B-C7F4-2281F928B2029BFE</string><string>F03B9AD9-BEE5-6A24-FD15B8174D8F9310</string><string>F03C1A78-E2D9-ABBE-A27DE78A57C22BF8</string><string>F03CC977-D02C-2A8D-D0E77A66EE7E1066</string><string>F0517FAC-AB7B-9A0B-41E31E993DF1D8E4</string><string>F0732A95-BB08-E5F6-0DCF7922414512D1</string><string>F0870424-A009-7B17-D09C4F986C1B9F19</string><string>F0976C29-F6BC-5EEF-5E305B416176D08E</string><string>F09E9078-F3C7-4412-560566EB707A9922</string><string>F1D4063D-E779-DFC8-48FEE6D1736829E2</string><string>F1DC1C11-01A2-D625-32A1AE2EA34C8AB5</string><string>F2E60B48-A989-E44B-48F8139E3765652D</string><string>F2F4A6BB-E1DF-2062-E8F9BC8165299293</string><string>F349DED4-B9DC-CDDD-46E21DF95ECFDEB6</string><string>F34A6750-BFC3-9140-A14E0FB7CF17654F</string><string>F34AC5AF-F691-5628-66A28A886E9245EE</string><string>F355D676-B720-A976-BB64FACFAB52121A</string><string>F3699DCF-BB9A-17D6-669D320CABBF71FA</string><string>F36FFAD9-E672-C721-C2E1E42D3C0A3D94</string><string>F549E201-96DB-ADA2-C2E4322AD7347A0E</string></field></recordset></data></wddxPacket>
