<wddxPacket version='1.0'><header/><data><recordset rowCount='15' fieldNames='CONTENTHISTID,CATEGORYID,CONTENTID,ISFEATURE,ORDERNO,SITEID,FEATURESTART,FEATURESTOP' type='coldfusion.sql.QueryTable'><field name='CONTENTHISTID'><string>494EF5D8-0E16-4473-A624D90F545B7C91</string><string>780A76A1-73B2-4812-92450F6151D64779</string><string>83C8AD9A-723F-4A72-8E0414154C9381A3</string><string>93A76DAF-ABD8-6C8D-0D9181DD445C833E</string><string>93A76DAF-ABD8-6C8D-0D9181DD445C833E</string><string>AED295B0-DB96-412E-9B4EFB78E9357316</string><string>AED295B0-DB96-412E-9B4EFB78E9357316</string><string>F3B40820-0FA0-EB4A-980A9642C9BFBF67</string><string>F3B40820-0FA0-EB4A-980A9642C9BFBF67</string><string>F3B984B6-E0C9-F1B2-1A34789900AA4706</string><string>F3B984B6-E0C9-F1B2-1A34789900AA4706</string><string>F3BE044C-DA93-432E-B9CF57DC7A2842F1</string><string>F3BE044C-DA93-432E-B9CF57DC7A2842F1</string><string>F3C29347-DBAE-0879-92DEEE01490F06ED</string><string>F3C29347-DBAE-0879-92DEEE01490F06ED</string></field><field name='CATEGORYID'><string>F88A6B61-6612-483D-AB946203E387B12A</string><string>292E9DCB-7A50-4CB5-BEACDAE80E5A1881</string><string>607ACA17-F702-4F79-97798CC6586B5406</string><string>3EAB04A5-C246-4C41-ABAD814816FC0A9E</string><string>607ACA17-F702-4F79-97798CC6586B5406</string><string>1C0C3DED-B8FA-4D8C-B49DAA77724FE728</string><string>607ACA17-F702-4F79-97798CC6586B5406</string><string>1C0C3DED-B8FA-4D8C-B49DAA77724FE728</string><string>607ACA17-F702-4F79-97798CC6586B5406</string><string>1C0C3DED-B8FA-4D8C-B49DAA77724FE728</string><string>607ACA17-F702-4F79-97798CC6586B5406</string><string>1C0C3DED-B8FA-4D8C-B49DAA77724FE728</string><string>607ACA17-F702-4F79-97798CC6586B5406</string><string>1C0C3DED-B8FA-4D8C-B49DAA77724FE728</string><string>607ACA17-F702-4F79-97798CC6586B5406</string></field><field name='CONTENTID'><string>F39B769B-E5C1-42F4-927E90918989BB0D</string><string>CDFBC99A-2D06-4ECF-962BFCFFE6260308</string><string>FF5FCF22-6455-49A5-B6234AB1C2056A42</string><string>B4C7F716-E279-4C11-AF878B6F453D4821</string><string>B4C7F716-E279-4C11-AF878B6F453D4821</string><string>1091D6DD-2FCA-41C4-88D63B7CC88FB9B3</string><string>1091D6DD-2FCA-41C4-88D63B7CC88FB9B3</string><string>F2E60177-FDA8-CB03-CBB214408FB3C953</string><string>F2E60177-FDA8-CB03-CBB214408FB3C953</string><string>F03B90A8-9B69-A3FA-7C6FBB634E04F020</string><string>F03B90A8-9B69-A3FA-7C6FBB634E04F020</string><string>F03C15C4-E411-1F2E-86B36AA81499F809</string><string>F03C15C4-E411-1F2E-86B36AA81499F809</string><string>F03CB1DF-0442-3578-CBB3873CA8ED0251</string><string>F03CB1DF-0442-3578-CBB3873CA8ED0251</string></field><field name='ISFEATURE'><number>0.0</number><number>0.0</number><number>0.0</number><number>0.0</number><number>0.0</number><number>0.0</number><number>0.0</number><number>0.0</number><number>0.0</number><number>0.0</number><number>0.0</number><number>0.0</number><number>0.0</number><number>0.0</number><number>0.0</number></field><field name='ORDERNO'><number>0.0</number><number>0.0</number><number>0.0</number><number>0.0</number><number>0.0</number><number>0.0</number><number>0.0</number><number>0.0</number><number>0.0</number><number>0.0</number><number>0.0</number><number>0.0</number><number>0.0</number><number>0.0</number><number>0.0</number></field><field name='SITEID'><string>theme-zerofour</string><string>theme-zerofour</string><string>theme-zerofour</string><string>theme-zerofour</string><string>theme-zerofour</string><string>theme-zerofour</string><string>theme-zerofour</string><string>theme-zerofour</string><string>theme-zerofour</string><string>theme-zerofour</string><string>theme-zerofour</string><string>theme-zerofour</string><string>theme-zerofour</string><string>theme-zerofour</string><string>theme-zerofour</string></field><field name='FEATURESTART'><null/><null/><null/><null/><null/><null/><null/><null/><null/><null/><null/><null/><null/><null/><null/></field><field name='FEATURESTOP'><null/><null/><null/><null/><null/><null/><null/><null/><null/><null/><null/><null/><null/><null/><null/></field></recordset></data></wddxPacket>
