<wddxPacket version='1.0'><header/><data><recordset rowCount='16' fieldNames='FILEID,CONTENTID,SITEID,MODULEID,FILENAME,IMAGE,IMAGESMALL,IMAGEMEDIUM,FILESIZE,CONTENTTYPE,CONTENTSUBTYPE,FILEEXT,CREATED,DELETED,REMOTEPUBDATE,REMOTEURL,REMOTEID,CREDITS,REMOTESOURCE,CAPTION,ALTTEXT,REMOTESOURCEURL' type='coldfusion.sql.QueryTable'><field name='FILEID'><string>0B3C80A9-07EC-4487-8B478BBAE815F607</string><string>1486A0C2-4E0E-48BA-BC40D3E36D5A37B7</string><string>14BF3A2C-E039-41B8-8D2A40D0F4EF49DE</string><string>1DB6E1D8-88FB-4390-BDCBE35A320DDFC2</string><string>58D852BA-46E9-4015-9F9BF9E0555F1F36</string><string>6A4979CF-C824-4167-8BAF4DF6DDA4596C</string><string>8DA1E1D6-6928-4866-9086CE178CD359DF</string><string>CB7420D0-DE40-4E11-A94F24DA345C2938</string><string>E26E2759-D01A-4BB3-B05B7FA7BEECA7DF</string><string>E5532D8B-1CA8-4985-976B3E0C0108D8BC</string><string>F086EE68-C88B-59B3-24671EB2D3F5296E</string><string>F09755EC-A676-B8D8-663B09E80E11C693</string><string>F2F48F6E-90B7-BBEB-752150FD1017B511</string><string>F355B32D-CE04-ADAB-1BACF942577A9418</string><string>F3697D65-A08B-E8CC-C81FDF45B9B5D197</string><string>F36FE9C2-F7F1-B516-779605BF0C5A5CF4</string></field><field name='CONTENTID'><string>35FC24AB-7A56-4BF4-B1BBD66AE4205B1D</string><string>76052638-F06A-47D9-8BC6E445E3733E5C</string><string>F90D6967-67EC-4D8D-B26623AF58DA5999</string><string>D574A26B-2AFE-4FEA-81273D75987826C9</string><string>FF5FCF22-6455-49A5-B6234AB1C2056A42</string><string>B4C7F716-E279-4C11-AF878B6F453D4821</string><string>C3CAB84F-1C74-46F3-A8F6F213F336D6B5</string><string>34E2BBD2-31B7-46A1-84814784070CDE37</string><string>99211687-7DA1-40E5-A0D542AAD321555B</string><string>E2C3488F-EF4C-4BF5-A65356F9E3F512EC</string><string>F03C15C4-E411-1F2E-86B36AA81499F809</string><string>F03CB1DF-0442-3578-CBB3873CA8ED0251</string><string>F2E60177-FDA8-CB03-CBB214408FB3C953</string><string>F349D564-AAB0-3D65-6DA8988EDE311D73</string><string>F34A5F79-970C-B905-6892306CDD4CBE8A</string><string>F34ABD9B-9427-5E09-BCABBB218DB62F6A</string></field><field name='SITEID'><string>theme-zerofour</string><string>theme-zerofour</string><string>theme-zerofour</string><string>theme-zerofour</string><string>theme-zerofour</string><string>theme-zerofour</string><string>theme-zerofour</string><string>theme-zerofour</string><string>theme-zerofour</string><string>theme-zerofour</string><string>theme-zerofour</string><string>theme-zerofour</string><string>theme-zerofour</string><string>theme-zerofour</string><string>theme-zerofour</string><string>theme-zerofour</string></field><field name='MODULEID'><string>00000000000000000000000000000000000</string><string>00000000000000000000000000000000000</string><string>00000000000000000000000000000000000</string><string>00000000000000000000000000000000000</string><string>00000000000000000000000000000000000</string><string>00000000000000000000000000000000000</string><string>00000000000000000000000000000000000</string><string>00000000000000000000000000000000000</string><string>00000000000000000000000000000000000</string><string>00000000000000000000000000000000000</string><string>00000000000000000000000000000000000</string><string>00000000000000000000000000000000000</string><string>00000000000000000000000000000000000</string><string>00000000000000000000000000000000000</string><string>00000000000000000000000000000000000</string><string>00000000000000000000000000000000000</string></field><field name='FILENAME'><string>62A8772C-9CE4-4128-84F5CB790A079761_source.jpg</string><string>A311A76D-F2D9-463D-A26655599CF16982_source.jpg</string><string>61DFDEB1-45D8-4645-938727BD03E382B0_source.jpg</string><string>3FD8FA3B-57C5-4202-B9F03C776E8DD778_source.jpg</string><string>C97D5C19-7965-49DC-AA47DEF85C7BDF07_source.jpg</string><string>28A5C6D3-A318-4A18-B80ED3277FD0439E_source.jpg</string><string>5F93A4B4-7E64-440F-9604D2BAF365864B_source.jpg</string><string>955A12E0-9E5E-48BA-922600A519E7A314_source.jpg</string><string>sample-annual-report.pdf</string><string>30BA5898-1490-4C2E-99A7634A7A9DCDC2_source.jpg</string><string>pic02.jpg</string><string>pic03.jpg</string><string>pic07.jpg</string><string>pic04.jpg</string><string>pic05.jpg</string><string>pic06.jpg</string></field><field name='IMAGE'><null/><null/><null/><null/><null/><null/><null/><null/><null/><null/><null/><null/><null/><null/><null/><null/></field><field name='IMAGESMALL'><null/><null/><null/><null/><null/><null/><null/><null/><null/><null/><null/><null/><null/><null/><null/><null/></field><field name='IMAGEMEDIUM'><null/><null/><null/><null/><null/><null/><null/><null/><null/><null/><null/><null/><null/><null/><null/><null/></field><field name='FILESIZE'><number>4090658.0</number><number>473493.0</number><number>4245010.0</number><number>456354.0</number><number>506108.0</number><number>777056.0</number><number>4597525.0</number><number>1071255.0</number><number>20318.0</number><number>3791376.0</number><number>59070.0</number><number>49780.0</number><number>16893.0</number><number>10341.0</number><number>22196.0</number><number>25082.0</number></field><field name='CONTENTTYPE'><string>image</string><string>image</string><string>image</string><string>image</string><string>image</string><string>image</string><string>image</string><string>image</string><string>application</string><string>image</string><string>image</string><string>image</string><string>image</string><string>image</string><string>image</string><string>image</string></field><field name='CONTENTSUBTYPE'><string>jpeg</string><string>jpeg</string><string>jpeg</string><string>jpeg</string><string>jpeg</string><string>jpeg</string><string>jpeg</string><string>jpeg</string><string>pdf</string><string>jpeg</string><string>jpeg</string><string>jpeg</string><string>jpeg</string><string>jpeg</string><string>jpeg</string><string>jpeg</string></field><field name='FILEEXT'><string>jpg</string><string>jpg</string><string>jpg</string><string>jpg</string><string>jpg</string><string>jpg</string><string>jpg</string><string>jpg</string><string>pdf</string><string>jpg</string><string>jpg</string><string>jpg</string><string>jpg</string><string>jpg</string><string>jpg</string><string>jpg</string></field><field name='CREATED'><dateTime>2013-09-25T14:55:17-06:00</dateTime><dateTime>2013-09-25T15:48:37-06:00</dateTime><dateTime>2013-09-25T14:51:50-06:00</dateTime><dateTime>2013-09-25T15:49:16-06:00</dateTime><dateTime>2013-09-25T15:26:34-06:00</dateTime><dateTime>2013-09-25T15:25:33-06:00</dateTime><dateTime>2013-09-25T14:58:32-06:00</dateTime><dateTime>2013-09-25T15:44:28-06:00</dateTime><dateTime>2012-11-27T13:22:32-06:00</dateTime><dateTime>2013-09-25T14:54:05-06:00</dateTime><dateTime>2014-02-14T12:27:18-06:00</dateTime><dateTime>2014-02-14T12:29:05-06:00</dateTime><dateTime>2014-02-14T13:35:12-06:00</dateTime><dateTime>2014-02-14T13:45:48-06:00</dateTime><dateTime>2014-02-14T13:47:58-06:00</dateTime><dateTime>2014-02-14T13:48:40-06:00</dateTime></field><field name='DELETED'><number>0.0</number><number>0.0</number><number>0.0</number><number>0.0</number><number>0.0</number><number>0.0</number><number>0.0</number><number>0.0</number><number>0.0</number><number>0.0</number><number>0.0</number><number>0.0</number><number>0.0</number><number>0.0</number><number>0.0</number><number>0.0</number></field><field name='REMOTEPUBDATE'><dateTime>2013-09-25T14:55:33-06:00</dateTime><dateTime>2013-09-25T15:48:45-06:00</dateTime><dateTime>2013-09-25T14:52:04-06:00</dateTime><dateTime>2013-09-25T15:49:23-06:00</dateTime><dateTime>2013-09-25T15:26:42-06:00</dateTime><dateTime>2013-09-25T15:25:40-06:00</dateTime><dateTime>2013-09-25T14:58:46-06:00</dateTime><dateTime>2013-09-25T15:44:35-06:00</dateTime><null/><dateTime>2013-09-25T14:54:17-06:00</dateTime><dateTime>2014-02-14T12:27:18-06:00</dateTime><dateTime>2014-02-14T12:29:05-06:00</dateTime><dateTime>2014-02-14T13:35:12-06:00</dateTime><dateTime>2014-02-14T13:45:49-06:00</dateTime><dateTime>2014-02-14T13:47:58-06:00</dateTime><dateTime>2014-02-14T13:48:40-06:00</dateTime></field><field name='REMOTEURL'><null/><null/><null/><null/><null/><null/><null/><null/><null/><null/><null/><null/><null/><null/><null/><null/></field><field name='REMOTEID'><null/><null/><null/><null/><null/><null/><null/><null/><null/><null/><null/><null/><null/><null/><null/><null/></field><field name='CREDITS'><null/><null/><null/><null/><null/><null/><null/><null/><null/><null/><null/><null/><null/><null/><null/><null/></field><field name='REMOTESOURCE'><null/><null/><null/><null/><null/><null/><null/><null/><null/><null/><null/><null/><null/><null/><null/><null/></field><field name='CAPTION'><null/><string>&lt;p&gt;Lorem ipsum dolor sit amet, consectetur adipiscing elit. Praesent suscipit iaculis libero sed tristique. Quisque mollis dolor non tellus placerat vitae sodales lectus porta. Curabitur ut suscipit tellus.&lt;/p&gt;</string><null/><string>&lt;p&gt;Lorem ipsum dolor sit amet, consectetur adipiscing elit. Praesent suscipit iaculis libero sed tristique. Quisque mollis dolor non tellus placerat vitae sodales lectus porta. Curabitur ut suscipit tellus.&lt;/p&gt;</string><string>&lt;p&gt;Lorem ipsum dolor sit amet, consectetur adipiscing elit. Praesent suscipit iaculis libero sed tristique. Quisque mollis dolor non tellus placerat vitae sodales lectus porta. Curabitur ut suscipit tellus.&lt;/p&gt;</string><string>&lt;p&gt;Lorem ipsum dolor sit amet, consectetur adipiscing elit. Praesent suscipit iaculis libero sed tristique. Quisque mollis dolor non tellus placerat vitae sodales lectus porta. Curabitur ut suscipit tellus.&lt;/p&gt;</string><null/><string>&lt;p&gt;Lorem ipsum dolor sit amet, consectetur adipiscing elit. Praesent suscipit iaculis libero sed tristique. Quisque mollis dolor non tellus placerat vitae sodales lectus porta. Curabitur ut suscipit tellus.&lt;/p&gt;</string><null/><null/><null/><null/><null/><null/><null/><null/></field><field name='ALTTEXT'><null/><null/><null/><null/><null/><null/><null/><null/><null/><null/><null/><null/><null/><null/><null/><null/></field><field name='REMOTESOURCEURL'><null/><null/><null/><null/><null/><null/><null/><null/><null/><null/><null/><null/><null/><null/><null/><null/></field></recordset></data></wddxPacket>
