<wddxPacket version='1.0'><header/><data><recordset rowCount='5' fieldNames='CONTENTHISTID,RELATEDID,CONTENTID,SITEID,RELATEDCONTENTSETID,ORDERNO,RELATEDCONTENTID' type='coldfusion.sql.QueryTable'><field name='CONTENTHISTID'><string>92CBB784-5588-4B87-B5857BB78426CAEF</string><string>92CBB784-5588-4B87-B5857BB78426CAEF</string><string>92CBB784-5588-4B87-B5857BB78426CAEF</string><string>92CBB784-5588-4B87-B5857BB78426CAEF</string><string>EF00545C-F613-2A63-D693F0FC864D4FFE</string></field><field name='RELATEDID'><string>F0197CDA-2145-47C2-A2C52FE1E3E4E86E</string><string>4ECAD89A-E795-44AD-9DADFA6D128DFEB3</string><string>D179F479-DB27-4B53-97EEF5CD5CC9124F</string><string>E3E68D2F-00E6-44DF-BD216A546FEE28D5</string><string>00000000000000000000000000000000001</string></field><field name='CONTENTID'><string>3670797C-ED9B-41DF-AB22E20B1E58D441</string><string>3670797C-ED9B-41DF-AB22E20B1E58D441</string><string>3670797C-ED9B-41DF-AB22E20B1E58D441</string><string>3670797C-ED9B-41DF-AB22E20B1E58D441</string><string>94F83D0F-9482-4FB4-8BE6785F4BE5D1EE</string></field><field name='SITEID'><string>theme-zerofour</string><string>theme-zerofour</string><string>theme-zerofour</string><string>theme-zerofour</string><string>theme-zerofour</string></field><field name='RELATEDCONTENTSETID'><string>00000000000000000000000000000000000</string><string>00000000000000000000000000000000000</string><string>00000000000000000000000000000000000</string><string>00000000000000000000000000000000000</string><string>00000000000000000000000000000000000</string></field><field name='ORDERNO'><number>1.0</number><number>3.0</number><number>4.0</number><number>5.0</number><number>1.0</number></field><field name='RELATEDCONTENTID'><number>29.0</number><number>31.0</number><number>32.0</number><number>33.0</number><number>50.0</number></field></recordset></data></wddxPacket>
