<wddxPacket version='1.0'><header/><data><recordset rowCount='55' fieldNames='BASEID,ATTRIBUTEID,ATTRIBUTEVALUE,SITEID,STRINGVALUE,NUMERICVALUE,DATETIMEVALUE,REMOTEID' type='coldfusion.sql.QueryTable'><field name='BASEID'><string>C6D60611-A0A3-0DCD-916C36711D2876C4</string><string>C6D60611-A0A3-0DCD-916C36711D2876C4</string><string>C6D60611-A0A3-0DCD-916C36711D2876C4</string><string>C6D60611-A0A3-0DCD-916C36711D2876C4</string><string>C6D60611-A0A3-0DCD-916C36711D2876C4</string><string>EF03C3DE-F893-DFAB-06B30663997ADDB3</string><string>EF03C3DE-F893-DFAB-06B30663997ADDB3</string><string>EF03C3DE-F893-DFAB-06B30663997ADDB3</string><string>EF03C3DE-F893-DFAB-06B30663997ADDB3</string><string>EF03C3DE-F893-DFAB-06B30663997ADDB3</string><string>EF04D0FC-DEAC-7840-9B8430EBF8998F15</string><string>EF04D0FC-DEAC-7840-9B8430EBF8998F15</string><string>EF04D0FC-DEAC-7840-9B8430EBF8998F15</string><string>EF04D0FC-DEAC-7840-9B8430EBF8998F15</string><string>EF04D0FC-DEAC-7840-9B8430EBF8998F15</string><string>EF09036C-9B7D-9C57-CB2044546235F71A</string><string>EF09036C-9B7D-9C57-CB2044546235F71A</string><string>EF09036C-9B7D-9C57-CB2044546235F71A</string><string>EF09036C-9B7D-9C57-CB2044546235F71A</string><string>EF09036C-9B7D-9C57-CB2044546235F71A</string><string>F1DC1484-EF5F-FCD1-701287FA8796EB51</string><string>F1DC1484-EF5F-FCD1-701287FA8796EB51</string><string>F1DC1484-EF5F-FCD1-701287FA8796EB51</string><string>F1DC1484-EF5F-FCD1-701287FA8796EB51</string><string>F1DC1484-EF5F-FCD1-701287FA8796EB51</string><string>F1DC1484-EF5F-FCD1-701287FA8796EB51</string><string>F1DC1484-EF5F-FCD1-701287FA8796EB51</string><string>F1DC1484-EF5F-FCD1-701287FA8796EB51</string><string>F1DC1484-EF5F-FCD1-701287FA8796EB51</string><string>F1DC1484-EF5F-FCD1-701287FA8796EB51</string><string>F1DC1484-EF5F-FCD1-701287FA8796EB51</string><string>F1DC1484-EF5F-FCD1-701287FA8796EB51</string><string>F1DC1484-EF5F-FCD1-701287FA8796EB51</string><string>F1DC1484-EF5F-FCD1-701287FA8796EB51</string><string>F1DC1484-EF5F-FCD1-701287FA8796EB51</string><string>F1DC1484-EF5F-FCD1-701287FA8796EB51</string><string>F1DC1484-EF5F-FCD1-701287FA8796EB51</string><string>F1DC1484-EF5F-FCD1-701287FA8796EB51</string><string>F1DC1484-EF5F-FCD1-701287FA8796EB51</string><string>F1DC1484-EF5F-FCD1-701287FA8796EB51</string><string>F1DC1484-EF5F-FCD1-701287FA8796EB51</string><string>F1DC1484-EF5F-FCD1-701287FA8796EB51</string><string>F1DC1484-EF5F-FCD1-701287FA8796EB51</string><string>F1DC1484-EF5F-FCD1-701287FA8796EB51</string><string>F3368E6C-DC31-232D-87BE48E8C15B0747</string><string>F3368E6C-DC31-232D-87BE48E8C15B0747</string><string>F4978505-09A7-CE33-41314907D142C072</string><string>F4978505-09A7-CE33-41314907D142C072</string><string>F4978505-09A7-CE33-41314907D142C072</string><string>F4978505-09A7-CE33-41314907D142C072</string><string>4FCBBA34-06BE-E851-71F2AB764CA4F42A</string><string>4FCBBA34-06BE-E851-71F2AB764CA4F42A</string><string>4FCBBA34-06BE-E851-71F2AB764CA4F42A</string><string>4FCBBA34-06BE-E851-71F2AB764CA4F42A</string><string>4FCBBA34-06BE-E851-71F2AB764CA4F42A</string></field><field name='ATTRIBUTEID'><number>92.0</number><number>93.0</number><number>94.0</number><number>95.0</number><number>96.0</number><number>92.0</number><number>93.0</number><number>94.0</number><number>95.0</number><number>96.0</number><number>92.0</number><number>93.0</number><number>94.0</number><number>95.0</number><number>96.0</number><number>92.0</number><number>93.0</number><number>94.0</number><number>95.0</number><number>96.0</number><number>147.0</number><number>148.0</number><number>149.0</number><number>150.0</number><number>151.0</number><number>152.0</number><number>153.0</number><number>154.0</number><number>157.0</number><number>158.0</number><number>159.0</number><number>160.0</number><number>161.0</number><number>162.0</number><number>163.0</number><number>164.0</number><number>165.0</number><number>166.0</number><number>167.0</number><number>168.0</number><number>169.0</number><number>170.0</number><number>171.0</number><number>172.0</number><number>178.0</number><number>179.0</number><number>180.0</number><number>181.0</number><number>182.0</number><number>183.0</number><number>173.0</number><number>174.0</number><number>175.0</number><number>176.0</number><number>177.0</number></field><field name='ATTRIBUTEVALUE'><string>Blue River Interactive</string><null/><null/><string>none</string><string>normal</string><string>Some Heading</string><string>http://getmura.com</string><string>Find Out More</string><string>fa-info-circle</string><string>normal</string><string>Subheading</string><string>http://getmura.com</string><string>Do Something</string><string>fa-check-circle</string><string>alt</string><string>ZEROFOUR BY HTML5 UP</string><string>http://html5up.net</string><string>More @ HTML5Up.net</string><string>fa-arrow-circle-o-right</string><string>alt</string><string>ZEROFOUR: A FREE RESPONSIVE SITE TEMPLATE BUILT ON HTML5 AND CSS3 BY HTML5 UP</string><string>DOES THIS STATEMENT MAKE YOU WANT TO CLICK THE SHINY BLUE BUTTON?</string><string>Yes It Does</string><string>#</string><string>fa-check-circle</string><string>normal</string><string>THIS IS AN IMPORTANT HEADING</string><string>AND THIS IS WHERE WE TALK ABOUT WHY WE’RE PRETTY AWESOME ...</string><string>AND THIS IS A SUBHEADING</string><string>IT’S IMPORTANT BUT CLEARLY NOT *THAT* IMPORTANT</string><string>&lt;p&gt;Phasellus quam turpis, feugiat sit amet ornare in, hendrerit in lectus. Praesent semper mod quis eget mi. Etiam eu ante risus. Aliquam erat volutpat. Aliquam luctus et mattis lectus sit amet pulvinar. Nam turpis nisi consequat etiam.&lt;/p&gt;</string><string>Let's Do This</string><string>#</string><string>fa-arrow-circle-o-right</string><string>normal</string><string>THIS IS ALSO A SUBHEADING</string><string>AND IS AS LESS IMPORTANT AS THE OTHER ONE</string><string>&lt;p&gt;Phasellus quam turpis, feugiat sit amet ornare in, hendrerit in lectus. Praesent semper mod quis eget mi. Etiam eu ante risus. Aliquam erat volutpat. Aliquam luctus et mattis lectus sit amet pulvinar. Nam turpis nisi consequat etiam.&lt;/p&gt;</string><string>Wait, What?</string><string>#</string><string>fa-info-circle</string><string>alt</string><string>Latest News</string><string>&lt;p&gt;Phasellus quam turpis, feugiat sit amet ornare in, hendrerit in lectus. Praesent semper bibendum ipsum, et tristique augue fringilla eu. Vivamus id risus vel dolor auctor euismod quis eget mi. Etiam eu ante risus. Aliquam erat volutpat. Aliquam luctus mattis lectus sit amet pulvinar. Nam nec turpis.&lt;/p&gt;</string><string>Spotlight</string><string>random</string><string>From The Blog</string><string>From Our Blog</string><string>true</string><string>3</string><string>Mura CMS</string><string>http://www.getmura.com/tasks/feed/?feedID=91B4E7A5-37AC-466A-ACDF6ABFD95ACCBD</string><string>true</string><string>true</string><string>2</string></field><field name='SITEID'><string>theme-zerofour</string><string>theme-zerofour</string><string>theme-zerofour</string><string>theme-zerofour</string><string>theme-zerofour</string><string>theme-zerofour</string><string>theme-zerofour</string><string>theme-zerofour</string><string>theme-zerofour</string><string>theme-zerofour</string><string>theme-zerofour</string><string>theme-zerofour</string><string>theme-zerofour</string><string>theme-zerofour</string><string>theme-zerofour</string><string>theme-zerofour</string><string>theme-zerofour</string><string>theme-zerofour</string><string>theme-zerofour</string><string>theme-zerofour</string><string>theme-zerofour</string><string>theme-zerofour</string><string>theme-zerofour</string><string>theme-zerofour</string><string>theme-zerofour</string><string>theme-zerofour</string><string>theme-zerofour</string><string>theme-zerofour</string><string>theme-zerofour</string><string>theme-zerofour</string><string>theme-zerofour</string><string>theme-zerofour</string><string>theme-zerofour</string><string>theme-zerofour</string><string>theme-zerofour</string><string>theme-zerofour</string><string>theme-zerofour</string><string>theme-zerofour</string><string>theme-zerofour</string><string>theme-zerofour</string><string>theme-zerofour</string><string>theme-zerofour</string><string>theme-zerofour</string><string>theme-zerofour</string><string>theme-zerofour</string><string>theme-zerofour</string><string>theme-zerofour</string><string>theme-zerofour</string><string>theme-zerofour</string><string>theme-zerofour</string><string>theme-zerofour</string><string>theme-zerofour</string><string>theme-zerofour</string><string>theme-zerofour</string><string>theme-zerofour</string></field><field name='STRINGVALUE'><string>Blue River Interactive</string><string></string><string></string><string>none</string><string>normal</string><string>Some Heading</string><string>http://getmura.com</string><string>Find Out More</string><string>fa-info-circle</string><string>normal</string><string>Subheading</string><string>http://getmura.com</string><string>Do Something</string><string>fa-check-circle</string><string>alt</string><string>ZEROFOUR BY HTML5 UP</string><string>http://html5up.net</string><string>More @ HTML5Up.net</string><string>fa-arrow-circle-o-right</string><string>alt</string><string>ZEROFOUR: A FREE RESPONSIVE SITE TEMPLATE BUILT ON HTML5 AND CSS3 BY HTML5 UP</string><string>DOES THIS STATEMENT MAKE YOU WANT TO CLICK THE SHINY BLUE BUTTON?</string><string>Yes It Does</string><string>#</string><string>fa-check-circle</string><string>normal</string><string>THIS IS AN IMPORTANT HEADING</string><string>AND THIS IS WHERE WE TALK ABOUT WHY WE’RE PRETTY AWESOME ...</string><string>AND THIS IS A SUBHEADING</string><string>IT’S IMPORTANT BUT CLEARLY NOT *THAT* IMPORTANT</string><string>&lt;p&gt;Phasellus quam turpis, feugiat sit amet ornare in, hendrerit in lectus. Praesent semper mod quis eget mi. Etiam eu ante risus. Aliquam erat volutpat. Aliquam luctus et mattis lectus sit amet pulvinar. Nam turpis nisi consequat etiam.&lt;/p&gt;</string><string>Let's Do This</string><string>#</string><string>fa-arrow-circle-o-right</string><string>normal</string><string>THIS IS ALSO A SUBHEADING</string><string>AND IS AS LESS IMPORTANT AS THE OTHER ONE</string><string>&lt;p&gt;Phasellus quam turpis, feugiat sit amet ornare in, hendrerit in lectus. Praesent semper mod quis eget mi. Etiam eu ante risus. Aliquam erat volutpat. Aliquam luctus et mattis lectus sit amet pulvinar. Nam turpis nisi consequat etiam.&lt;/p&gt;</string><string>Wait, What?</string><string>#</string><string>fa-info-circle</string><string>alt</string><string>Latest News</string><string>&lt;p&gt;Phasellus quam turpis, feugiat sit amet ornare in, hendrerit in lectus. Praesent semper bibendum ipsum, et tristique augue fringilla eu. Vivamus id risus vel dolor auctor euismod quis eget mi. Etiam eu ante risus. Aliquam erat volutpat. Aliquam lu</string><string>Spotlight</string><string>random</string><string>From The Blog</string><string>From Our Blog</string><string>true</string><string>3</string><string>Mura CMS</string><string>http://www.getmura.com/tasks/feed/?feedID=91B4E7A5-37AC-466A-ACDF6ABFD95ACCBD</string><string>true</string><string>true</string><string>2</string></field><field name='NUMERICVALUE'><null/><null/><null/><null/><null/><null/><null/><null/><null/><null/><null/><null/><null/><null/><null/><null/><null/><null/><null/><null/><null/><null/><null/><null/><null/><null/><null/><null/><null/><null/><null/><null/><null/><null/><null/><null/><null/><null/><null/><null/><null/><null/><null/><null/><null/><null/><null/><null/><null/><null/><null/><null/><null/><null/><null/></field><field name='DATETIMEVALUE'><null/><null/><null/><null/><null/><null/><null/><null/><null/><null/><null/><null/><null/><null/><null/><null/><null/><null/><null/><null/><null/><null/><null/><null/><null/><null/><null/><null/><null/><null/><null/><null/><null/><null/><null/><null/><null/><null/><null/><null/><null/><null/><null/><null/><null/><null/><null/><null/><null/><null/><null/><null/><null/><null/><null/></field><field name='REMOTEID'><string></string><string></string><string></string><string></string><string></string><string></string><string></string><string></string><string></string><string></string><string></string><string></string><string></string><string></string><string></string><string></string><string></string><string></string><string></string><string></string><string></string><string></string><string></string><string></string><string></string><string></string><string></string><string></string><string></string><string></string><string></string><string></string><string></string><string></string><string></string><string></string><string></string><string></string><string></string><string></string><string></string><string></string><string></string><string></string><string></string><string></string><string></string><string></string><string></string><string></string><string></string><string></string><string></string><string></string><string></string></field></recordset></data></wddxPacket>
