<wddxPacket version='1.0'><header/><data><recordset rowCount='4' fieldNames='FEEDID,ITEMID,TYPE' type='coldfusion.sql.QueryTable'><field name='FEEDID'><string>442FBC25-FDAB-4108-A2F1BB17B5A88B21</string><string>F05F6D0E-E975-A462-A0B83724B25ED767</string><string>F06BF6FF-F325-143E-6DCB38CD6EBB2D98</string><string>F06BF6FF-F325-143E-6DCB38CD6EBB2D98</string></field><field name='ITEMID'><string>A1215337-8B19-49C8-81C03DE9644AEAA2</string><string>B30114AD-4CE0-41BA-89BF06F811C31A54</string><string>A1215337-8B19-49C8-81C03DE9644AEAA2</string><string>B30114AD-4CE0-41BA-89BF06F811C31A54</string></field><field name='TYPE'><string>contentID</string><string>contentID</string><string>contentID</string><string>contentID</string></field></recordset></data></wddxPacket>
