<wddxPacket version='1.0'><header/><data><recordset rowCount='53' fieldNames='SITEID,CONTENTID,FILENAME,ARCHIVEID' type='coldfusion.sql.QueryTable'><field name='SITEID'><string>theme-zerofour</string><string>theme-zerofour</string><string>theme-zerofour</string><string>theme-zerofour</string><string>theme-zerofour</string><string>theme-zerofour</string><string>theme-zerofour</string><string>theme-zerofour</string><string>theme-zerofour</string><string>theme-zerofour</string><string>theme-zerofour</string><string>theme-zerofour</string><string>theme-zerofour</string><string>theme-zerofour</string><string>theme-zerofour</string><string>theme-zerofour</string><string>theme-zerofour</string><string>theme-zerofour</string><string>theme-zerofour</string><string>theme-zerofour</string><string>theme-zerofour</string><string>theme-zerofour</string><string>theme-zerofour</string><string>theme-zerofour</string><string>theme-zerofour</string><string>theme-zerofour</string><string>theme-zerofour</string><string>theme-zerofour</string><string>theme-zerofour</string><string>theme-zerofour</string><string>theme-zerofour</string><string>theme-zerofour</string><string>theme-zerofour</string><string>theme-zerofour</string><string>theme-zerofour</string><string>theme-zerofour</string><string>theme-zerofour</string><string>theme-zerofour</string><string>theme-zerofour</string><string>theme-zerofour</string><string>theme-zerofour</string><string>theme-zerofour</string><string>theme-zerofour</string><string>theme-zerofour</string><string>theme-zerofour</string><string>theme-zerofour</string><string>theme-zerofour</string><string>theme-zerofour</string><string>theme-zerofour</string><string>theme-zerofour</string><string>theme-zerofour</string><string>theme-zerofour</string><string>theme-zerofour</string></field><field name='CONTENTID'><string>F39B769B-E5C1-42F4-927E90918989BB0D</string><string>CDFBC99A-2D06-4ECF-962BFCFFE6260308</string><string>2CC1F8D3-E713-E356-BBC8B71234653A8F</string><string>2CC1F8D3-E713-E356-BBC8B71234653A8F</string><string>00000000000000000000000000000000001</string><string>00000000000000000000000000000000001</string><string>00000000000000000000000000000000001</string><string>00000000000000000000000000000000001</string><string>00000000000000000000000000000000001</string><string>17D79F26-0284-4D22-A521AE72DB94A3B3</string><string>B4C7F716-E279-4C11-AF878B6F453D4821</string><string>00000000000000000000000000000000001</string><string>744EB97B-DBDC-4A8E-98EB2DC00ABA4C54</string><string>00000000000000000000000000000000001</string><string>00000000000000000000000000000000001</string><string>00000000000000000000000000000000001</string><string>00000000000000000000000000000000001</string><string>00000000000000000000000000000000001</string><string>00000000000000000000000000000000001</string><string>00000000000000000000000000000000001</string><string>00000000000000000000000000000000001</string><string>00000000000000000000000000000000001</string><string>00000000000000000000000000000000001</string><string>00000000000000000000000000000000001</string><string>94F83D0F-9482-4FB4-8BE6785F4BE5D1EE</string><string>1D26F23B-EF24-49EE-925C9DBE37E37049</string><string>AF3540C9-B68A-4BCF-90D6AE23DC9402EF</string><string>5DB7D9B9-F64A-4446-A0F5F3B52194106E</string><string>61BA64E7-A3FD-4B42-90655C6AE3F67552</string><string>B30114AD-4CE0-41BA-89BF06F811C31A54</string><string>A1215337-8B19-49C8-81C03DE9644AEAA2</string><string>4335801D-3828-4E8C-ACA0EE50F1980EF7</string><string>00000000000000000000000000000000001</string><string>00000000000000000000000000000000001</string><string>00000000000000000000000000000000001</string><string>F03B90A8-9B69-A3FA-7C6FBB634E04F020</string><string>F03C15C4-E411-1F2E-86B36AA81499F809</string><string>F03CB1DF-0442-3578-CBB3873CA8ED0251</string><string>F03B90A8-9B69-A3FA-7C6FBB634E04F020</string><string>00000000000000000000000000000000001</string><string>F03C15C4-E411-1F2E-86B36AA81499F809</string><string>F03CB1DF-0442-3578-CBB3873CA8ED0251</string><string>D574A26B-2AFE-4FEA-81273D75987826C9</string><string>00000000000000000000000000000000001</string><string>00000000000000000000000000000000001</string><string>F2E60177-FDA8-CB03-CBB214408FB3C953</string><string>F2E60177-FDA8-CB03-CBB214408FB3C953</string><string>F349D564-AAB0-3D65-6DA8988EDE311D73</string><string>F34A5F79-970C-B905-6892306CDD4CBE8A</string><string>F34ABD9B-9427-5E09-BCABBB218DB62F6A</string><string>F349D564-AAB0-3D65-6DA8988EDE311D73</string><string>F34A5F79-970C-B905-6892306CDD4CBE8A</string><string>F34ABD9B-9427-5E09-BCABBB218DB62F6A</string></field><field name='FILENAME'><string>events/muracon-us-2014</string><string>events/mura-cms-training</string><string>events/mura-cms-training1</string><string>events/mura-cms-eu-training</string><null/><null/><null/><null/><null/><string>events</string><string>news/air-show-draws-record-crowds</string><null/><string>about/protected-area/sample-page</string><null/><null/><null/><null/><null/><null/><null/><null/><null/><null/><null/><string>about</string><string>mura-objects</string><string>mura-objects/navigation-examples</string><string>about/protected-area</string><string>about/photo-gallery</string><string>news</string><string>blog</string><string>mura-objects/syntax-highlighting</string><null/><null/><null/><string>news/tropical-storm-hits-coast1</string><string>news/tropical-storm-hits-coast2</string><string>news/tropical-storm-hits-coast3</string><string>news/wait-whats-that</string><null/><string>news/really-close-up</string><string>news/pretty-blue-leds</string><string>blog/how-to-train-for-your-first-marathon</string><null/><null/><string>news/wait-whats-that1</string><string>news/why-staplers-matter</string><string>blog/how-to-score-great-seats-to-a-ball-game1</string><string>blog/how-to-score-great-seats-to-a-ball-game2</string><string>blog/how-to-score-great-seats-to-a-ball-game3</string><string>blog/on-the-eve-of-the-mayanocolypse</string><string>blog/life-as-a-self-aware-meme</string><string>blog/facepalm-moments-in-history</string></field><field name='ARCHIVEID'><string>2CB31619-D34B-DA0A-F001C87406C98E5B</string><string>2CBDA34C-D88E-4430-198AB5AC6F8A27A4</string><string>2CC200F2-C412-4E4A-5B0EA4DDE360D027</string><string>2CCD1549-F105-6A2A-2801EDB3A012DDB7</string><string>5FD3C33C-B226-3DAB-218D08DD642B25B7</string><string>5FDE9AC0-9F10-9353-D16530AE153E672A</string><string>5FEE8FEA-F6C4-06E9-A5FD75164376A7FA</string><string>5FF4EA7F-C516-5C7F-D632B540CAA8FD95</string><string>5FF7E681-BB68-A752-1C2BE75AB2F54C02</string><string>92F786DE-D039-016C-8EB265C1AB025E96</string><string>93A354E5-CCFB-5E0F-3C4DD027620C9D9A</string><string>94724F52-07EA-E12A-F0FE7EDDAEC8EEEB</string><string>9780B4E5-B22F-25E9-9A5B69B8CF9CEBDB</string><string>9B59C910-F557-C2EA-10A815FC613C0B40</string><string>9B6D8537-D99A-AEA0-76E51DB01B1F3030</string><string>9BAA976E-BD72-C4CC-25233720A9F85CDD</string><string>9BAC12AD-0A8E-B515-C7139D05BDB3FDAE</string><string>9D7E7B64-0CA0-FD4B-ADB6F8159C36E908</string><string>9DCE9C01-0EFE-42C3-06C0D79CF6BB1399</string><string>BB6AEC97-E042-C900-FFD092D310179D8E</string><string>BB6DB311-D9F4-3CC3-24144AB013434853</string><string>BBA58AE7-9226-923B-F89692A45D0942DA</string><string>BBA97E96-012B-0E99-C971A77C9AAA06DD</string><string>CB67FE60-B8E9-67B4-7B97CB7AFB8D59BA</string><string>CD996A78-DAAA-9046-28B38E6C461DC604</string><string>CDB109E3-B184-87B7-E0EE0EDA36E69887</string><string>CDBDDA10-EEB4-B7F0-D6E4495EB7A1229A</string><string>CECB2B42-FED1-5630-C5938EC24773C0F2</string><string>CFDD1219-CA18-DA1E-18E2411DFE40DEA3</string><string>CFF1EA48-E630-E6B6-405D9C7F6F5D7644</string><string>D002EDEF-05DE-5E01-02A61AA30FC0B2D6</string><string>D0FDA3C3-F797-E53E-FB04EEF66A2A76F9</string><string>EA42AF46-C4D9-BA1C-1960E3D5105F5A4D</string><string>EA53242E-AD6E-C3A9-1F03250E0B68F41A</string><string>EF6A50E6-B57B-C7F4-2281F928B2029BFE</string><string>F03B9AD9-BEE5-6A24-FD15B8174D8F9310</string><string>F03C1A78-E2D9-ABBE-A27DE78A57C22BF8</string><string>F03CC977-D02C-2A8D-D0E77A66EE7E1066</string><string>F0517FAC-AB7B-9A0B-41E31E993DF1D8E4</string><string>F0732A95-BB08-E5F6-0DCF7922414512D1</string><string>F0870424-A009-7B17-D09C4F986C1B9F19</string><string>F0976C29-F6BC-5EEF-5E305B416176D08E</string><string>F09E9078-F3C7-4412-560566EB707A9922</string><string>F1D4063D-E779-DFC8-48FEE6D1736829E2</string><string>F1DC1C11-01A2-D625-32A1AE2EA34C8AB5</string><string>F2E60B48-A989-E44B-48F8139E3765652D</string><string>F2F4A6BB-E1DF-2062-E8F9BC8165299293</string><string>F349DED4-B9DC-CDDD-46E21DF95ECFDEB6</string><string>F34A6750-BFC3-9140-A14E0FB7CF17654F</string><string>F34AC5AF-F691-5628-66A28A886E9245EE</string><string>F355D676-B720-A976-BB64FACFAB52121A</string><string>F3699DCF-BB9A-17D6-669D320CABBF71FA</string><string>F36FFAD9-E672-C721-C2E1E42D3C0A3D94</string></field></recordset></data></wddxPacket>
