<wddxPacket version='1.0'><header/><data><recordset rowCount='41' fieldNames='ATTRIBUTEID,EXTENDSETID,SITEID,NAME,LABEL,HINT,TYPE,ORDERNO,ISACTIVE,REQUIRED,VALIDATION,REGEX,MESSAGE,DEFAULTVALUE,OPTIONLIST,OPTIONLABELLIST' type='coldfusion.sql.QueryTable'><field name='ATTRIBUTEID'><number>92.0</number><number>93.0</number><number>94.0</number><number>95.0</number><number>96.0</number><number>147.0</number><number>148.0</number><number>149.0</number><number>150.0</number><number>151.0</number><number>152.0</number><number>514.0</number><number>153.0</number><number>154.0</number><number>171.0</number><number>172.0</number><number>157.0</number><number>158.0</number><number>159.0</number><number>160.0</number><number>161.0</number><number>162.0</number><number>163.0</number><number>164.0</number><number>165.0</number><number>166.0</number><number>167.0</number><number>168.0</number><number>169.0</number><number>170.0</number><number>173.0</number><number>174.0</number><number>175.0</number><number>176.0</number><number>177.0</number><number>178.0</number><number>179.0</number><number>180.0</number><number>181.0</number><number>182.0</number><number>183.0</number></field><field name='EXTENDSETID'><string>8E6206FB-BB37-1EE3-5C536ADEDDE84116</string><string>8E6206FB-BB37-1EE3-5C536ADEDDE84116</string><string>8E6206FB-BB37-1EE3-5C536ADEDDE84116</string><string>8E6206FB-BB37-1EE3-5C536ADEDDE84116</string><string>8E6206FB-BB37-1EE3-5C536ADEDDE84116</string><string>9B093927-F94E-C3EF-63B1C369CBE61D31</string><string>9B093927-F94E-C3EF-63B1C369CBE61D31</string><string>9B093927-F94E-C3EF-63B1C369CBE61D31</string><string>9B093927-F94E-C3EF-63B1C369CBE61D31</string><string>9B093927-F94E-C3EF-63B1C369CBE61D31</string><string>9B093927-F94E-C3EF-63B1C369CBE61D31</string><string>9B093927-F94E-C3EF-63B1C369CBE61D31</string><string>9B093A36-0F79-0580-C7DCEF062851E8D1</string><string>9B093A36-0F79-0580-C7DCEF062851E8D1</string><string>9B093A36-0F79-0580-C7DCEF062851E8D1</string><string>9B093A36-0F79-0580-C7DCEF062851E8D1</string><string>9B093B06-0FB8-3756-7C0ACF0DF4D6F141</string><string>9B093B06-0FB8-3756-7C0ACF0DF4D6F141</string><string>9B093B06-0FB8-3756-7C0ACF0DF4D6F141</string><string>9B093B06-0FB8-3756-7C0ACF0DF4D6F141</string><string>9B093B06-0FB8-3756-7C0ACF0DF4D6F141</string><string>9B093B06-0FB8-3756-7C0ACF0DF4D6F141</string><string>9B093B06-0FB8-3756-7C0ACF0DF4D6F141</string><string>9B093C47-B3B5-5183-41024E1526A7F20F</string><string>9B093C47-B3B5-5183-41024E1526A7F20F</string><string>9B093C47-B3B5-5183-41024E1526A7F20F</string><string>9B093C47-B3B5-5183-41024E1526A7F20F</string><string>9B093C47-B3B5-5183-41024E1526A7F20F</string><string>9B093C47-B3B5-5183-41024E1526A7F20F</string><string>9B093C47-B3B5-5183-41024E1526A7F20F</string><string>EE1D8BF0-B8E6-0B61-70493D7D7A8835A6</string><string>EE1D8BF0-B8E6-0B61-70493D7D7A8835A6</string><string>EE1D8BF0-B8E6-0B61-70493D7D7A8835A6</string><string>EE1D8BF0-B8E6-0B61-70493D7D7A8835A6</string><string>EE1D8BF0-B8E6-0B61-70493D7D7A8835A6</string><string>F20CA7FA-9760-AFA3-EA55585DA1029671</string><string>F20CA7FA-9760-AFA3-EA55585DA1029671</string><string>F47EBFDC-DE71-DC6B-146D2F7D122DB509</string><string>F47EBFDC-DE71-DC6B-146D2F7D122DB509</string><string>F47EBFDC-DE71-DC6B-146D2F7D122DB509</string><string>F47EBFDC-DE71-DC6B-146D2F7D122DB509</string></field><field name='SITEID'><string>theme-zerofour</string><string>theme-zerofour</string><string>theme-zerofour</string><string>theme-zerofour</string><string>theme-zerofour</string><string>theme-zerofour</string><string>theme-zerofour</string><string>theme-zerofour</string><string>theme-zerofour</string><string>theme-zerofour</string><string>theme-zerofour</string><string>theme-zerofour</string><string>theme-zerofour</string><string>theme-zerofour</string><string>theme-zerofour</string><string>theme-zerofour</string><string>theme-zerofour</string><string>theme-zerofour</string><string>theme-zerofour</string><string>theme-zerofour</string><string>theme-zerofour</string><string>theme-zerofour</string><string>theme-zerofour</string><string>theme-zerofour</string><string>theme-zerofour</string><string>theme-zerofour</string><string>theme-zerofour</string><string>theme-zerofour</string><string>theme-zerofour</string><string>theme-zerofour</string><string>theme-zerofour</string><string>theme-zerofour</string><string>theme-zerofour</string><string>theme-zerofour</string><string>theme-zerofour</string><string>theme-zerofour</string><string>theme-zerofour</string><string>theme-zerofour</string><string>theme-zerofour</string><string>theme-zerofour</string><string>theme-zerofour</string></field><field name='NAME'><string>compHeading</string><string>compButtonLinkHref</string><string>compButtonLinkText</string><string>compButtonIcon</string><string>compButtonStyle</string><string>homeHeaderHeading</string><string>homeHeaderSubheading</string><string>homeHeaderButtonText</string><string>homeHeaderButtonLink</string><string>homeHeaderButtonIcon</string><string>homeHeaderButtonStyle</string><string>headerBackgroundImage</string><string>homeFeature1Heading</string><string>homeFeature1Subheading</string><string>homeFeature1Feed</string><string>homeFeature1Body</string><string>homeFeature2LeftHeading</string><string>homeFeature2LeftSubheading</string><string>homeFeature2LeftBody</string><string>homeFeature2LeftButtonText</string><string>homeFeature2LeftButtonLink</string><string>homeFeature2LeftButtonIcon</string><string>homeFeature2LeftButtonStyle</string><string>homeFeature2RightHeading</string><string>homeFeature2RightSubheading</string><string>homeFeature2RightBody</string><string>homeFeature2RightButtonText</string><string>homeFeature2RightButtonLink</string><string>homeFeature2RightButtonIcon</string><string>homeFeature2RightButtonStyle</string><string>rssFeedHeading</string><string>rssFeedLink</string><string>rssFeedShowSummary</string><string>rssFeedShowPubDate</string><string>rssFeedMaxItems</string><string>spotlightFeed</string><string>spotlightSortBy</string><string>articleListHeading</string><string>articleListFeed</string><string>articleListShowImage</string><string>articleListMaxItems</string></field><field name='LABEL'><string>Heading</string><string>Button Link URL (including http://)</string><string>Button Link Text</string><string>Link Button Icon Class</string><string>Link Button Style</string><string>Main Header Heading</string><string>Main Header Subheading</string><string>Subheading Button Text/Label</string><string>Subheading Button Link</string><string>Subheading Link Button Icon Class</string><string>Subheading Link Button Style</string><string>Header Background Image</string><string>Feature 1 Heading</string><string>Feature 1 Subheading</string><string>Feature 1 Content Collection/Local Index Feed Name</string><string>Feature 1 Body</string><string>Feature 2 Left Heading</string><string>Feature 2 Left Subheading</string><string>Feature 2 Left Body</string><string>Feature 2 Left Button Text</string><string>Feature 2 Left Button Link</string><string>Feature 2 Left Button Icon Class</string><string>Feature 2 Left Button Style</string><string>Feature 2 Right Heading</string><string>Feature 2 Right Subheading</string><string>Feature 2 Right Body</string><string>Feature 2 Right Button Text</string><string>Feature 2 Right Button Link</string><string>Feature 2 Right Button Icon Class</string><string>Feature 2 Right Button Style</string><string>RSS Heading / Title</string><string>RSS Link URL (including http://)</string><string>Show Item Summary?</string><string>Show Item Publication Date?</string><string>Max Items To Display</string><string>Spotlight Content Collection/Local Index Feed Name</string><string>Sort By</string><string>Article List Heading/Title</string><string>Article Listing Content Collection/Local Index Feed Name</string><string>Show Associated Image?</string><string>Max Items To Display</string></field><field name='HINT'><null/><string>Enter a URL if you wish to add a button below the content</string><string>Enter the button text to display if you wish to add a button below the content</string><string>Use any Font Awesome Icon Class (http://fontawesome.io/icons/)</string><string>Normal is blue, alternative is dark grey</string><null/><null/><null/><null/><string>Use any Font Awesome Icon Class (http://fontawesome.io/icons/)</string><string>Normal is blue, alternative is dark grey</string><string>This is the background image used throughout the site.</string><null/><null/><string>Enter the name of the Local Content Collection/Index to use to populate the Feature 1 area of the home page</string><string>Body/content to appear below feed</string><null/><null/><null/><null/><null/><string>Use any Font Awesome Icon Class (http://fontawesome.io/icons/)</string><string>Normal is blue, alternative is dark grey</string><null/><null/><null/><null/><null/><string>Use any Font Awesome Icon Class (http://fontawesome.io/icons/)</string><string>Normal is blue, alternative is dark grey</string><null/><string>Enter the full URL to the RSS Feed</string><string>Each item's link and title will appear by default. Do you also wish to display the summary?</string><string>Each item's link and title will appear by default. Do you also wish to display the publication date?</string><null/><string>Enter the name of the Local Content Collection/Index to use</string><null/><null/><string>Enter the name of the Local Content Collection/Index to use</string><null/><null/></field><field name='TYPE'><string>textbox</string><string>textbox</string><string>textbox</string><string>textbox</string><string>radiogroup</string><string>textbox</string><string>textbox</string><string>textbox</string><string>textbox</string><string>textbox</string><string>radiogroup</string><string>file</string><string>textbox</string><string>textbox</string><string>selectbox</string><string>htmleditor</string><string>textbox</string><string>textbox</string><string>htmleditor</string><string>textbox</string><string>textbox</string><string>textbox</string><string>radiogroup</string><string>textbox</string><string>textbox</string><string>htmlEditor</string><string>textbox</string><string>textbox</string><string>textbox</string><string>radiogroup</string><string>textbox</string><string>textbox</string><string>radiogroup</string><string>radiogroup</string><string>selectbox</string><string>selectbox</string><string>radiogroup</string><string>textbox</string><string>selectbox</string><string>radiogroup</string><string>selectbox</string></field><field name='ORDERNO'><number>1.0</number><number>2.0</number><number>3.0</number><number>4.0</number><number>5.0</number><number>2.0</number><number>3.0</number><number>4.0</number><number>5.0</number><number>6.0</number><number>7.0</number><number>1.0</number><number>1.0</number><number>2.0</number><number>3.0</number><number>4.0</number><number>1.0</number><number>2.0</number><number>3.0</number><number>4.0</number><number>5.0</number><number>6.0</number><number>7.0</number><number>1.0</number><number>2.0</number><number>3.0</number><number>4.0</number><number>5.0</number><number>6.0</number><number>7.0</number><number>1.0</number><number>2.0</number><number>3.0</number><number>4.0</number><number>5.0</number><number>1.0</number><number>2.0</number><number>1.0</number><number>2.0</number><number>3.0</number><number>4.0</number></field><field name='ISACTIVE'><number>1.0</number><number>1.0</number><number>1.0</number><number>1.0</number><number>1.0</number><number>1.0</number><number>1.0</number><number>1.0</number><number>1.0</number><number>1.0</number><number>1.0</number><number>1.0</number><number>1.0</number><number>1.0</number><number>1.0</number><number>1.0</number><number>1.0</number><number>1.0</number><number>1.0</number><number>1.0</number><number>1.0</number><number>1.0</number><number>1.0</number><number>1.0</number><number>1.0</number><number>1.0</number><number>1.0</number><number>1.0</number><number>1.0</number><number>1.0</number><number>1.0</number><number>1.0</number><number>1.0</number><number>1.0</number><number>1.0</number><number>1.0</number><number>1.0</number><number>1.0</number><number>1.0</number><number>1.0</number><number>1.0</number></field><field name='REQUIRED'><string>false</string><string>false</string><string>false</string><string>false</string><string>false</string><string>false</string><string>false</string><string>false</string><string>false</string><string>false</string><string>false</string><string>false</string><string>false</string><string>false</string><string>false</string><string>false</string><string>false</string><string>false</string><string>false</string><string>false</string><string>false</string><string>false</string><string>false</string><string>false</string><string>false</string><string>false</string><string>false</string><string>false</string><string>false</string><string>false</string><string>false</string><string>true</string><string>false</string><string>false</string><string>false</string><string>false</string><string>false</string><string>false</string><string>false</string><string>false</string><string>false</string></field><field name='VALIDATION'><null/><null/><null/><null/><null/><null/><null/><null/><null/><null/><null/><null/><null/><null/><null/><null/><null/><null/><null/><null/><null/><null/><null/><null/><null/><null/><null/><null/><null/><null/><null/><null/><null/><null/><null/><null/><null/><null/><null/><null/><null/></field><field name='REGEX'><null/><null/><null/><null/><null/><null/><null/><null/><null/><null/><null/><null/><null/><null/><null/><null/><null/><null/><null/><null/><null/><null/><null/><null/><null/><null/><null/><null/><null/><null/><null/><null/><null/><null/><null/><null/><null/><null/><null/><null/><null/></field><field name='MESSAGE'><null/><null/><null/><null/><null/><null/><null/><null/><null/><null/><null/><null/><null/><null/><null/><null/><null/><null/><null/><null/><null/><null/><null/><null/><null/><null/><null/><null/><null/><null/><null/><string>Please enter a RSS Link URL</string><null/><null/><null/><null/><null/><null/><null/><null/><null/></field><field name='DEFAULTVALUE'><null/><null/><null/><null/><string>normal</string><null/><null/><null/><null/><null/><string>normal</string><null/><null/><null/><string>[mura]ListFirst($.getLocalFeedNames(), '^')[/mura]</string><null/><null/><null/><null/><null/><null/><null/><string>normal</string><null/><null/><null/><null/><null/><null/><string>normal</string><string>Mura CMS</string><string>http://www.getmura.com/tasks/feed/?feedID=91B4E7A5-37AC-466A-ACDF6ABFD95ACCBD</string><string>true</string><string>false</string><string>3</string><string>[mura]ListFirst($.getLocalFeedNames(), '^')[/mura]</string><string>random</string><string>From The Blog</string><string>[mura]ListFirst($.getLocalFeedNames(), '^')[/mura]</string><string>true</string><string>3</string></field><field name='OPTIONLIST'><null/><null/><null/><null/><string>normal^alt</string><null/><null/><null/><null/><null/><string>normal^alt</string><null/><null/><null/><string>[mura]$.getLocalFeedNames()[/mura]</string><null/><null/><null/><null/><null/><null/><null/><string>normal^alt</string><null/><null/><null/><null/><null/><null/><string>normal^alt</string><null/><null/><string>true^false</string><string>true^false</string><string>1^2^3^4^5^6^7^8^9^10</string><string>[mura]$.getLocalFeedNames()[/mura]</string><string>random^releasedate</string><null/><string>[mura]$.getLocalFeedNames()[/mura]</string><string>true^false</string><string>1^2^3^4^5^6^7^8^9^10</string></field><field name='OPTIONLABELLIST'><null/><null/><null/><null/><string>Normal^Alternative</string><null/><null/><null/><null/><null/><string>Normal^Alternative</string><null/><null/><null/><string>[mura]$.getLocalFeedNames()[/mura]</string><null/><null/><null/><null/><null/><null/><null/><string>Normal^Alternative</string><null/><null/><null/><null/><null/><null/><string>Normal^Alternative</string><null/><null/><string>Yes^No</string><string>Yes^No</string><string>1^2^3^4^5^6^7^8^9^10</string><string>[mura]$.getLocalFeedNames()[/mura]</string><string>Random^Official Release Date</string><null/><string>[mura]$.getLocalFeedNames()[/mura]</string><string>Yes^No</string><string>1^2^3^4^5^6^7^8^9^10</string></field></recordset></data></wddxPacket>
