<wddxPacket version='1.0'><header/><data><recordset rowCount='5' fieldNames='SIZEID,SITEID,NAME,HEIGHT,WIDTH' type='coldfusion.sql.QueryTable'><field name='SIZEID'><string>5FE93829-028D-5B35-FC5A1CB59C348A10</string><string>9AD4776F-0C93-9F9D-2F1609CCC39CE872</string><string>9AD477A5-FAA4-7535-65B155A41442A75D</string><string>9AD477E4-F2D1-9A25-7EE1B3FD65484ABC</string><string>9CDEB089-A608-4E6E-B012CF9E90223D06</string></field><field name='SITEID'><string>theme-zerofour</string><string>theme-zerofour</string><string>theme-zerofour</string><string>theme-zerofour</string><string>theme-zerofour</string></field><field name='NAME'><string>headerbackgroundimage</string><string>homefeature1image</string><string>homefeature2image</string><string>homespotlightimage</string><string>bodyimage</string></field><field name='HEIGHT'><string>651</string><string>217</string><string>167</string><string>168</string><string>294</string></field><field name='WIDTH'><string>1400</string><string>367</string><string>180</string><string>367</string><string>783</string></field></recordset></data></wddxPacket>
