<wddxPacket version='1.0'><header/><data><recordset rowCount='14' fieldNames='TAGID,CONTENTID,CONTENTHISTID,SITEID,TAG,TAGGROUP' type='coldfusion.sql.QueryTable'><field name='TAGID'><number>290.0</number><number>291.0</number><number>292.0</number><number>293.0</number><number>294.0</number><number>295.0</number><number>300.0</number><number>301.0</number><number>310.0</number><number>311.0</number><number>314.0</number><number>315.0</number><number>316.0</number><number>317.0</number></field><field name='CONTENTID'><string>FFC90BFA-60DF-41D1-98DECEA57E9C2ABB</string><string>FFC90BFA-60DF-41D1-98DECEA57E9C2ABB</string><string>34E2BBD2-31B7-46A1-84814784070CDE37</string><string>34E2BBD2-31B7-46A1-84814784070CDE37</string><string>76052638-F06A-47D9-8BC6E445E3733E5C</string><string>76052638-F06A-47D9-8BC6E445E3733E5C</string><string>D574A26B-2AFE-4FEA-81273D75987826C9</string><string>D574A26B-2AFE-4FEA-81273D75987826C9</string><string>F34A5F79-970C-B905-6892306CDD4CBE8A</string><string>F34A5F79-970C-B905-6892306CDD4CBE8A</string><string>F34ABD9B-9427-5E09-BCABBB218DB62F6A</string><string>F34ABD9B-9427-5E09-BCABBB218DB62F6A</string><string>F349D564-AAB0-3D65-6DA8988EDE311D73</string><string>F349D564-AAB0-3D65-6DA8988EDE311D73</string></field><field name='CONTENTHISTID'><string>4557BC8E-1882-4889-8D86238855B42122</string><string>4557BC8E-1882-4889-8D86238855B42122</string><string>6DBD0033-8019-4992-8105AA9385DA49CD</string><string>6DBD0033-8019-4992-8105AA9385DA49CD</string><string>FAB16FE1-A8AF-49D0-A18A115FB77B3CC2</string><string>FAB16FE1-A8AF-49D0-A18A115FB77B3CC2</string><string>F333BDE4-E738-813E-C738178B8C896C03</string><string>F333BDE4-E738-813E-C738178B8C896C03</string><string>F3697A72-D51F-F833-F1FF17F35C9BCCF4</string><string>F3697A72-D51F-F833-F1FF17F35C9BCCF4</string><string>F371E747-F6DA-5D2F-A3F355B592916903</string><string>F371E747-F6DA-5D2F-A3F355B592916903</string><string>F393287E-F403-B544-457AA772ECEDAADC</string><string>F393287E-F403-B544-457AA772ECEDAADC</string></field><field name='SITEID'><string>theme-zerofour</string><string>theme-zerofour</string><string>theme-zerofour</string><string>theme-zerofour</string><string>theme-zerofour</string><string>theme-zerofour</string><string>theme-zerofour</string><string>theme-zerofour</string><string>theme-zerofour</string><string>theme-zerofour</string><string>theme-zerofour</string><string>theme-zerofour</string><string>theme-zerofour</string><string>theme-zerofour</string></field><field name='TAG'><string>home</string><string>sports</string><string>home</string><string>music</string><string>music</string><string>home</string><string>running</string><string>sports</string><string>home</string><string>sports</string><string>home</string><string>sports</string><string>home</string><string>sports</string></field><field name='TAGGROUP'><null/><null/><null/><null/><null/><null/><null/><null/><null/><null/><null/><null/><null/><null/></field></recordset></data></wddxPacket>
