<wddxPacket version='1.0'><header/><data><recordset rowCount='4' fieldNames='feedID,siteID,parentID,name,isActive,isPublic,isDefault,isFeaturesOnly,description,maxItems,allowHTML,lang,lastUpdateBy,lastUpdate,dateCreated,restricted,restrictGroups,version,channelLink,Type,sortBy,sortDirection,nextN,displayName,displayRatings,displayComments,altname,remoteID,remoteSourceURL,remotePubDate,imageSize,imageHeight,imageWidth,displayList,showNavOnly,showExcludeSearch,viewalllink,viewalllabel,cssclass,autoimport,isLocked,contentpoolid,useCategoryIntersect' type='coldfusion.sql.QueryTable'><field name='feedID'><string>42537582-29E2-4B2A-9642B087844BC941</string><string>76472D59-6989-4A30-A8642687E7386654</string><string>B51AB3B5-78FC-45FC-A1B96361C21CEA1C</string><string>D92BB159-9E45-46AA-A48511B91AC3BC8D</string></field><field name='siteID'><string>temp-zerofour</string><string>temp-zerofour</string><string>temp-zerofour</string><string>temp-zerofour</string></field><field name='parentID'><string></string><string></string><string></string><string></string></field><field name='name'><string>Spotlight</string><string>Mura Blog</string><string>From Our Blog</string><string>Latest News</string></field><field name='isActive'><number>1.0</number><number>1.0</number><number>1.0</number><number>1.0</number></field><field name='isPublic'><number>0.0</number><number>1.0</number><number>0.0</number><number>0.0</number></field><field name='isDefault'><number>0.0</number><number>0.0</number><number>0.0</number><number>0.0</number></field><field name='isFeaturesOnly'><number>1.0</number><number>0.0</number><number>0.0</number><number>0.0</number></field><field name='description'><string></string><string></string><string></string><string></string></field><field name='maxItems'><number>1.0</number><number>4.0</number><number>3.0</number><number>20.0</number></field><field name='allowHTML'><number>1.0</number><number>1.0</number><number>1.0</number><number>1.0</number></field><field name='lang'><string>en-us</string><string>en-us</string><string>en-us</string><string>en-us</string></field><field name='lastUpdateBy'><string>Steve Withington</string><string>Steve Withington</string><string>Steve Withington</string><string>Steve Withington</string></field><field name='lastUpdate'><dateTime>2014-2-14T18:24:21+0:0</dateTime><dateTime>2010-12-14T1:49:29+0:0</dateTime><dateTime>2012-11-27T21:57:30+0:0</dateTime><dateTime>2014-2-14T18:22:59+0:0</dateTime></field><field name='dateCreated'><dateTime>2014-2-14T18:24:21+0:0</dateTime><dateTime>2010-12-14T1:49:29+0:0</dateTime><dateTime>2012-11-27T21:57:30+0:0</dateTime><dateTime>2014-2-14T18:22:59+0:0</dateTime></field><field name='restricted'><number>0.0</number><number>0.0</number><number>0.0</number><number>0.0</number></field><field name='restrictGroups'><string></string><string></string><string></string><string></string></field><field name='version'><string>RSS 2.0</string><string>RSS 2.0</string><string>RSS 2.0</string><string>RSS 2.0</string></field><field name='channelLink'><string></string><string>http://www.getmura.com/tasks/feed/?feedID=AA4D3AF9-C9BA-D852-C5F762EF7FF3F2DF</string><string></string><string></string></field><field name='Type'><string>Local</string><string>Remote</string><string>Local</string><string>Local</string></field><field name='sortBy'><string>random</string><string>lastUpdate</string><string>releaseDate</string><string>releaseDate</string></field><field name='sortDirection'><string>desc</string><string>desc</string><string>desc</string><string>desc</string></field><field name='nextN'><number>1.0</number><number>20.0</number><number>20.0</number><number>20.0</number></field><field name='displayName'><number>1.0</number><number>0.0</number><number>0.0</number><number>0.0</number></field><field name='displayRatings'><number>0.0</number><number>0.0</number><number>0.0</number><number>0.0</number></field><field name='displayComments'><number>0.0</number><number>0.0</number><number>0.0</number><number>0.0</number></field><field name='altname'><string>Spotlight</string><string></string><string></string><string></string></field><field name='remoteID'><string></string><string></string><string></string><string></string></field><field name='remoteSourceURL'><string></string><string></string><string></string><string></string></field><field name='remotePubDate'><string></string><string></string><string></string><string></string></field><field name='imageSize'><string>homespotlightimage</string><string>small</string><string>small</string><string>small</string></field><field name='imageHeight'><string>AUTO</string><string>AUTO</string><string>AUTO</string><string>AUTO</string></field><field name='imageWidth'><string>AUTO</string><string>AUTO</string><string>AUTO</string><string>AUTO</string></field><field name='displayList'><string>Date,Title,Image,Summary,Credits,Tags</string><string>Date,Title,Image,Summary,Credits,Tags</string><string>Date,Title,Image,Summary,Tags</string><string>Date,Title,Image,Summary,Credits,Tags</string></field><field name='showNavOnly'><number>1.0</number><number>0.0</number><number>1.0</number><number>1.0</number></field><field name='showExcludeSearch'><number>0.0</number><number>0.0</number><number>0.0</number><number>0.0</number></field><field name='viewalllink'><string></string><string></string><string></string><string></string></field><field name='viewalllabel'><string></string><string></string><string></string><string></string></field><field name='cssclass'><string></string><string></string><string></string><string></string></field><field name='autoimport'><number>0.0</number><number>0.0</number><number>0.0</number><number>0.0</number></field><field name='isLocked'><number>0.0</number><number>0.0</number><number>1.0</number><number>0.0</number></field><field name='contentpoolid'><string></string><string></string><string></string><string></string></field><field name='useCategoryIntersect'><string></string><string></string><string></string><string></string></field></recordset></data></wddxPacket>
