<wddxPacket version='1.0'><header/><data><recordset rowCount='4' fieldNames='feedID,itemID,type' type='coldfusion.sql.QueryTable'><field name='feedID'><string>42537582-29E2-4B2A-9642B087844BC941</string><string>42537582-29E2-4B2A-9642B087844BC941</string><string>B51AB3B5-78FC-45FC-A1B96361C21CEA1C</string><string>D92BB159-9E45-46AA-A48511B91AC3BC8D</string></field><field name='itemID'><string>8A463F1D-F79F-40B6-B79E53220286E855</string><string>E9E61851-6C89-4EB6-90F3B5BA10358436</string><string>8A463F1D-F79F-40B6-B79E53220286E855</string><string>E9E61851-6C89-4EB6-90F3B5BA10358436</string></field><field name='type'><string>contentID</string><string>contentID</string><string>contentID</string><string>contentID</string></field></recordset></data></wddxPacket>
