<wddxPacket version='1.0'><header/><data><recordset rowCount='8' fieldNames='extendSetID,subTypeID,categoryID,siteID,name,orderno,isActive,container' type='coldfusion.sql.QueryTable'><field name='extendSetID'><string>04DF6818-992D-4165-B335BCC8431644AA</string><string>363F451D-6FDA-4ACD-A315B46090D12067</string><string>4E7875F5-8B5D-402F-827375F773DCBB77</string><string>6209C28C-90F3-43E8-843F3AA4E10AB558</string><string>80408A67-52E9-4384-A157D0B860C3238D</string><string>9190C9DD-31A6-46B2-A3D1D17508FFEA87</string><string>A02790B9-8ED3-4AA5-94FC92F90CCD9057</string><string>FA447F88-5FFD-4388-A89CE7266494ABFA</string></field><field name='subTypeID'><string>0CBADA86-65E3-48C6-9F76D1DE7C5A03B6</string><string>6BD35678-7263-462C-B0146808803A89C0</string><string>76F52667-6ED4-4B61-826B57C23391B12C</string><string>6F7FA415-1ACE-4DEE-8B2E85ADF097883D</string><string>A469698A-DBAA-4A65-A7E7BA861C4929EB</string><string>76F52667-6ED4-4B61-826B57C23391B12C</string><string>76F52667-6ED4-4B61-826B57C23391B12C</string><string>76F52667-6ED4-4B61-826B57C23391B12C</string></field><field name='categoryID'><string></string><string></string><string></string><string></string><string></string><string></string><string></string><string></string></field><field name='siteID'><string>temp-zerofour</string><string>temp-zerofour</string><string>temp-zerofour</string><string>temp-zerofour</string><string>temp-zerofour</string><string>temp-zerofour</string><string>temp-zerofour</string><string>temp-zerofour</string></field><field name='name'><string>RSS Feed Info</string><string>Article List Info</string><string>Home Features 2 Right Box</string><string>Spotlight Info</string><string>Other Options</string><string>Home Page Header</string><string>Home Page Features 1 Area</string><string>Home Features 2 Left Box</string></field><field name='orderno'><number>5.0</number><number>7.0</number><number>4.0</number><number>6.0</number><number>8.0</number><number>1.0</number><number>2.0</number><number>3.0</number></field><field name='isActive'><number>1.0</number><number>1.0</number><number>1.0</number><number>1.0</number><number>1.0</number><number>1.0</number><number>1.0</number><number>1.0</number></field><field name='container'><string>Basic</string><string>Basic</string><string>Basic</string><string>Basic</string><string>Basic</string><string>Basic</string><string>Basic</string><string>Basic</string></field></recordset></data></wddxPacket>
