<wddxPacket version='1.0'><header/><data><recordset rowCount='5' fieldNames='contentHistID,relatedID,contentID,siteID,relatedContentSetID,orderNo,relatedContentID' type='coldfusion.sql.QueryTable'><field name='contentHistID'><string>493809D9-F559-43BE-86949B01D277F6F5</string><string>493809D9-F559-43BE-86949B01D277F6F5</string><string>493809D9-F559-43BE-86949B01D277F6F5</string><string>493809D9-F559-43BE-86949B01D277F6F5</string><string>60251C9D-886C-4DBC-ABD43D93E385585F</string></field><field name='relatedID'><string>4B0A6A94-8A74-4519-842E87EE210F4B8F</string><string>8A1CBBDE-AA9C-45A7-9DE55D14B342C65D</string><string>1C8ACCC4-C62A-4647-91D56E5B7E5D9452</string><string>67918CF6-173B-4634-AC94EC5F6D783A8E</string><string>00000000000000000000000000000000001</string></field><field name='contentID'><string>3CB850F7-7D9D-4EAD-9CA2669489F594F6</string><string>3CB850F7-7D9D-4EAD-9CA2669489F594F6</string><string>3CB850F7-7D9D-4EAD-9CA2669489F594F6</string><string>3CB850F7-7D9D-4EAD-9CA2669489F594F6</string><string>AA6E838C-5791-4022-AD90B558B7030A74</string></field><field name='siteID'><string>temp-zerofour</string><string>temp-zerofour</string><string>temp-zerofour</string><string>temp-zerofour</string><string>temp-zerofour</string></field><field name='relatedContentSetID'><string>00000000000000000000000000000000000</string><string>00000000000000000000000000000000000</string><string>00000000000000000000000000000000000</string><string>00000000000000000000000000000000000</string><string>00000000000000000000000000000000000</string></field><field name='orderNo'><number>1.0</number><number>3.0</number><number>4.0</number><number>5.0</number><number>1.0</number></field><field name='relatedContentID'><number>66.0</number><number>67.0</number><number>68.0</number><number>69.0</number><number>70.0</number></field></recordset></data></wddxPacket>
