<wddxPacket version='1.0'><header/><data><recordset rowCount='14' fieldNames='tagID,contentID,contentHistID,siteID,tag,taggroup' type='coldfusion.sql.QueryTable'><field name='tagID'><number>125.0</number><number>126.0</number><number>127.0</number><number>128.0</number><number>129.0</number><number>130.0</number><number>131.0</number><number>132.0</number><number>133.0</number><number>134.0</number><number>135.0</number><number>136.0</number><number>137.0</number><number>138.0</number></field><field name='contentID'><string>8E7EB960-FE40-43C5-B71BD70B5448DB85</string><string>8E7EB960-FE40-43C5-B71BD70B5448DB85</string><string>1719AAFD-6E36-4AF8-A7D4526A9762AE24</string><string>1719AAFD-6E36-4AF8-A7D4526A9762AE24</string><string>A811C295-2A63-44FD-85A4B691CAE2D703</string><string>A811C295-2A63-44FD-85A4B691CAE2D703</string><string>AECD0C60-3BB7-43C4-A71188AB4C3B9923</string><string>AECD0C60-3BB7-43C4-A71188AB4C3B9923</string><string>08F77F14-15C7-4D3F-AE2FDB527FD6BC3C</string><string>08F77F14-15C7-4D3F-AE2FDB527FD6BC3C</string><string>5FA5C5E0-7131-4869-8B656482F9D229EC</string><string>5FA5C5E0-7131-4869-8B656482F9D229EC</string><string>BA7E362D-A7B2-4A58-B80A543251EA4134</string><string>BA7E362D-A7B2-4A58-B80A543251EA4134</string></field><field name='contentHistID'><string>BDD46A5C-50C1-4C92-B999CDAB707B4190</string><string>BDD46A5C-50C1-4C92-B999CDAB707B4190</string><string>EE85AF6A-E096-4A7B-9019D98206E8DB44</string><string>EE85AF6A-E096-4A7B-9019D98206E8DB44</string><string>56A991A1-3966-4ECE-A9614DCEB809B037</string><string>56A991A1-3966-4ECE-A9614DCEB809B037</string><string>0763F18C-487A-4FD5-952A2E900935DFDC</string><string>0763F18C-487A-4FD5-952A2E900935DFDC</string><string>C9DF12C8-CEC9-47EB-A0636BC73CF1160C</string><string>C9DF12C8-CEC9-47EB-A0636BC73CF1160C</string><string>6C4E2B5B-2A0A-41BE-9F5484A6FCD5CBAC</string><string>6C4E2B5B-2A0A-41BE-9F5484A6FCD5CBAC</string><string>D2076314-0E0C-4798-9440C7794A1D3D34</string><string>D2076314-0E0C-4798-9440C7794A1D3D34</string></field><field name='siteID'><string>temp-zerofour</string><string>temp-zerofour</string><string>temp-zerofour</string><string>temp-zerofour</string><string>temp-zerofour</string><string>temp-zerofour</string><string>temp-zerofour</string><string>temp-zerofour</string><string>temp-zerofour</string><string>temp-zerofour</string><string>temp-zerofour</string><string>temp-zerofour</string><string>temp-zerofour</string><string>temp-zerofour</string></field><field name='tag'><string>home</string><string>sports</string><string>home</string><string>music</string><string>music</string><string>home</string><string>running</string><string>sports</string><string>home</string><string>sports</string><string>home</string><string>sports</string><string>home</string><string>sports</string></field><field name='taggroup'><string></string><string></string><string></string><string></string><string></string><string></string><string></string><string></string><string></string><string></string><string></string><string></string><string></string><string></string></field></recordset></data></wddxPacket>
