<wddxPacket version='1.0'><header/><data><recordset rowCount='5' fieldNames='subTypeID,siteID,baseTable,baseKeyField,dataTable,type,subType,isActive,notes,lastUpdate,dateCreated,lastUpdateBy,hasSummary,hasBody,description,availableSubTypes,iconclass,hasAssocFile,hasConfigurator' type='coldfusion.sql.QueryTable'><field name='subTypeID'><string>0CBADA86-65E3-48C6-9F76D1DE7C5A03B6</string><string>6BD35678-7263-462C-B0146808803A89C0</string><string>6F7FA415-1ACE-4DEE-8B2E85ADF097883D</string><string>76F52667-6ED4-4B61-826B57C23391B12C</string><string>A469698A-DBAA-4A65-A7E7BA861C4929EB</string></field><field name='siteID'><string>temp-zerofour</string><string>temp-zerofour</string><string>temp-zerofour</string><string>temp-zerofour</string><string>temp-zerofour</string></field><field name='baseTable'><string>tcontent</string><string>tcontent</string><string>tcontent</string><string>tcontent</string><string>tcontent</string></field><field name='baseKeyField'><string>contentHistID</string><string>contentHistID</string><string>contentHistID</string><string>contentHistID</string><string>contentHistID</string></field><field name='dataTable'><string>tclassextenddata</string><string>tclassextenddata</string><string>tclassextenddata</string><string>tclassextenddata</string><string>tclassextenddata</string></field><field name='type'><string>Component</string><string>Component</string><string>Component</string><string>Page</string><string>Component</string></field><field name='subType'><string>RSSFeed</string><string>ArticleList</string><string>Spotlight</string><string>Home</string><string>WithHeadingAndButtonLink</string></field><field name='isActive'><number>1.0</number><number>1.0</number><number>1.0</number><number>1.0</number><number>1.0</number></field><field name='notes'><string></string><string></string><string></string><string></string><string></string></field><field name='lastUpdate'><dateTime>2015-8-1T2:26:32+0:0</dateTime><dateTime>2015-8-1T2:26:32+0:0</dateTime><dateTime>2015-8-1T2:26:32+0:0</dateTime><dateTime>2015-8-1T2:26:32+0:0</dateTime><dateTime>2015-8-1T2:26:32+0:0</dateTime></field><field name='dateCreated'><dateTime>2015-8-1T2:26:32+0:0</dateTime><dateTime>2015-8-1T2:26:32+0:0</dateTime><dateTime>2015-8-1T2:26:32+0:0</dateTime><dateTime>2015-8-1T2:26:32+0:0</dateTime><dateTime>2015-8-1T2:26:32+0:0</dateTime></field><field name='lastUpdateBy'><string>System</string><string>System</string><string>System</string><string>System</string><string>System</string></field><field name='hasSummary'><number>1.0</number><number>1.0</number><number>1.0</number><number>0.0</number><number>1.0</number></field><field name='hasBody'><number>0.0</number><number>0.0</number><number>0.0</number><number>0.0</number><number>1.0</number></field><field name='description'><string></string><string></string><string></string><string></string><string></string></field><field name='availableSubTypes'><string></string><string></string><string></string><string></string><string></string></field><field name='iconclass'><string></string><string></string><string></string><string>icon-home</string><string></string></field><field name='hasAssocFile'><number>1.0</number><number>1.0</number><number>1.0</number><number>1.0</number><number>1.0</number></field><field name='hasConfigurator'><number>1.0</number><number>1.0</number><number>1.0</number><number>1.0</number><number>1.0</number></field></recordset></data></wddxPacket>
