<wddxPacket version='1.0'><header/><data><recordset rowCount='3' fieldNames='paramID,feedID,param,relationship,field,condition,criteria,dataType' type='coldfusion.sql.QueryTable'><field name='paramID'><string>076C7D48-43BB-4643-B9AEFE6C6AEFD181</string><string>422EA137-060A-45BB-B9AAC63C1DB124C1</string><string>CF699DDC-C66E-4135-8E4EC14D2017B5DE</string></field><field name='feedID'><string>42537582-29E2-4B2A-9642B087844BC941</string><string>B51AB3B5-78FC-45FC-A1B96361C21CEA1C</string><string>D92BB159-9E45-46AA-A48511B91AC3BC8D</string></field><field name='param'><number>1.0</number><number>1.0</number><number>1.0</number></field><field name='relationship'><string>and</string><string>and</string><string>and</string></field><field name='field'><string></string><string></string><string></string></field><field name='condition'><string>Equals</string><string>Equals</string><string>Equals</string></field><field name='criteria'><string></string><string></string><string></string></field><field name='dataType'><string></string><string></string><string></string></field></recordset></data></wddxPacket>
