<wddxPacket version='1.0'><header/><data><recordset rowCount='41' fieldNames='attributeID,extendSetID,siteID,name,label,hint,type,orderno,isActive,required,validation,regex,message,defaultValue,optionList,optionLabelList' type='coldfusion.sql.QueryTable'><field name='attributeID'><number>96.0</number><number>97.0</number><number>98.0</number><number>99.0</number><number>100.0</number><number>101.0</number><number>102.0</number><number>103.0</number><number>104.0</number><number>105.0</number><number>106.0</number><number>107.0</number><number>108.0</number><number>109.0</number><number>110.0</number><number>111.0</number><number>112.0</number><number>113.0</number><number>114.0</number><number>115.0</number><number>116.0</number><number>117.0</number><number>118.0</number><number>119.0</number><number>120.0</number><number>121.0</number><number>122.0</number><number>123.0</number><number>124.0</number><number>125.0</number><number>126.0</number><number>127.0</number><number>128.0</number><number>129.0</number><number>130.0</number><number>131.0</number><number>132.0</number><number>133.0</number><number>134.0</number><number>135.0</number><number>136.0</number></field><field name='extendSetID'><string>04DF6818-992D-4165-B335BCC8431644AA</string><string>04DF6818-992D-4165-B335BCC8431644AA</string><string>04DF6818-992D-4165-B335BCC8431644AA</string><string>04DF6818-992D-4165-B335BCC8431644AA</string><string>04DF6818-992D-4165-B335BCC8431644AA</string><string>FA447F88-5FFD-4388-A89CE7266494ABFA</string><string>FA447F88-5FFD-4388-A89CE7266494ABFA</string><string>FA447F88-5FFD-4388-A89CE7266494ABFA</string><string>FA447F88-5FFD-4388-A89CE7266494ABFA</string><string>FA447F88-5FFD-4388-A89CE7266494ABFA</string><string>FA447F88-5FFD-4388-A89CE7266494ABFA</string><string>FA447F88-5FFD-4388-A89CE7266494ABFA</string><string>80408A67-52E9-4384-A157D0B860C3238D</string><string>80408A67-52E9-4384-A157D0B860C3238D</string><string>80408A67-52E9-4384-A157D0B860C3238D</string><string>80408A67-52E9-4384-A157D0B860C3238D</string><string>80408A67-52E9-4384-A157D0B860C3238D</string><string>6209C28C-90F3-43E8-843F3AA4E10AB558</string><string>6209C28C-90F3-43E8-843F3AA4E10AB558</string><string>4E7875F5-8B5D-402F-827375F773DCBB77</string><string>4E7875F5-8B5D-402F-827375F773DCBB77</string><string>4E7875F5-8B5D-402F-827375F773DCBB77</string><string>4E7875F5-8B5D-402F-827375F773DCBB77</string><string>4E7875F5-8B5D-402F-827375F773DCBB77</string><string>4E7875F5-8B5D-402F-827375F773DCBB77</string><string>4E7875F5-8B5D-402F-827375F773DCBB77</string><string>363F451D-6FDA-4ACD-A315B46090D12067</string><string>363F451D-6FDA-4ACD-A315B46090D12067</string><string>363F451D-6FDA-4ACD-A315B46090D12067</string><string>363F451D-6FDA-4ACD-A315B46090D12067</string><string>A02790B9-8ED3-4AA5-94FC92F90CCD9057</string><string>A02790B9-8ED3-4AA5-94FC92F90CCD9057</string><string>A02790B9-8ED3-4AA5-94FC92F90CCD9057</string><string>A02790B9-8ED3-4AA5-94FC92F90CCD9057</string><string>9190C9DD-31A6-46B2-A3D1D17508FFEA87</string><string>9190C9DD-31A6-46B2-A3D1D17508FFEA87</string><string>9190C9DD-31A6-46B2-A3D1D17508FFEA87</string><string>9190C9DD-31A6-46B2-A3D1D17508FFEA87</string><string>9190C9DD-31A6-46B2-A3D1D17508FFEA87</string><string>9190C9DD-31A6-46B2-A3D1D17508FFEA87</string><string>9190C9DD-31A6-46B2-A3D1D17508FFEA87</string></field><field name='siteID'><string>temp-zerofour</string><string>temp-zerofour</string><string>temp-zerofour</string><string>temp-zerofour</string><string>temp-zerofour</string><string>temp-zerofour</string><string>temp-zerofour</string><string>temp-zerofour</string><string>temp-zerofour</string><string>temp-zerofour</string><string>temp-zerofour</string><string>temp-zerofour</string><string>temp-zerofour</string><string>temp-zerofour</string><string>temp-zerofour</string><string>temp-zerofour</string><string>temp-zerofour</string><string>temp-zerofour</string><string>temp-zerofour</string><string>temp-zerofour</string><string>temp-zerofour</string><string>temp-zerofour</string><string>temp-zerofour</string><string>temp-zerofour</string><string>temp-zerofour</string><string>temp-zerofour</string><string>temp-zerofour</string><string>temp-zerofour</string><string>temp-zerofour</string><string>temp-zerofour</string><string>temp-zerofour</string><string>temp-zerofour</string><string>temp-zerofour</string><string>temp-zerofour</string><string>temp-zerofour</string><string>temp-zerofour</string><string>temp-zerofour</string><string>temp-zerofour</string><string>temp-zerofour</string><string>temp-zerofour</string><string>temp-zerofour</string></field><field name='name'><string>rssFeedHeading</string><string>rssFeedLink</string><string>rssFeedShowSummary</string><string>rssFeedShowPubDate</string><string>rssFeedMaxItems</string><string>homeFeature2LeftHeading</string><string>homeFeature2LeftSubheading</string><string>homeFeature2LeftBody</string><string>homeFeature2LeftButtonText</string><string>homeFeature2LeftButtonLink</string><string>homeFeature2LeftButtonIcon</string><string>homeFeature2LeftButtonStyle</string><string>compHeading</string><string>compButtonLinkHref</string><string>compButtonLinkText</string><string>compButtonIcon</string><string>compButtonStyle</string><string>spotlightFeed</string><string>spotlightSortBy</string><string>homeFeature2RightHeading</string><string>homeFeature2RightSubheading</string><string>homeFeature2RightBody</string><string>homeFeature2RightButtonText</string><string>homeFeature2RightButtonLink</string><string>homeFeature2RightButtonIcon</string><string>homeFeature2RightButtonStyle</string><string>articleListHeading</string><string>articleListFeed</string><string>articleListShowImage</string><string>articleListMaxItems</string><string>homeFeature1Heading</string><string>homeFeature1Subheading</string><string>homeFeature1Feed</string><string>homeFeature1Body</string><string>homeHeaderHeading</string><string>homeHeaderSubheading</string><string>homeHeaderButtonText</string><string>homeHeaderButtonLink</string><string>homeHeaderButtonIcon</string><string>homeHeaderButtonStyle</string><string>headerBackgroundImage</string></field><field name='label'><string>RSS Heading / Title</string><string>RSS Link URL (including http://)</string><string>Show Item Summary?</string><string>Show Item Publication Date?</string><string>Max Items To Display</string><string>Feature 2 Left Heading</string><string>Feature 2 Left Subheading</string><string>Feature 2 Left Body</string><string>Feature 2 Left Button Text</string><string>Feature 2 Left Button Link</string><string>Feature 2 Left Button Icon Class</string><string>Feature 2 Left Button Style</string><string>Heading</string><string>Button Link URL (including http://)</string><string>Button Link Text</string><string>Link Button Icon Class</string><string>Link Button Style</string><string>Spotlight Content Collection/Local Index Feed Name</string><string>Sort By</string><string>Feature 2 Right Heading</string><string>Feature 2 Right Subheading</string><string>Feature 2 Right Body</string><string>Feature 2 Right Button Text</string><string>Feature 2 Right Button Link</string><string>Feature 2 Right Button Icon Class</string><string>Feature 2 Right Button Style</string><string>Article List Heading/Title</string><string>Article Listing Content Collection/Local Index Feed Name</string><string>Show Associated Image?</string><string>Max Items To Display</string><string>Feature 1 Heading</string><string>Feature 1 Subheading</string><string>Feature 1 Content Collection/Local Index Feed Name</string><string>Feature 1 Body</string><string>Main Header Heading</string><string>Main Header Subheading</string><string>Subheading Button Text/Label</string><string>Subheading Button Link</string><string>Subheading Link Button Icon Class</string><string>Subheading Link Button Style</string><string>Header Background Image</string></field><field name='hint'><string></string><string>Enter the full URL to the RSS Feed</string><string>Each item's link and title will appear by default. Do you also wish to display the summary?</string><string>Each item's link and title will appear by default. Do you also wish to display the publication date?</string><string></string><string></string><string></string><string></string><string></string><string></string><string>Use any Font Awesome Icon Class (http://fontawesome.io/icons/)</string><string>Normal is blue, alternative is dark grey</string><string></string><string>Enter a URL if you wish to add a button below the content</string><string>Enter the button text to display if you wish to add a button below the content</string><string>Use any Font Awesome Icon Class (http://fontawesome.io/icons/)</string><string>Normal is blue, alternative is dark grey</string><string>Enter the name of the Local Content Collection/Index to use</string><string></string><string></string><string></string><string></string><string></string><string></string><string>Use any Font Awesome Icon Class (http://fontawesome.io/icons/)</string><string>Normal is blue, alternative is dark grey</string><string></string><string>Enter the name of the Local Content Collection/Index to use</string><string></string><string></string><string></string><string></string><string>Enter the name of the Local Content Collection/Index to use to populate the Feature 1 area of the home page</string><string>Body/content to appear below feed</string><string></string><string></string><string></string><string></string><string>Use any Font Awesome Icon Class (http://fontawesome.io/icons/)</string><string>Normal is blue, alternative is dark grey</string><string>This is the background image used throughout the site.</string></field><field name='type'><string>textbox</string><string>textbox</string><string>radiogroup</string><string>radiogroup</string><string>selectbox</string><string>textbox</string><string>textbox</string><string>htmleditor</string><string>textbox</string><string>textbox</string><string>textbox</string><string>radiogroup</string><string>textbox</string><string>textbox</string><string>textbox</string><string>textbox</string><string>radiogroup</string><string>selectbox</string><string>radiogroup</string><string>textbox</string><string>textbox</string><string>htmlEditor</string><string>textbox</string><string>textbox</string><string>textbox</string><string>radiogroup</string><string>textbox</string><string>selectbox</string><string>radiogroup</string><string>selectbox</string><string>textbox</string><string>textbox</string><string>selectbox</string><string>htmleditor</string><string>textbox</string><string>textbox</string><string>textbox</string><string>textbox</string><string>textbox</string><string>radiogroup</string><string>file</string></field><field name='orderno'><number>1.0</number><number>2.0</number><number>3.0</number><number>4.0</number><number>5.0</number><number>1.0</number><number>2.0</number><number>3.0</number><number>4.0</number><number>5.0</number><number>6.0</number><number>7.0</number><number>1.0</number><number>2.0</number><number>3.0</number><number>4.0</number><number>5.0</number><number>1.0</number><number>2.0</number><number>1.0</number><number>2.0</number><number>3.0</number><number>4.0</number><number>5.0</number><number>6.0</number><number>7.0</number><number>1.0</number><number>2.0</number><number>3.0</number><number>4.0</number><number>1.0</number><number>2.0</number><number>3.0</number><number>4.0</number><number>2.0</number><number>3.0</number><number>4.0</number><number>5.0</number><number>6.0</number><number>7.0</number><number>1.0</number></field><field name='isActive'><number>1.0</number><number>1.0</number><number>1.0</number><number>1.0</number><number>1.0</number><number>1.0</number><number>1.0</number><number>1.0</number><number>1.0</number><number>1.0</number><number>1.0</number><number>1.0</number><number>1.0</number><number>1.0</number><number>1.0</number><number>1.0</number><number>1.0</number><number>1.0</number><number>1.0</number><number>1.0</number><number>1.0</number><number>1.0</number><number>1.0</number><number>1.0</number><number>1.0</number><number>1.0</number><number>1.0</number><number>1.0</number><number>1.0</number><number>1.0</number><number>1.0</number><number>1.0</number><number>1.0</number><number>1.0</number><number>1.0</number><number>1.0</number><number>1.0</number><number>1.0</number><number>1.0</number><number>1.0</number><number>1.0</number></field><field name='required'><string>false</string><string>true</string><string>false</string><string>false</string><string>false</string><string>false</string><string>false</string><string>false</string><string>false</string><string>false</string><string>false</string><string>false</string><string>false</string><string>false</string><string>false</string><string>false</string><string>false</string><string>false</string><string>false</string><string>false</string><string>false</string><string>false</string><string>false</string><string>false</string><string>false</string><string>false</string><string>false</string><string>false</string><string>false</string><string>false</string><string>false</string><string>false</string><string>false</string><string>false</string><string>false</string><string>false</string><string>false</string><string>false</string><string>false</string><string>false</string><string>false</string></field><field name='validation'><string></string><string></string><string></string><string></string><string></string><string></string><string></string><string></string><string></string><string></string><string></string><string></string><string></string><string></string><string></string><string></string><string></string><string></string><string></string><string></string><string></string><string></string><string></string><string></string><string></string><string></string><string></string><string></string><string></string><string></string><string></string><string></string><string></string><string></string><string></string><string></string><string></string><string></string><string></string><string></string><string></string></field><field name='regex'><string></string><string></string><string></string><string></string><string></string><string></string><string></string><string></string><string></string><string></string><string></string><string></string><string></string><string></string><string></string><string></string><string></string><string></string><string></string><string></string><string></string><string></string><string></string><string></string><string></string><string></string><string></string><string></string><string></string><string></string><string></string><string></string><string></string><string></string><string></string><string></string><string></string><string></string><string></string><string></string><string></string></field><field name='message'><string></string><string>Please enter a RSS Link URL</string><string></string><string></string><string></string><string></string><string></string><string></string><string></string><string></string><string></string><string></string><string></string><string></string><string></string><string></string><string></string><string></string><string></string><string></string><string></string><string></string><string></string><string></string><string></string><string></string><string></string><string></string><string></string><string></string><string></string><string></string><string></string><string></string><string></string><string></string><string></string><string></string><string></string><string></string><string></string></field><field name='defaultValue'><string>Mura CMS</string><string>http://www.getmura.com/tasks/feed/?feedID=91B4E7A5-37AC-466A-ACDF6ABFD95ACCBD</string><string>true</string><string>false</string><string>3</string><string></string><string></string><string></string><string></string><string></string><string></string><string>normal</string><string></string><string></string><string></string><string></string><string>normal</string><string>[mura]ListFirst($.getLocalFeedNames(), '^')[/mura]</string><string>random</string><string></string><string></string><string></string><string></string><string></string><string></string><string>normal</string><string>From The Blog</string><string>[mura]ListFirst($.getLocalFeedNames(), '^')[/mura]</string><string>true</string><string>3</string><string></string><string></string><string>[mura]ListFirst($.getLocalFeedNames(), '^')[/mura]</string><string></string><string></string><string></string><string></string><string></string><string></string><string>normal</string><string></string></field><field name='optionList'><string></string><string></string><string>true^false</string><string>true^false</string><string>1^2^3^4^5^6^7^8^9^10</string><string></string><string></string><string></string><string></string><string></string><string></string><string>normal^alt</string><string></string><string></string><string></string><string></string><string>normal^alt</string><string>[mura]$.getLocalFeedNames()[/mura]</string><string>random^releasedate</string><string></string><string></string><string></string><string></string><string></string><string></string><string>normal^alt</string><string></string><string>[mura]$.getLocalFeedNames()[/mura]</string><string>true^false</string><string>1^2^3^4^5^6^7^8^9^10</string><string></string><string></string><string>[mura]$.getLocalFeedNames()[/mura]</string><string></string><string></string><string></string><string></string><string></string><string></string><string>normal^alt</string><string></string></field><field name='optionLabelList'><string></string><string></string><string>Yes^No</string><string>Yes^No</string><string>1^2^3^4^5^6^7^8^9^10</string><string></string><string></string><string></string><string></string><string></string><string></string><string>Normal^Alternative</string><string></string><string></string><string></string><string></string><string>Normal^Alternative</string><string>[mura]$.getLocalFeedNames()[/mura]</string><string>Random^Official Release Date</string><string></string><string></string><string></string><string></string><string></string><string></string><string>Normal^Alternative</string><string></string><string>[mura]$.getLocalFeedNames()[/mura]</string><string>Yes^No</string><string>1^2^3^4^5^6^7^8^9^10</string><string></string><string></string><string>[mura]$.getLocalFeedNames()[/mura]</string><string></string><string></string><string></string><string></string><string></string><string></string><string>Normal^Alternative</string><string></string></field></recordset></data></wddxPacket>
