<wddxPacket version='1.0'><header/><data><recordset rowCount='55' fieldNames='baseID,attributeID,attributeValue,siteID,stringvalue,numericvalue,datetimevalue,remoteID' type='coldfusion.sql.QueryTable'><field name='baseID'><string>D7B440E5-0F1E-4BD2-A080C3677C2DF3AA</string><string>D7B440E5-0F1E-4BD2-A080C3677C2DF3AA</string><string>D7B440E5-0F1E-4BD2-A080C3677C2DF3AA</string><string>D7B440E5-0F1E-4BD2-A080C3677C2DF3AA</string><string>D7B440E5-0F1E-4BD2-A080C3677C2DF3AA</string><string>72A01B39-9FA0-4324-BF0246C28437F26F</string><string>72A01B39-9FA0-4324-BF0246C28437F26F</string><string>72A01B39-9FA0-4324-BF0246C28437F26F</string><string>72A01B39-9FA0-4324-BF0246C28437F26F</string><string>72A01B39-9FA0-4324-BF0246C28437F26F</string><string>72A01B39-9FA0-4324-BF0246C28437F26F</string><string>72A01B39-9FA0-4324-BF0246C28437F26F</string><string>12BC3567-4D7C-4F5B-95AF29BA4AEC3451</string><string>20E40700-FCFC-4B98-910920FB55F4BC86</string><string>DFB7D0F2-248A-4776-A532EA693DAAE0DD</string><string>376D8A3B-E719-43BD-83E2978190C1A69F</string><string>12BC3567-4D7C-4F5B-95AF29BA4AEC3451</string><string>20E40700-FCFC-4B98-910920FB55F4BC86</string><string>DFB7D0F2-248A-4776-A532EA693DAAE0DD</string><string>376D8A3B-E719-43BD-83E2978190C1A69F</string><string>12BC3567-4D7C-4F5B-95AF29BA4AEC3451</string><string>20E40700-FCFC-4B98-910920FB55F4BC86</string><string>DFB7D0F2-248A-4776-A532EA693DAAE0DD</string><string>376D8A3B-E719-43BD-83E2978190C1A69F</string><string>12BC3567-4D7C-4F5B-95AF29BA4AEC3451</string><string>20E40700-FCFC-4B98-910920FB55F4BC86</string><string>DFB7D0F2-248A-4776-A532EA693DAAE0DD</string><string>376D8A3B-E719-43BD-83E2978190C1A69F</string><string>12BC3567-4D7C-4F5B-95AF29BA4AEC3451</string><string>20E40700-FCFC-4B98-910920FB55F4BC86</string><string>DFB7D0F2-248A-4776-A532EA693DAAE0DD</string><string>376D8A3B-E719-43BD-83E2978190C1A69F</string><string>84BDB664-F0D5-4FFA-8335FC692D9F2CF9</string><string>84BDB664-F0D5-4FFA-8335FC692D9F2CF9</string><string>72A01B39-9FA0-4324-BF0246C28437F26F</string><string>72A01B39-9FA0-4324-BF0246C28437F26F</string><string>72A01B39-9FA0-4324-BF0246C28437F26F</string><string>72A01B39-9FA0-4324-BF0246C28437F26F</string><string>72A01B39-9FA0-4324-BF0246C28437F26F</string><string>72A01B39-9FA0-4324-BF0246C28437F26F</string><string>72A01B39-9FA0-4324-BF0246C28437F26F</string><string>71E332D4-8C2D-44C2-9E5924CA97E484E4</string><string>71E332D4-8C2D-44C2-9E5924CA97E484E4</string><string>71E332D4-8C2D-44C2-9E5924CA97E484E4</string><string>71E332D4-8C2D-44C2-9E5924CA97E484E4</string><string>72A01B39-9FA0-4324-BF0246C28437F26F</string><string>72A01B39-9FA0-4324-BF0246C28437F26F</string><string>72A01B39-9FA0-4324-BF0246C28437F26F</string><string>72A01B39-9FA0-4324-BF0246C28437F26F</string><string>72A01B39-9FA0-4324-BF0246C28437F26F</string><string>72A01B39-9FA0-4324-BF0246C28437F26F</string><string>72A01B39-9FA0-4324-BF0246C28437F26F</string><string>72A01B39-9FA0-4324-BF0246C28437F26F</string><string>72A01B39-9FA0-4324-BF0246C28437F26F</string><string>72A01B39-9FA0-4324-BF0246C28437F26F</string></field><field name='attributeID'><number>96.0</number><number>97.0</number><number>98.0</number><number>99.0</number><number>100.0</number><number>101.0</number><number>102.0</number><number>103.0</number><number>104.0</number><number>105.0</number><number>106.0</number><number>107.0</number><number>108.0</number><number>108.0</number><number>108.0</number><number>108.0</number><number>109.0</number><number>109.0</number><number>109.0</number><number>109.0</number><number>110.0</number><number>110.0</number><number>110.0</number><number>110.0</number><number>111.0</number><number>111.0</number><number>111.0</number><number>111.0</number><number>112.0</number><number>112.0</number><number>112.0</number><number>112.0</number><number>113.0</number><number>114.0</number><number>115.0</number><number>116.0</number><number>117.0</number><number>118.0</number><number>119.0</number><number>120.0</number><number>121.0</number><number>122.0</number><number>123.0</number><number>124.0</number><number>125.0</number><number>126.0</number><number>127.0</number><number>128.0</number><number>129.0</number><number>130.0</number><number>131.0</number><number>132.0</number><number>133.0</number><number>134.0</number><number>135.0</number></field><field name='attributeValue'><string>Mura CMS</string><string>http://www.getmura.com/tasks/feed/?feedID=91B4E7A5-37AC-466A-ACDF6ABFD95ACCBD</string><string>true</string><string>true</string><string>2</string><string>AND THIS IS A SUBHEADING</string><string>IT’S IMPORTANT BUT CLEARLY NOT *THAT* IMPORTANT</string><string>&lt;p&gt;Phasellus quam turpis, feugiat sit amet ornare in, hendrerit in lectus. Praesent semper mod quis eget mi. Etiam eu ante risus. Aliquam erat volutpat. Aliquam luctus et mattis lectus sit amet pulvinar. Nam turpis nisi consequat etiam.&lt;/p&gt;</string><string>Let's Do This</string><string>#</string><string>fa-arrow-circle-o-right</string><string>normal</string><string>Blue River Interactive</string><string>Some Heading</string><string>Subheading</string><string>ZEROFOUR BY HTML5 UP</string><string></string><string>http://getmura.com</string><string>http://getmura.com</string><string>http://html5up.net</string><string></string><string>Find Out More</string><string>Do Something</string><string>More @ HTML5Up.net</string><string>none</string><string>fa-info-circle</string><string>fa-check-circle</string><string>fa-arrow-circle-o-right</string><string>normal</string><string>normal</string><string>alt</string><string>alt</string><string>Spotlight</string><string>random</string><string>THIS IS ALSO A SUBHEADING</string><string>AND IS AS LESS IMPORTANT AS THE OTHER ONE</string><string>&lt;p&gt;Phasellus quam turpis, feugiat sit amet ornare in, hendrerit in lectus. Praesent semper mod quis eget mi. Etiam eu ante risus. Aliquam erat volutpat. Aliquam luctus et mattis lectus sit amet pulvinar. Nam turpis nisi consequat etiam.&lt;/p&gt;</string><string>Wait, What?</string><string>#</string><string>fa-info-circle</string><string>alt</string><string>From The Blog</string><string>From Our Blog</string><string>true</string><string>3</string><string>THIS IS AN IMPORTANT HEADING</string><string>AND THIS IS WHERE WE TALK ABOUT WHY WE’RE PRETTY AWESOME ...</string><string>Latest News</string><string>&lt;p&gt;Phasellus quam turpis, feugiat sit amet ornare in, hendrerit in lectus. Praesent semper bibendum ipsum, et tristique augue fringilla eu. Vivamus id risus vel dolor auctor euismod quis eget mi. Etiam eu ante risus. Aliquam erat volutpat. Aliquam luctus mattis lectus sit amet pulvinar. Nam nec turpis.&lt;/p&gt;</string><string>ZEROFOUR: A FREE RESPONSIVE SITE TEMPLATE BUILT ON HTML5 AND CSS3 BY HTML5 UP</string><string>DOES THIS STATEMENT MAKE YOU WANT TO CLICK THE SHINY BLUE BUTTON?</string><string>Yes It Does</string><string>#</string><string>fa-check-circle</string><string>normal</string></field><field name='siteID'><string>temp-zerofour</string><string>temp-zerofour</string><string>temp-zerofour</string><string>temp-zerofour</string><string>temp-zerofour</string><string>temp-zerofour</string><string>temp-zerofour</string><string>temp-zerofour</string><string>temp-zerofour</string><string>temp-zerofour</string><string>temp-zerofour</string><string>temp-zerofour</string><string>temp-zerofour</string><string>temp-zerofour</string><string>temp-zerofour</string><string>temp-zerofour</string><string>temp-zerofour</string><string>temp-zerofour</string><string>temp-zerofour</string><string>temp-zerofour</string><string>temp-zerofour</string><string>temp-zerofour</string><string>temp-zerofour</string><string>temp-zerofour</string><string>temp-zerofour</string><string>temp-zerofour</string><string>temp-zerofour</string><string>temp-zerofour</string><string>temp-zerofour</string><string>temp-zerofour</string><string>temp-zerofour</string><string>temp-zerofour</string><string>temp-zerofour</string><string>temp-zerofour</string><string>temp-zerofour</string><string>temp-zerofour</string><string>temp-zerofour</string><string>temp-zerofour</string><string>temp-zerofour</string><string>temp-zerofour</string><string>temp-zerofour</string><string>temp-zerofour</string><string>temp-zerofour</string><string>temp-zerofour</string><string>temp-zerofour</string><string>temp-zerofour</string><string>temp-zerofour</string><string>temp-zerofour</string><string>temp-zerofour</string><string>temp-zerofour</string><string>temp-zerofour</string><string>temp-zerofour</string><string>temp-zerofour</string><string>temp-zerofour</string><string>temp-zerofour</string></field><field name='stringvalue'><string>Mura CMS</string><string>http://www.getmura.com/tasks/feed/?feedID=91B4E7A5-37AC-466A-ACDF6ABFD95ACCBD</string><string>true</string><string>true</string><string>2</string><string>AND THIS IS A SUBHEADING</string><string>IT’S IMPORTANT BUT CLEARLY NOT *THAT* IMPORTANT</string><string>&lt;p&gt;Phasellus quam turpis, feugiat sit amet ornare in, hendrerit in lectus. Praesent semper mod quis eget mi. Etiam eu ante risus. Aliquam erat volutpat. Aliquam luctus et mattis lectus sit amet pulvinar. Nam turpis nisi consequat etiam.&lt;/p&gt;</string><string>Let's Do This</string><string>#</string><string>fa-arrow-circle-o-right</string><string>normal</string><string>Blue River Interactive</string><string>Some Heading</string><string>Subheading</string><string>ZEROFOUR BY HTML5 UP</string><string></string><string>http://getmura.com</string><string>http://getmura.com</string><string>http://html5up.net</string><string></string><string>Find Out More</string><string>Do Something</string><string>More @ HTML5Up.net</string><string>none</string><string>fa-info-circle</string><string>fa-check-circle</string><string>fa-arrow-circle-o-right</string><string>normal</string><string>normal</string><string>alt</string><string>alt</string><string>Spotlight</string><string>random</string><string>THIS IS ALSO A SUBHEADING</string><string>AND IS AS LESS IMPORTANT AS THE OTHER ONE</string><string>&lt;p&gt;Phasellus quam turpis, feugiat sit amet ornare in, hendrerit in lectus. Praesent semper mod quis eget mi. Etiam eu ante risus. Aliquam erat volutpat. Aliquam luctus et mattis lectus sit amet pulvinar. Nam turpis nisi consequat etiam.&lt;/p&gt;</string><string>Wait, What?</string><string>#</string><string>fa-info-circle</string><string>alt</string><string>From The Blog</string><string>From Our Blog</string><string>true</string><string>3</string><string>THIS IS AN IMPORTANT HEADING</string><string>AND THIS IS WHERE WE TALK ABOUT WHY WE’RE PRETTY AWESOME ...</string><string>Latest News</string><string>&lt;p&gt;Phasellus quam turpis, feugiat sit amet ornare in, hendrerit in lectus. Praesent semper bibendum ipsum, et tristique augue fringilla eu. Vivamus id risus vel dolor auctor euismod quis eget mi. Etiam eu ante risus. Aliquam erat volutpat. Aliquam lu</string><string>ZEROFOUR: A FREE RESPONSIVE SITE TEMPLATE BUILT ON HTML5 AND CSS3 BY HTML5 UP</string><string>DOES THIS STATEMENT MAKE YOU WANT TO CLICK THE SHINY BLUE BUTTON?</string><string>Yes It Does</string><string>#</string><string>fa-check-circle</string><string>normal</string></field><field name='numericvalue'><string></string><string></string><string></string><string></string><string></string><string></string><string></string><string></string><string></string><string></string><string></string><string></string><string></string><string></string><string></string><string></string><string></string><string></string><string></string><string></string><string></string><string></string><string></string><string></string><string></string><string></string><string></string><string></string><string></string><string></string><string></string><string></string><string></string><string></string><string></string><string></string><string></string><string></string><string></string><string></string><string></string><string></string><string></string><string></string><string></string><string></string><string></string><string></string><string></string><string></string><string></string><string></string><string></string><string></string><string></string></field><field name='datetimevalue'><string></string><string></string><string></string><string></string><string></string><string></string><string></string><string></string><string></string><string></string><string></string><string></string><string></string><string></string><string></string><string></string><string></string><string></string><string></string><string></string><string></string><string></string><string></string><string></string><string></string><string></string><string></string><string></string><string></string><string></string><string></string><string></string><string></string><string></string><string></string><string></string><string></string><string></string><string></string><string></string><string></string><string></string><string></string><string></string><string></string><string></string><string></string><string></string><string></string><string></string><string></string><string></string><string></string><string></string><string></string></field><field name='remoteID'><string></string><string></string><string></string><string></string><string></string><string></string><string></string><string></string><string></string><string></string><string></string><string></string><string></string><string></string><string></string><string></string><string></string><string></string><string></string><string></string><string></string><string></string><string></string><string></string><string></string><string></string><string></string><string></string><string></string><string></string><string></string><string></string><string></string><string></string><string></string><string></string><string></string><string></string><string></string><string></string><string></string><string></string><string></string><string></string><string></string><string></string><string></string><string></string><string></string><string></string><string></string><string></string><string></string><string></string><string></string></field></recordset></data></wddxPacket>
