<wddxPacket version='1.0'><header/><data><recordset rowCount='13' fieldNames='categoryID,siteID,parentID,dateCreated,lastUpdate,lastUpdateBy,name,notes,isInterestGroup,isActive,isOpen,sortBy,sortDirection,restrictGroups,path,remoteID,remoteSourceURL,remotePubDate,urltitle,filename,isfeatureable' type='coldfusion.sql.QueryTable'><field name='categoryID'><string>105198F5-AA16-4FF9-8044B019C238AE77</string><string>1D5CB955-B4A2-4988-B8158BF0BCF962E0</string><string>28CD4552-C308-48C6-BD769143AC544E36</string><string>65D87FDE-74EB-4F57-A45D1B47E5785381</string><string>74FFEACD-5983-4DA4-A664EE2E9C869C85</string><string>906E50DB-26F3-4D01-BF02DB0DF9388CA8</string><string>9579B50D-EA7D-4516-A2B3D4C080935304</string><string>9C4CAF74-1923-40DA-A1DAD2EEA00BAD8C</string><string>A71B1269-00E8-460B-A18F9D6D95952E6B</string><string>AC5BABE8-9EF7-4826-A47EBF1BE3E1B26A</string><string>E8911F17-2860-43F6-AFC914E3729908B7</string><string>F3CCEB4A-6DDE-4366-B64FBD08D970AC43</string><string>FD6F058A-F997-473D-95B7737166514550</string></field><field name='siteID'><string>temp-zerofour</string><string>temp-zerofour</string><string>temp-zerofour</string><string>temp-zerofour</string><string>temp-zerofour</string><string>temp-zerofour</string><string>temp-zerofour</string><string>temp-zerofour</string><string>temp-zerofour</string><string>temp-zerofour</string><string>temp-zerofour</string><string>temp-zerofour</string><string>temp-zerofour</string></field><field name='parentID'><string>74FFEACD-5983-4DA4-A664EE2E9C869C85</string><string>74FFEACD-5983-4DA4-A664EE2E9C869C85</string><string></string><string>74FFEACD-5983-4DA4-A664EE2E9C869C85</string><string></string><string>74FFEACD-5983-4DA4-A664EE2E9C869C85</string><string>74FFEACD-5983-4DA4-A664EE2E9C869C85</string><string>74FFEACD-5983-4DA4-A664EE2E9C869C85</string><string>28CD4552-C308-48C6-BD769143AC544E36</string><string>74FFEACD-5983-4DA4-A664EE2E9C869C85</string><string>28CD4552-C308-48C6-BD769143AC544E36</string><string>74FFEACD-5983-4DA4-A664EE2E9C869C85</string><string>74FFEACD-5983-4DA4-A664EE2E9C869C85</string></field><field name='dateCreated'><dateTime>2012-11-27T14:9:49+0:0</dateTime><dateTime>2012-11-27T17:36:20+0:0</dateTime><dateTime>2012-11-27T19:8:58+0:0</dateTime><dateTime>2012-11-27T14:10:32+0:0</dateTime><dateTime>2012-11-27T14:9:32+0:0</dateTime><dateTime>2012-11-27T14:12:39+0:0</dateTime><dateTime>2012-11-27T14:10:10+0:0</dateTime><dateTime>2013-9-20T21:39:24+0:0</dateTime><dateTime>2012-11-27T19:9:7+0:0</dateTime><dateTime>2012-11-27T14:13:3+0:0</dateTime><dateTime>2013-9-20T20:31:7+0:0</dateTime><dateTime>2012-11-27T14:10:19+0:0</dateTime><dateTime>2012-11-27T14:11:0+0:0</dateTime></field><field name='lastUpdate'><dateTime>2012-11-27T14:9:49+0:0</dateTime><dateTime>2012-11-27T17:36:20+0:0</dateTime><dateTime>2012-11-27T19:8:58+0:0</dateTime><dateTime>2012-11-27T14:10:32+0:0</dateTime><dateTime>2012-11-27T14:9:32+0:0</dateTime><dateTime>2012-11-27T14:12:39+0:0</dateTime><dateTime>2012-11-27T14:10:10+0:0</dateTime><dateTime>2013-9-20T21:39:24+0:0</dateTime><dateTime>2012-11-27T19:9:7+0:0</dateTime><dateTime>2012-11-27T14:13:3+0:0</dateTime><dateTime>2013-9-20T20:31:7+0:0</dateTime><dateTime>2012-11-27T14:10:19+0:0</dateTime><dateTime>2012-11-27T14:11:0+0:0</dateTime></field><field name='lastUpdateBy'><string>Steve Withington</string><string>Steve Withington</string><string>Steve Withington</string><string>Steve Withington</string><string>Steve Withington</string><string>Steve Withington</string><string>Steve Withington</string><string>Steve Withington</string><string>Steve Withington</string><string>Steve Withington</string><string>Steve Withington</string><string>Steve Withington</string><string>Steve Withington</string></field><field name='name'><string>Business</string><string>Technology</string><string>Event Categories</string><string>World News</string><string>News Categories</string><string>Opinion</string><string>Politics</string><string>Weather</string><string>Mura CMS Training</string><string>Health &amp; Science</string><string>MuraCon</string><string>Local News</string><string>Arts &amp; Culture</string></field><field name='notes'><string></string><string></string><string></string><string></string><string></string><string></string><string></string><string></string><string></string><string></string><string></string><string></string><string></string></field><field name='isInterestGroup'><number>1.0</number><number>1.0</number><number>0.0</number><number>1.0</number><number>0.0</number><number>1.0</number><number>1.0</number><number>1.0</number><number>1.0</number><number>1.0</number><number>1.0</number><number>1.0</number><number>1.0</number></field><field name='isActive'><number>1.0</number><number>1.0</number><number>1.0</number><number>1.0</number><number>1.0</number><number>1.0</number><number>1.0</number><number>1.0</number><number>1.0</number><number>1.0</number><number>1.0</number><number>1.0</number><number>1.0</number></field><field name='isOpen'><number>1.0</number><number>1.0</number><number>0.0</number><number>1.0</number><number>0.0</number><number>1.0</number><number>1.0</number><number>1.0</number><number>1.0</number><number>1.0</number><number>1.0</number><number>1.0</number><number>1.0</number></field><field name='sortBy'><string>orderno</string><string>orderno</string><string>orderno</string><string>orderno</string><string>orderno</string><string>orderno</string><string>orderno</string><string>orderno</string><string>orderno</string><string>orderno</string><string>orderno</string><string>orderno</string><string>orderno</string></field><field name='sortDirection'><string>asc</string><string>asc</string><string>asc</string><string>asc</string><string>asc</string><string>asc</string><string>asc</string><string>asc</string><string>asc</string><string>asc</string><string>asc</string><string>asc</string><string>asc</string></field><field name='restrictGroups'><string></string><string></string><string></string><string></string><string></string><string></string><string></string><string></string><string></string><string></string><string></string><string></string><string></string></field><field name='path'><string>74FFEACD-5983-4DA4-A664EE2E9C869C85,105198F5-AA16-4FF9-8044B019C238AE77</string><string>74FFEACD-5983-4DA4-A664EE2E9C869C85,1D5CB955-B4A2-4988-B8158BF0BCF962E0</string><string>28CD4552-C308-48C6-BD769143AC544E36</string><string>74FFEACD-5983-4DA4-A664EE2E9C869C85,65D87FDE-74EB-4F57-A45D1B47E5785381</string><string>74FFEACD-5983-4DA4-A664EE2E9C869C85</string><string>74FFEACD-5983-4DA4-A664EE2E9C869C85,906E50DB-26F3-4D01-BF02DB0DF9388CA8</string><string>74FFEACD-5983-4DA4-A664EE2E9C869C85,9579B50D-EA7D-4516-A2B3D4C080935304</string><string>74FFEACD-5983-4DA4-A664EE2E9C869C85,9C4CAF74-1923-40DA-A1DAD2EEA00BAD8C</string><string>28CD4552-C308-48C6-BD769143AC544E36,A71B1269-00E8-460B-A18F9D6D95952E6B</string><string>74FFEACD-5983-4DA4-A664EE2E9C869C85,AC5BABE8-9EF7-4826-A47EBF1BE3E1B26A</string><string>28CD4552-C308-48C6-BD769143AC544E36,E8911F17-2860-43F6-AFC914E3729908B7</string><string>74FFEACD-5983-4DA4-A664EE2E9C869C85,F3CCEB4A-6DDE-4366-B64FBD08D970AC43</string><string>74FFEACD-5983-4DA4-A664EE2E9C869C85,FD6F058A-F997-473D-95B7737166514550</string></field><field name='remoteID'><string></string><string></string><string></string><string></string><string></string><string></string><string></string><string></string><string></string><string></string><string></string><string></string><string></string></field><field name='remoteSourceURL'><string></string><string></string><string></string><string></string><string></string><string></string><string></string><string></string><string></string><string></string><string></string><string></string><string></string></field><field name='remotePubDate'><string></string><string></string><string></string><string></string><string></string><string></string><string></string><string></string><string></string><string></string><string></string><string></string><string></string></field><field name='urltitle'><string>business</string><string>technology</string><string>event-categories</string><string>world-news</string><string>news-categories</string><string>opinion</string><string>politics</string><string>weather</string><string>mura-cms-training</string><string>health-science</string><string>muracon</string><string>local-news</string><string>arts-culture</string></field><field name='filename'><string>news-categories/business</string><string>news-categories/technology</string><string>event-categories</string><string>news-categories/world-news</string><string>news-categories</string><string>news-categories/opinion</string><string>news-categories/politics</string><string>news-categories/weather</string><string>event-categories/mura-cms-training</string><string>news-categories/health-science</string><string>event-categories/muracon</string><string>news-categories/local-news</string><string>news-categories/arts-culture</string></field><field name='isfeatureable'><number>0.0</number><number>0.0</number><number>0.0</number><number>0.0</number><number>0.0</number><number>0.0</number><number>0.0</number><number>1.0</number><number>0.0</number><number>0.0</number><number>1.0</number><number>0.0</number><number>0.0</number></field></recordset></data></wddxPacket>
