<wddxPacket version='1.0'><header/><data><recordset rowCount='44' fieldNames='ContentHistID,ObjectID,Object,ContentID,Name,OrderNo,SiteID,ColumnID,Params' type='coldfusion.sql.QueryTable'><field name='ContentHistID'><string>0260E264-895C-418F-8CB10D163FC35B40</string><string>0F86BB5F-EBCA-46A9-8806362E38567F9E</string><string>1AE6780F-2146-4CD4-B9EB00BF8DC53C6B</string><string>240308AC-EB1F-4F01-A33FAB1E9747E0EF</string><string>278A5706-28B8-47EC-B0E278B540A6490C</string><string>29BF4597-46B7-482D-8448FA55A74295FB</string><string>29BF4597-46B7-482D-8448FA55A74295FB</string><string>29BF4597-46B7-482D-8448FA55A74295FB</string><string>29BF4597-46B7-482D-8448FA55A74295FB</string><string>29BF4597-46B7-482D-8448FA55A74295FB</string><string>29BF4597-46B7-482D-8448FA55A74295FB</string><string>29BF4597-46B7-482D-8448FA55A74295FB</string><string>29BF4597-46B7-482D-8448FA55A74295FB</string><string>29BF4597-46B7-482D-8448FA55A74295FB</string><string>493809D9-F559-43BE-86949B01D277F6F5</string><string>4C531F89-23D5-4ABC-A9BE302449B0D511</string><string>51B75231-377C-4A1F-BF5B94614A86636F</string><string>5A9E7246-FD84-4689-B347DCDF731276E5</string><string>60251C9D-886C-4DBC-ABD43D93E385585F</string><string>60251C9D-886C-4DBC-ABD43D93E385585F</string><string>60251C9D-886C-4DBC-ABD43D93E385585F</string><string>7A46AE4E-6B82-49AC-90D6978D1E74AFBE</string><string>7ECA9F60-8C33-4AD1-A7DEE046339E3EAA</string><string>7ECA9F60-8C33-4AD1-A7DEE046339E3EAA</string><string>7F8AD6EA-2F82-41B0-B6FB5C4EBBFAE6C3</string><string>80C4F735-BBA8-421E-81FFE5F1586D6133</string><string>8CFF8336-7833-4CF8-A61BBFE39B909473</string><string>8F38E44D-BA28-436D-977695D3E4EB7C1B</string><string>998A0290-FAA5-410B-9B160762B0EE1FC0</string><string>998A0290-FAA5-410B-9B160762B0EE1FC0</string><string>9C682C10-0733-4EAE-A10D8A634D4D7905</string><string>9C682C10-0733-4EAE-A10D8A634D4D7905</string><string>9C682C10-0733-4EAE-A10D8A634D4D7905</string><string>9C682C10-0733-4EAE-A10D8A634D4D7905</string><string>9C682C10-0733-4EAE-A10D8A634D4D7905</string><string>B90B32BA-EA2A-4B98-859920DADC5D959B</string><string>DEC225EA-2E67-4035-BFE045386B1C47B3</string><string>E2970A4B-B107-4800-966864F82D70D901</string><string>EAD90246-8C6C-4CB8-AEB611E1B37B5A41</string><string>EAD90246-8C6C-4CB8-AEB611E1B37B5A41</string><string>EAD90246-8C6C-4CB8-AEB611E1B37B5A41</string><string>EB68D291-0451-4F84-BD0D809977ACD5F7</string><string>F3FE87F1-1846-43EB-8BB7BD59B8755506</string><string>F3FE87F1-1846-43EB-8BB7BD59B8755506</string></field><field name='ObjectID'><string>E32CDC27-FE2C-44D2-A0D0A16FC51B51A1</string><string>0F6C2A92-351C-40B3-9A22D8B92CD43BF2</string><string>7AFE5792-FD75-4F21-A0D0F44D8849F9D7</string><string>1EFD9D28-3BC7-4949-9213C8007C7D32CD</string><string>404E9E81-883D-425B-AFD15739743D485A</string><string>59F94EFA-A2D7-420A-A53A8D3541CC7BFD</string><string>8A463F1D-F79F-40B6-B79E53220286E855</string><string>8A463F1D-F79F-40B6-B79E53220286E855</string><string>8A463F1D-F79F-40B6-B79E53220286E855</string><string>8A463F1D-F79F-40B6-B79E53220286E855</string><string>96B57130-7260-4B70-99920E668DD34230</string><string>C4E7CB8F-2C16-439E-82ED25CDA8DA0C65</string><string>D99A7A07-8922-449E-8B9C34223E6F87A4</string><string>FA0DC93E-867B-4E40-8274A14625E723DE</string><string>A6A5A195-42C0-4317-B6AF182BA0159083</string><string>AB7756E8-736F-4333-8F03818F4B139CD2</string><string>E3F351A7-6D5D-4A13-8C25B6B1C84E2691</string><string>18E1EAA7-1DED-4227-87BA425E76CEDC8D</string><string>02942968-318A-48ED-A95665477F584D0D</string><string>2145D284-90FB-4A2A-BF6553427AFA8D75</string><string>AA8BEA7C-85A3-486E-8E8C6488C9C17DFD</string><string>F8373201-6E88-489F-A5A39479AFC355BD</string><string>1C46E630-046F-4B23-8955A0D15E3C4190</string><string>CB5ABD9E-46B6-4327-AC82978E1F1A1895</string><string>DF2CC434-F72D-483C-ADF1314CC8C44477</string><string>A9E3D04C-63E5-4FF4-8B1EF3009CC59EAA</string><string>CB5B1D6D-366B-4F16-9CEF4953260833CD</string><string>2AC14D7D-5E6C-4310-8D038244AA9AA66A</string><string>02942968-318A-48ED-A95665477F584D0D</string><string>2F281D62-0963-4E5E-B6D730CEC14E2497</string><string>96B57130-7260-4B70-99920E668DD34230</string><string>E9E61851-6C89-4EB6-90F3B5BA10358436</string><string>E9E61851-6C89-4EB6-90F3B5BA10358436</string><string>E9E61851-6C89-4EB6-90F3B5BA10358436</string><string>EC5C2F67-0BE5-4E0F-BC6DF65312FE752C</string><string>54E6EB9D-13AF-4F11-B5C733293355DA8D</string><string>7AB8E8B0-D1FB-43A3-BF38CFF5057AED93</string><string>9E77D99A-A360-44C0-B66E17C5AC0DE100</string><string>02942968-318A-48ED-A95665477F584D0D</string><string>6D2BE827-CE8A-446D-9946F0577086D7E1</string><string>808E0C5A-3EAA-422B-8C3EFA882AED01D2</string><string>94AA0D7D-70D4-4FD8-99D0E3D62806D8E1</string><string>AA8BEA7C-85A3-486E-8E8C6488C9C17DFD</string><string>BCCB84A2-FC83-4396-84009E52B6B1AE7F</string></field><field name='Object'><string>folder_nav</string><string>favorites</string><string>rater</string><string>peer_nav</string><string>site_map</string><string>rater</string><string>archive_nav</string><string>archive_nav</string><string>calendar_nav</string><string>calendar_nav</string><string>comments</string><string>rater</string><string>tag_cloud</string><string>tag_cloud</string><string>related_content</string><string>mailing_list</string><string>event_reminder_form</string><string>comments</string><string>Component</string><string>standard_nav</string><string>Component</string><string>seq_nav</string><string>form</string><string>Component</string><string>standard_nav</string><string>user_tools</string><string>site_map</string><string>sub_nav</string><string>Component</string><string>standard_nav</string><string>comments</string><string>archive_nav</string><string>calendar_nav</string><string>category_summary</string><string>rater</string><string>mailing_list_master</string><string>site_map</string><string>tag_cloud</string><string>Component</string><string>user_tools</string><string>standard_nav</string><string>multilevel_nav</string><string>Component</string><string>Component</string></field><field name='ContentID'><string>81EBF8C4-A72F-42FD-A353458D7078AF61</string><string>1C8ACCC4-C62A-4647-91D56E5B7E5D9452</string><string>475160C7-36CF-483D-819148EB9E4F2211</string><string>500C2792-BE83-44EC-8606B6BC4F10D2C2</string><string>C6C1D6B3-EE17-45E0-BB129C8B4F7A5972</string><string>8A463F1D-F79F-40B6-B79E53220286E855</string><string>8A463F1D-F79F-40B6-B79E53220286E855</string><string>8A463F1D-F79F-40B6-B79E53220286E855</string><string>8A463F1D-F79F-40B6-B79E53220286E855</string><string>8A463F1D-F79F-40B6-B79E53220286E855</string><string>8A463F1D-F79F-40B6-B79E53220286E855</string><string>8A463F1D-F79F-40B6-B79E53220286E855</string><string>8A463F1D-F79F-40B6-B79E53220286E855</string><string>8A463F1D-F79F-40B6-B79E53220286E855</string><string>3CB850F7-7D9D-4EAD-9CA2669489F594F6</string><string>2F02D29B-8692-44E3-86C6801A217DB0B1</string><string>510752B8-A656-4AF4-AD374DF24AAC2BF5</string><string>4B0A6A94-8A74-4519-842E87EE210F4B8F</string><string>AA6E838C-5791-4022-AD90B558B7030A74</string><string>AA6E838C-5791-4022-AD90B558B7030A74</string><string>AA6E838C-5791-4022-AD90B558B7030A74</string><string>4E17CE15-7F10-406D-B582C80B4AB06FE7</string><string>674DD6E7-2646-422A-8F5CB0A3F9BA27D7</string><string>674DD6E7-2646-422A-8F5CB0A3F9BA27D7</string><string>34E9890C-6405-45F0-A60749F0F6134B70</string><string>67918CF6-173B-4634-AC94EC5F6D783A8E</string><string>8A1CBBDE-AA9C-45A7-9DE55D14B342C65D</string><string>F7920F7F-5558-4C66-B26AF47B612120A0</string><string>310E28F3-FC36-4B29-A8B746529D669A9C</string><string>310E28F3-FC36-4B29-A8B746529D669A9C</string><string>E9E61851-6C89-4EB6-90F3B5BA10358436</string><string>E9E61851-6C89-4EB6-90F3B5BA10358436</string><string>E9E61851-6C89-4EB6-90F3B5BA10358436</string><string>E9E61851-6C89-4EB6-90F3B5BA10358436</string><string>E9E61851-6C89-4EB6-90F3B5BA10358436</string><string>6AE4E110-AB2C-423B-AD5B84DACFD82868</string><string>1831EF2D-30DC-43BE-AA899F983C86E854</string><string>71CDDF9F-A405-46F2-85A785DCB3A30B04</string><string>5A01266A-9C5B-40D8-84596EBD159D99AA</string><string>5A01266A-9C5B-40D8-84596EBD159D99AA</string><string>5A01266A-9C5B-40D8-84596EBD159D99AA</string><string>388DD6BD-A23C-4059-A64AADA753E0729A</string><string>F6EA3E7A-8C4E-40E5-8D9B801A65B17772</string><string>F6EA3E7A-8C4E-40E5-8D9B801A65B17772</string></field><field name='Name'><string>Folder Navigation</string><string>User Favorites</string><string>Content Rater</string><string>Peer Navigation</string><string>Site Map</string><string>Content Rater</string><string>Home &gt; Blog  - Archive Navigation</string><string>Home &gt; Blog  - Archive Navigation</string><string>Home &gt; Blog  - Calendar Navigation</string><string>Home &gt; Blog  - Calendar Navigation</string><string>Accept Comments</string><string>Content Rater</string><string>Tag Cloud</string><string>Tag Cloud</string><string>Related Content</string><string>Mailing List - Sign Up for Our Mailing List</string><string>Event Reminder Form</string><string>Accept Comments</string><string>Component - [ Nav ] Section Title</string><string>Standard Navigation</string><string>Component - [ Sidebar ] With Heading And Button</string><string>Sequential Nav</string><string>Data Collector - Information Request Form</string><string>Component - Contact Details</string><string>Standard Navigation</string><string>User Tools</string><string>Site Map</string><string>Sub Navigation</string><string>Component - [ Nav ] Section Header</string><string>Standard Navigation</string><string>Accept Comments</string><string>Home &gt; News  - Archive Navigation</string><string>Home &gt; News  - Calendar Navigation</string><string>News - Category Summary</string><string>Content Rater</string><string>Master Mailing List Sign Up Form</string><string>Site Map</string><string>Tag Group</string><string>Component - [ Nav ] Section Title</string><string>User Tools</string><string>Standard Navigation</string><string>Multi-Level Navigation</string><string>Component - [ Sidebar ] With Heading And Button</string><string>Component - [ Sidebar ] Another Sidebar With Heading And Link</string></field><field name='OrderNo'><number>1.0</number><number>1.0</number><number>1.0</number><number>1.0</number><number>1.0</number><number>1.0</number><number>3.0</number><number>3.0</number><number>2.0</number><number>2.0</number><number>1.0</number><number>1.0</number><number>4.0</number><number>4.0</number><number>1.0</number><number>1.0</number><number>1.0</number><number>1.0</number><number>1.0</number><number>2.0</number><number>3.0</number><number>1.0</number><number>1.0</number><number>1.0</number><number>1.0</number><number>1.0</number><number>1.0</number><number>1.0</number><number>1.0</number><number>2.0</number><number>1.0</number><number>3.0</number><number>2.0</number><number>4.0</number><number>1.0</number><number>1.0</number><number>1.0</number><number>1.0</number><number>1.0</number><number>3.0</number><number>2.0</number><number>1.0</number><number>1.0</number><number>2.0</number></field><field name='SiteID'><string>temp-zerofour</string><string>temp-zerofour</string><string>temp-zerofour</string><string>temp-zerofour</string><string>temp-zerofour</string><string>temp-zerofour</string><string>temp-zerofour</string><string>temp-zerofour</string><string>temp-zerofour</string><string>temp-zerofour</string><string>temp-zerofour</string><string>temp-zerofour</string><string>temp-zerofour</string><string>temp-zerofour</string><string>temp-zerofour</string><string>temp-zerofour</string><string>temp-zerofour</string><string>temp-zerofour</string><string>temp-zerofour</string><string>temp-zerofour</string><string>temp-zerofour</string><string>temp-zerofour</string><string>temp-zerofour</string><string>temp-zerofour</string><string>temp-zerofour</string><string>temp-zerofour</string><string>temp-zerofour</string><string>temp-zerofour</string><string>temp-zerofour</string><string>temp-zerofour</string><string>temp-zerofour</string><string>temp-zerofour</string><string>temp-zerofour</string><string>temp-zerofour</string><string>temp-zerofour</string><string>temp-zerofour</string><string>temp-zerofour</string><string>temp-zerofour</string><string>temp-zerofour</string><string>temp-zerofour</string><string>temp-zerofour</string><string>temp-zerofour</string><string>temp-zerofour</string><string>temp-zerofour</string></field><field name='ColumnID'><number>1.0</number><number>2.0</number><number>2.0</number><number>1.0</number><number>2.0</number><number>3.0</number><number>1.0</number><number>3.0</number><number>1.0</number><number>3.0</number><number>2.0</number><number>1.0</number><number>3.0</number><number>1.0</number><number>2.0</number><number>2.0</number><number>2.0</number><number>2.0</number><number>1.0</number><number>1.0</number><number>1.0</number><number>2.0</number><number>2.0</number><number>3.0</number><number>1.0</number><number>2.0</number><number>2.0</number><number>1.0</number><number>1.0</number><number>1.0</number><number>2.0</number><number>3.0</number><number>3.0</number><number>3.0</number><number>3.0</number><number>2.0</number><number>2.0</number><number>2.0</number><number>1.0</number><number>1.0</number><number>1.0</number><number>1.0</number><number>3.0</number><number>3.0</number></field><field name='Params'><string></string><string></string><string></string><string></string><string></string><string></string><string></string><string></string><string></string><string></string><string></string><string></string><string></string><string></string><string>{&quot;relatedContentSetName&quot;:&quot;&quot;,&quot;imageWidth&quot;:&quot;AUTO&quot;,&quot;imageHeight&quot;:&quot;AUTO&quot;,&quot;displayList&quot;:&quot;Title&quot;}</string><string></string><string></string><string></string><string></string><string></string><string></string><string></string><string></string><string></string><string></string><string></string><string></string><string></string><string></string><string></string><string></string><string></string><string></string><string>{&quot;displayRSS&quot;:&quot;0&quot;}</string><string></string><string></string><string></string><string>{&quot;taggroup&quot;:&quot;&quot;}</string><string></string><string></string><string></string><string></string><string></string><string></string></field></recordset></data></wddxPacket>
