<wddxPacket version='1.0'><header/><data><recordset rowCount='6' fieldNames='sizeID,siteID,name,height,width' type='coldfusion.sql.QueryTable'><field name='sizeID'><string>0E3BC22B-6796-4A42-B480116BB031568D</string><string>24B79944-2044-44D8-A0FE64DDE265862C</string><string>30CA2E29-D389-4FB3-962C2D5A80AB2CF5</string><string>55137635-B693-4EEB-987C5BFFF6673423</string><string>B74E3F97-537C-46BC-A1DE6340683833F4</string><string>CD06F29F-2694-4976-A7F2979BF810608D</string></field><field name='siteID'><string>temp-zerofour</string><string>temp-zerofour</string><string>temp-zerofour</string><string>temp-zerofour</string><string>temp-zerofour</string><string>temp-zerofour</string></field><field name='name'><string>bodyimage</string><string>carouselimage</string><string>homespotlightimage</string><string>headerbackgroundimage</string><string>homefeature1image</string><string>homefeature2image</string></field><field name='height'><string>294</string><string>500</string><string>168</string><string>651</string><string>217</string><string>167</string></field><field name='width'><string>783</string><string>1200</string><string>367</string><string>1400</string><string>367</string><string>180</string></field></recordset></data></wddxPacket>
