<wddxPacket version='1.0'><header/><data><recordset rowCount='16' fieldNames='contentHistID,categoryID,contentID,isFeature,orderno,siteID,featureStart,featureStop' type='coldfusion.sql.QueryTable'><field name='contentHistID'><string>005C7350-1BFC-430A-9A470230B5F05307</string><string>005C7350-1BFC-430A-9A470230B5F05307</string><string>2C0BF2F8-DFF3-4DE3-897B2DBE5AE5B541</string><string>2C0BF2F8-DFF3-4DE3-897B2DBE5AE5B541</string><string>4DCB40D0-DAC9-47CE-B9C692DF226680B9</string><string>4DCB40D0-DAC9-47CE-B9C692DF226680B9</string><string>82D069D0-760F-432D-9B3F4E48DECF8E69</string><string>9C37A63C-4FC7-48B9-A30D496722038E42</string><string>9C37A63C-4FC7-48B9-A30D496722038E42</string><string>C6FDE276-01A5-42D6-85B549C629856D2C</string><string>C6FDE276-01A5-42D6-85B549C629856D2C</string><string>DDA21133-5638-4730-B501AD52670F066F</string><string>E1EB1543-CF53-473B-8A5650730359B7AE</string><string>E5F7171C-93F5-4C98-B45B486202C25E7F</string><string>E5F7171C-93F5-4C98-B45B486202C25E7F</string><string>FFBB6A98-85E6-41A7-B0F4B78AA8DB2FFE</string></field><field name='categoryID'><string>9C4CAF74-1923-40DA-A1DAD2EEA00BAD8C</string><string>F3CCEB4A-6DDE-4366-B64FBD08D970AC43</string><string>9C4CAF74-1923-40DA-A1DAD2EEA00BAD8C</string><string>F3CCEB4A-6DDE-4366-B64FBD08D970AC43</string><string>9C4CAF74-1923-40DA-A1DAD2EEA00BAD8C</string><string>F3CCEB4A-6DDE-4366-B64FBD08D970AC43</string><string>F3CCEB4A-6DDE-4366-B64FBD08D970AC43</string><string>F3CCEB4A-6DDE-4366-B64FBD08D970AC43</string><string>FD6F058A-F997-473D-95B7737166514550</string><string>9C4CAF74-1923-40DA-A1DAD2EEA00BAD8C</string><string>F3CCEB4A-6DDE-4366-B64FBD08D970AC43</string><string>E8911F17-2860-43F6-AFC914E3729908B7</string><string>A71B1269-00E8-460B-A18F9D6D95952E6B</string><string>9C4CAF74-1923-40DA-A1DAD2EEA00BAD8C</string><string>F3CCEB4A-6DDE-4366-B64FBD08D970AC43</string><string>A71B1269-00E8-460B-A18F9D6D95952E6B</string></field><field name='contentID'><string>446963C6-F16A-4068-A4FEC17053F2959C</string><string>446963C6-F16A-4068-A4FEC17053F2959C</string><string>687AC2EE-EDA2-46E3-A129D405B2C6FE6F</string><string>687AC2EE-EDA2-46E3-A129D405B2C6FE6F</string><string>04C37E9B-E638-4B2A-80390CBC5DE028E2</string><string>04C37E9B-E638-4B2A-80390CBC5DE028E2</string><string>C0D86B1A-BE22-4BF5-8DCED9B925C7CBF5</string><string>04E7E371-510D-4A64-9AFCEC90FF69FC07</string><string>04E7E371-510D-4A64-9AFCEC90FF69FC07</string><string>9ED04E5A-7FB1-40A2-92800F9C4288C598</string><string>9ED04E5A-7FB1-40A2-92800F9C4288C598</string><string>3F369B68-206C-46BC-92902B8B8E116005</string><string>FD2D48E0-E53A-46BD-BD6E793EB00703A7</string><string>7661733D-2BA9-4094-AAEE73AF664C1655</string><string>7661733D-2BA9-4094-AAEE73AF664C1655</string><string>3F9DC167-3BF9-48D4-BFEF7A0B0CD1C856</string></field><field name='isFeature'><number>0.0</number><number>0.0</number><number>0.0</number><number>0.0</number><number>0.0</number><number>0.0</number><number>0.0</number><number>0.0</number><number>0.0</number><number>0.0</number><number>0.0</number><number>0.0</number><number>0.0</number><number>0.0</number><number>0.0</number><number>0.0</number></field><field name='orderno'><number>0.0</number><number>0.0</number><number>0.0</number><number>0.0</number><number>0.0</number><number>0.0</number><number>0.0</number><number>0.0</number><number>0.0</number><number>0.0</number><number>0.0</number><number>0.0</number><number>0.0</number><number>0.0</number><number>0.0</number><number>0.0</number></field><field name='siteID'><string>temp-zerofour</string><string>temp-zerofour</string><string>temp-zerofour</string><string>temp-zerofour</string><string>temp-zerofour</string><string>temp-zerofour</string><string>temp-zerofour</string><string>temp-zerofour</string><string>temp-zerofour</string><string>temp-zerofour</string><string>temp-zerofour</string><string>temp-zerofour</string><string>temp-zerofour</string><string>temp-zerofour</string><string>temp-zerofour</string><string>temp-zerofour</string></field><field name='featureStart'><string></string><string></string><string></string><string></string><string></string><string></string><string></string><string></string><string></string><string></string><string></string><string></string><string></string><string></string><string></string><string></string></field><field name='featureStop'><string></string><string></string><string></string><string></string><string></string><string></string><string></string><string></string><string></string><string></string><string></string><string></string><string></string><string></string><string></string><string></string></field></recordset></data></wddxPacket>
