<wddxPacket version='1.0'><header/><data><recordset rowCount='17' fieldNames='fileID,contentID,siteID,moduleID,filename,image,imageSmall,imageMedium,fileSize,contentType,contentSubType,fileExt,created,deleted,caption,credits,alttext,remoteID,remoteURL,remotePubDate,remoteSource,remoteSourceURL,exif' type='coldfusion.sql.QueryTable'><field name='fileID'><string>0951003C-587F-4F21-AEAB29F5B47859CE</string><string>181A769B-D2F6-457A-9F0F182E6094285C</string><string>188E4598-A39E-4F59-9965887584950DE2</string><string>2F5B94C9-68A2-4F10-8546133969FBA8BA</string><string>33408189-1FEB-4E7E-A6B3C0F1A8C65026</string><string>4B470070-19AF-47CF-ADCC6A28776BBCF7</string><string>4FD1D482-870C-4552-8D6BFE864833B6B9</string><string>683F4AE6-DB38-4C59-9AF1CDD27C318F67</string><string>730B7246-72BB-43C0-A6BE7509FA034709</string><string>73B82F8B-FCBD-49FE-BFAF119F75A2B353</string><string>88DF305F-1C67-4FAC-8B9C5C46625D3806</string><string>AF24088D-4C4C-4C5B-8B76664B73E34882</string><string>C56A1869-3893-4EC8-996FE007C1103229</string><string>D3917A35-65B6-420E-80E4EDDCE885D4C7</string><string>D72B8847-A9E6-4A12-89F642571EDB3FCA</string><string>E6DFB6B0-5DAC-412E-B727DCD7DC91BA1F</string><string>EDA2BF67-4060-49C7-A78BA90D98DF18C4</string></field><field name='contentID'><string>AECD0C60-3BB7-43C4-A71188AB4C3B9923</string><string>687AC2EE-EDA2-46E3-A129D405B2C6FE6F</string><string>F70AED95-BF83-400D-A99E27452C8B8D21</string><string>9ED04E5A-7FB1-40A2-92800F9C4288C598</string><string>BA7E362D-A7B2-4A58-B80A543251EA4134</string><string>C0D86B1A-BE22-4BF5-8DCED9B925C7CBF5</string><string>E856383A-737C-4365-BF446948697419EF</string><string>55D84A7B-8A0E-4397-ACFA01C6CA7EC398</string><string>15A9E74E-2FA3-4741-AB8253035421A757</string><string>08F77F14-15C7-4D3F-AE2FDB527FD6BC3C</string><string>5FA5C5E0-7131-4869-8B656482F9D229EC</string><string>7661733D-2BA9-4094-AAEE73AF664C1655</string><string>0DC7623B-718F-4508-9CECF92248E36686</string><string>04E7E371-510D-4A64-9AFCEC90FF69FC07</string><string>A811C295-2A63-44FD-85A4B691CAE2D703</string><string>446963C6-F16A-4068-A4FEC17053F2959C</string><string>1719AAFD-6E36-4AF8-A7D4526A9762AE24</string></field><field name='siteID'><string>temp-zerofour</string><string>temp-zerofour</string><string>temp-zerofour</string><string>temp-zerofour</string><string>temp-zerofour</string><string>temp-zerofour</string><string>temp-zerofour</string><string>temp-zerofour</string><string>temp-zerofour</string><string>temp-zerofour</string><string>temp-zerofour</string><string>temp-zerofour</string><string>temp-zerofour</string><string>temp-zerofour</string><string>temp-zerofour</string><string>temp-zerofour</string><string>temp-zerofour</string></field><field name='moduleID'><string>00000000000000000000000000000000000</string><string>00000000000000000000000000000000000</string><string>00000000000000000000000000000000000</string><string>00000000000000000000000000000000000</string><string>00000000000000000000000000000000000</string><string>00000000000000000000000000000000000</string><string>00000000000000000000000000000000000</string><string>00000000000000000000000000000000000</string><string>00000000000000000000000000000000000</string><string>00000000000000000000000000000000000</string><string>00000000000000000000000000000000000</string><string>00000000000000000000000000000000000</string><string>00000000000000000000000000000000000</string><string>00000000000000000000000000000000000</string><string>00000000000000000000000000000000000</string><string>00000000000000000000000000000000000</string><string>00000000000000000000000000000000000</string></field><field name='filename'><string>3FD8FA3B-57C5-4202-B9F03C776E8DD778_source.jpg</string><string>pic02.jpg</string><string>5F93A4B4-7E64-440F-9604D2BAF365864B_source.jpg</string><string>pic03.jpg</string><string>pic04.jpg</string><string>C97D5C19-7965-49DC-AA47DEF85C7BDF07_source.jpg</string><string>62A8772C-9CE4-4128-84F5CB790A079761_source.jpg</string><string>61DFDEB1-45D8-4645-938727BD03E382B0_source.jpg</string><string>30BA5898-1490-4C2E-99A7634A7A9DCDC2_source.jpg</string><string>pic05.jpg</string><string>pic06.jpg</string><string>pic07.jpg</string><string>sample-annual-report.pdf</string><string>28A5C6D3-A318-4A18-B80ED3277FD0439E_source.jpg</string><string>A311A76D-F2D9-463D-A26655599CF16982_source.jpg</string><string>pic01.jpg</string><string>955A12E0-9E5E-48BA-922600A519E7A314_source.jpg</string></field><field name='image'><string></string><string></string><string></string><string></string><string></string><string></string><string></string><string></string><string></string><string></string><string></string><string></string><string></string><string></string><string></string><string></string><string></string></field><field name='imageSmall'><string></string><string></string><string></string><string></string><string></string><string></string><string></string><string></string><string></string><string></string><string></string><string></string><string></string><string></string><string></string><string></string><string></string></field><field name='imageMedium'><string></string><string></string><string></string><string></string><string></string><string></string><string></string><string></string><string></string><string></string><string></string><string></string><string></string><string></string><string></string><string></string><string></string></field><field name='fileSize'><number>456354.0</number><number>59070.0</number><number>4597525.0</number><number>49780.0</number><number>10341.0</number><number>506108.0</number><number>4090658.0</number><number>4245010.0</number><number>3791376.0</number><number>22196.0</number><number>25082.0</number><number>16893.0</number><number>20318.0</number><number>777056.0</number><number>473493.0</number><number>32879.0</number><number>1071255.0</number></field><field name='contentType'><string>image</string><string>image</string><string>image</string><string>image</string><string>image</string><string>image</string><string>image</string><string>image</string><string>image</string><string>image</string><string>image</string><string>image</string><string>application</string><string>image</string><string>image</string><string>image</string><string>image</string></field><field name='contentSubType'><string>jpeg</string><string>jpeg</string><string>jpeg</string><string>jpeg</string><string>jpeg</string><string>jpeg</string><string>jpeg</string><string>jpeg</string><string>jpeg</string><string>jpeg</string><string>jpeg</string><string>jpeg</string><string>pdf</string><string>jpeg</string><string>jpeg</string><string>jpeg</string><string>jpeg</string></field><field name='fileExt'><string>jpg</string><string>jpg</string><string>jpg</string><string>jpg</string><string>jpg</string><string>jpg</string><string>jpg</string><string>jpg</string><string>jpg</string><string>jpg</string><string>jpg</string><string>jpg</string><string>pdf</string><string>jpg</string><string>jpg</string><string>jpg</string><string>jpg</string></field><field name='created'><dateTime>2013-9-25T21:49:16+0:0</dateTime><dateTime>2014-2-14T18:27:18+0:0</dateTime><dateTime>2013-9-25T20:58:32+0:0</dateTime><dateTime>2014-2-14T18:29:5+0:0</dateTime><dateTime>2014-2-14T19:45:48+0:0</dateTime><dateTime>2013-9-25T21:26:34+0:0</dateTime><dateTime>2013-9-25T20:55:17+0:0</dateTime><dateTime>2013-9-25T20:51:50+0:0</dateTime><dateTime>2013-9-25T20:54:5+0:0</dateTime><dateTime>2014-2-14T19:47:58+0:0</dateTime><dateTime>2014-2-14T19:48:40+0:0</dateTime><dateTime>2014-2-14T19:35:12+0:0</dateTime><dateTime>2012-11-27T19:22:32+0:0</dateTime><dateTime>2013-9-25T21:25:33+0:0</dateTime><dateTime>2013-9-25T21:48:37+0:0</dateTime><dateTime>2014-2-21T14:8:50+0:0</dateTime><dateTime>2013-9-25T21:44:28+0:0</dateTime></field><field name='deleted'><string></string><string></string><string></string><string></string><string></string><string></string><string></string><string></string><string></string><string></string><string></string><string></string><string></string><string></string><string></string><string></string><string></string></field><field name='caption'><string>&lt;p&gt;Lorem ipsum dolor sit amet, consectetur adipiscing elit. Praesent suscipit iaculis libero sed tristique. Quisque mollis dolor non tellus placerat vitae sodales lectus porta. Curabitur ut suscipit tellus.&lt;/p&gt;</string><string></string><string></string><string></string><string></string><string>&lt;p&gt;Lorem ipsum dolor sit amet, consectetur adipiscing elit. Praesent suscipit iaculis libero sed tristique. Quisque mollis dolor non tellus placerat vitae sodales lectus porta. Curabitur ut suscipit tellus.&lt;/p&gt;</string><string></string><string></string><string></string><string></string><string></string><string></string><string></string><string>&lt;p&gt;Lorem ipsum dolor sit amet, consectetur adipiscing elit. Praesent suscipit iaculis libero sed tristique. Quisque mollis dolor non tellus placerat vitae sodales lectus porta. Curabitur ut suscipit tellus.&lt;/p&gt;</string><string>&lt;p&gt;Lorem ipsum dolor sit amet, consectetur adipiscing elit. Praesent suscipit iaculis libero sed tristique. Quisque mollis dolor non tellus placerat vitae sodales lectus porta. Curabitur ut suscipit tellus.&lt;/p&gt;</string><string></string><string>&lt;p&gt;Lorem ipsum dolor sit amet, consectetur adipiscing elit. Praesent suscipit iaculis libero sed tristique. Quisque mollis dolor non tellus placerat vitae sodales lectus porta. Curabitur ut suscipit tellus.&lt;/p&gt;</string></field><field name='credits'><string></string><string></string><string></string><string></string><string></string><string></string><string></string><string></string><string></string><string></string><string></string><string></string><string></string><string></string><string></string><string></string><string></string></field><field name='alttext'><string></string><string></string><string></string><string></string><string></string><string></string><string></string><string></string><string></string><string></string><string></string><string></string><string></string><string></string><string></string><string></string><string></string></field><field name='remoteID'><string></string><string></string><string></string><string></string><string></string><string></string><string></string><string></string><string></string><string></string><string></string><string></string><string></string><string></string><string></string><string></string><string></string></field><field name='remoteURL'><string></string><string></string><string></string><string></string><string></string><string></string><string></string><string></string><string></string><string></string><string></string><string></string><string></string><string></string><string></string><string></string><string></string></field><field name='remotePubDate'><dateTime>2013-9-25T21:49:23+0:0</dateTime><dateTime>2014-2-14T18:27:18+0:0</dateTime><dateTime>2013-9-25T20:58:46+0:0</dateTime><dateTime>2014-2-14T18:29:5+0:0</dateTime><dateTime>2014-2-14T19:45:49+0:0</dateTime><dateTime>2013-9-25T21:26:42+0:0</dateTime><dateTime>2013-9-25T20:55:33+0:0</dateTime><dateTime>2013-9-25T20:52:4+0:0</dateTime><dateTime>2013-9-25T20:54:17+0:0</dateTime><dateTime>2014-2-14T19:47:58+0:0</dateTime><dateTime>2014-2-14T19:48:40+0:0</dateTime><dateTime>2014-2-14T19:35:12+0:0</dateTime><string></string><dateTime>2013-9-25T21:25:40+0:0</dateTime><dateTime>2013-9-25T21:48:45+0:0</dateTime><dateTime>2014-2-21T14:8:52+0:0</dateTime><dateTime>2013-9-25T21:44:35+0:0</dateTime></field><field name='remoteSource'><string></string><string></string><string></string><string></string><string></string><string></string><string></string><string></string><string></string><string></string><string></string><string></string><string></string><string></string><string></string><string></string><string></string></field><field name='remoteSourceURL'><string></string><string></string><string></string><string></string><string></string><string></string><string></string><string></string><string></string><string></string><string></string><string></string><string></string><string></string><string></string><string></string><string></string></field><field name='exif'><string></string><string></string><string></string><string></string><string></string><string></string><string></string><string></string><string></string><string></string><string></string><string></string><string></string><string></string><string></string><string></string><string></string></field></recordset></data></wddxPacket>
