<wddxPacket version='1.0'><header/><data><recordset rowCount='1' fieldNames='DOMAIN,SITEID,THEME,LARGEIMAGEWIDTH,LARGEIMAGEHEIGHT,SMALLIMAGEWIDTH,SMALLIMAGEHEIGHT,MEDIUMIMAGEWIDTH,MEDIUMIMAGEHEIGHT,COLUMNCOUNT,COLUMNNAMES,PRIMARYCOLUMN,BASEID,CUSTOMTAGGROUPS' type='coldfusion.sql.QueryTable'><field name='DOMAIN'><string>zerofour</string></field><field name='SITEID'><string>theme-zerofour</string></field><field name='THEME'><string>zerofour</string></field><field name='LARGEIMAGEWIDTH'><string>AUTO</string></field><field name='LARGEIMAGEHEIGHT'><string>600</string></field><field name='SMALLIMAGEWIDTH'><string>80</string></field><field name='SMALLIMAGEHEIGHT'><string>80</string></field><field name='MEDIUMIMAGEWIDTH'><string>180</string></field><field name='MEDIUMIMAGEHEIGHT'><string>180</string></field><field name='COLUMNCOUNT'><number>3.0</number></field><field name='COLUMNNAMES'><string>Left Column^Main Content^Right Column</string></field><field name='PRIMARYCOLUMN'><number>2.0</number></field><field name='BASEID'><string>4FB041D3-626A-4479-8B8951D43F4F4052</string></field><field name='CUSTOMTAGGROUPS'><null/></field></recordset></data></wddxPacket>
