<wddxPacket version='1.0'><header/><data><recordset rowCount='13' fieldNames='CATEGORYID,SITEID,PARENTID,DATECREATED,LASTUPDATE,LASTUPDATEBY,NAME,NOTES,ISINTERESTGROUP,ISACTIVE,ISOPEN,SORTBY,SORTDIRECTION,RESTRICTGROUPS,PATH,REMOTEID,REMOTESOURCEURL,REMOTEPUBDATE,URLTITLE,FILENAME,ISFEATUREABLE' type='coldfusion.sql.QueryTable'><field name='CATEGORYID'><string>062835E5-F4D7-4D69-A87AD2F2C1846FAA</string><string>0FEA394E-2C67-4467-93D5B22F924305F1</string><string>1C0C3DED-B8FA-4D8C-B49DAA77724FE728</string><string>2102360D-51F1-4E0E-9C0C059A6B931D39</string><string>292E9DCB-7A50-4CB5-BEACDAE80E5A1881</string><string>3D561808-AF80-42BC-A2B5C1560E33C043</string><string>3EAB04A5-C246-4C41-ABAD814816FC0A9E</string><string>40294048-95D7-4EFE-B375866CDE59DFB7</string><string>607ACA17-F702-4F79-97798CC6586B5406</string><string>705FBAF8-6EB9-448E-8D8304247520F3C3</string><string>8065C117-2C04-425E-940BE353D6E3782D</string><string>92C545AF-44C9-4303-AE6CB47DD35F6989</string><string>F88A6B61-6612-483D-AB946203E387B12A</string></field><field name='SITEID'><string>theme-zerofour</string><string>theme-zerofour</string><string>theme-zerofour</string><string>theme-zerofour</string><string>theme-zerofour</string><string>theme-zerofour</string><string>theme-zerofour</string><string>theme-zerofour</string><string>theme-zerofour</string><string>theme-zerofour</string><string>theme-zerofour</string><string>theme-zerofour</string><string>theme-zerofour</string></field><field name='PARENTID'><string>8065C117-2C04-425E-940BE353D6E3782D</string><string>8065C117-2C04-425E-940BE353D6E3782D</string><string>8065C117-2C04-425E-940BE353D6E3782D</string><string>8065C117-2C04-425E-940BE353D6E3782D</string><string>40294048-95D7-4EFE-B375866CDE59DFB7</string><string>8065C117-2C04-425E-940BE353D6E3782D</string><string>8065C117-2C04-425E-940BE353D6E3782D</string><null/><string>8065C117-2C04-425E-940BE353D6E3782D</string><string>8065C117-2C04-425E-940BE353D6E3782D</string><null/><string>8065C117-2C04-425E-940BE353D6E3782D</string><string>40294048-95D7-4EFE-B375866CDE59DFB7</string></field><field name='DATECREATED'><dateTime>2012-11-27T08:10:32-06:00</dateTime><dateTime>2012-11-27T08:13:03-06:00</dateTime><dateTime>2013-09-20T15:39:24-06:00</dateTime><dateTime>2012-11-27T11:36:20-06:00</dateTime><dateTime>2012-11-27T13:09:07-06:00</dateTime><dateTime>2012-11-27T08:09:49-06:00</dateTime><dateTime>2012-11-27T08:11:00-06:00</dateTime><dateTime>2012-11-27T13:08:58-06:00</dateTime><dateTime>2012-11-27T08:10:19-06:00</dateTime><dateTime>2012-11-27T08:10:10-06:00</dateTime><dateTime>2012-11-27T08:09:32-06:00</dateTime><dateTime>2012-11-27T08:12:39-06:00</dateTime><dateTime>2013-09-20T14:31:07-06:00</dateTime></field><field name='LASTUPDATE'><dateTime>2012-11-27T08:10:32-06:00</dateTime><dateTime>2012-11-27T08:13:03-06:00</dateTime><dateTime>2013-09-20T15:39:24-06:00</dateTime><dateTime>2012-11-27T11:36:20-06:00</dateTime><dateTime>2012-11-27T13:09:07-06:00</dateTime><dateTime>2012-11-27T08:09:49-06:00</dateTime><dateTime>2012-11-27T08:11:00-06:00</dateTime><dateTime>2012-11-27T13:08:58-06:00</dateTime><dateTime>2012-11-27T08:10:19-06:00</dateTime><dateTime>2012-11-27T08:10:10-06:00</dateTime><dateTime>2012-11-27T08:09:32-06:00</dateTime><dateTime>2012-11-27T08:12:39-06:00</dateTime><dateTime>2013-09-20T14:31:07-06:00</dateTime></field><field name='LASTUPDATEBY'><string>Steve Withington</string><string>Steve Withington</string><string>Steve Withington</string><string>Steve Withington</string><string>Steve Withington</string><string>Steve Withington</string><string>Steve Withington</string><string>Steve Withington</string><string>Steve Withington</string><string>Steve Withington</string><string>Steve Withington</string><string>Steve Withington</string><string>Steve Withington</string></field><field name='NAME'><string>World News</string><string>Health &amp; Science</string><string>Weather</string><string>Technology</string><string>Mura CMS Training</string><string>Business</string><string>Arts &amp; Culture</string><string>Event Categories</string><string>Local News</string><string>Politics</string><string>News Categories</string><string>Opinion</string><string>MuraCon</string></field><field name='NOTES'><null/><null/><null/><null/><null/><null/><null/><null/><null/><null/><null/><null/><null/></field><field name='ISINTERESTGROUP'><number>1.0</number><number>1.0</number><number>1.0</number><number>1.0</number><number>1.0</number><number>1.0</number><number>1.0</number><number>0.0</number><number>1.0</number><number>1.0</number><number>0.0</number><number>1.0</number><number>1.0</number></field><field name='ISACTIVE'><number>1.0</number><number>1.0</number><number>1.0</number><number>1.0</number><number>1.0</number><number>1.0</number><number>1.0</number><number>1.0</number><number>1.0</number><number>1.0</number><number>1.0</number><number>1.0</number><number>1.0</number></field><field name='ISOPEN'><number>1.0</number><number>1.0</number><number>1.0</number><number>1.0</number><number>1.0</number><number>1.0</number><number>1.0</number><number>0.0</number><number>1.0</number><number>1.0</number><number>0.0</number><number>1.0</number><number>1.0</number></field><field name='SORTBY'><string>orderno</string><string>orderno</string><string>orderno</string><string>orderno</string><string>orderno</string><string>orderno</string><string>orderno</string><string>orderno</string><string>orderno</string><string>orderno</string><string>orderno</string><string>orderno</string><string>orderno</string></field><field name='SORTDIRECTION'><string>asc</string><string>asc</string><string>asc</string><string>asc</string><string>asc</string><string>asc</string><string>asc</string><string>asc</string><string>asc</string><string>asc</string><string>asc</string><string>asc</string><string>asc</string></field><field name='RESTRICTGROUPS'><null/><null/><null/><null/><null/><null/><null/><null/><null/><null/><null/><null/><null/></field><field name='PATH'><string>8065C117-2C04-425E-940BE353D6E3782D,062835E5-F4D7-4D69-A87AD2F2C1846FAA</string><string>8065C117-2C04-425E-940BE353D6E3782D,0FEA394E-2C67-4467-93D5B22F924305F1</string><string>8065C117-2C04-425E-940BE353D6E3782D,1C0C3DED-B8FA-4D8C-B49DAA77724FE728</string><string>8065C117-2C04-425E-940BE353D6E3782D,2102360D-51F1-4E0E-9C0C059A6B931D39</string><string>40294048-95D7-4EFE-B375866CDE59DFB7,292E9DCB-7A50-4CB5-BEACDAE80E5A1881</string><string>8065C117-2C04-425E-940BE353D6E3782D,3D561808-AF80-42BC-A2B5C1560E33C043</string><string>8065C117-2C04-425E-940BE353D6E3782D,3EAB04A5-C246-4C41-ABAD814816FC0A9E</string><string>40294048-95D7-4EFE-B375866CDE59DFB7</string><string>8065C117-2C04-425E-940BE353D6E3782D,607ACA17-F702-4F79-97798CC6586B5406</string><string>8065C117-2C04-425E-940BE353D6E3782D,705FBAF8-6EB9-448E-8D8304247520F3C3</string><string>8065C117-2C04-425E-940BE353D6E3782D</string><string>8065C117-2C04-425E-940BE353D6E3782D,92C545AF-44C9-4303-AE6CB47DD35F6989</string><string>40294048-95D7-4EFE-B375866CDE59DFB7,F88A6B61-6612-483D-AB946203E387B12A</string></field><field name='REMOTEID'><null/><null/><null/><null/><null/><null/><null/><null/><null/><null/><null/><null/><null/></field><field name='REMOTESOURCEURL'><null/><null/><null/><null/><null/><null/><null/><null/><null/><null/><null/><null/><null/></field><field name='REMOTEPUBDATE'><null/><null/><null/><null/><null/><null/><null/><null/><null/><null/><null/><null/><null/></field><field name='URLTITLE'><string>world-news</string><string>health-science</string><string>weather</string><string>technology</string><string>mura-cms-training</string><string>business</string><string>arts-culture</string><string>event-categories</string><string>local-news</string><string>politics</string><string>news-categories</string><string>opinion</string><string>muracon</string></field><field name='FILENAME'><string>news-categories/world-news</string><string>news-categories/health-science</string><string>news-categories/weather</string><string>news-categories/technology</string><string>event-categories/mura-cms-training</string><string>news-categories/business</string><string>news-categories/arts-culture</string><string>event-categories</string><string>news-categories/local-news</string><string>news-categories/politics</string><string>news-categories</string><string>news-categories/opinion</string><string>event-categories/muracon</string></field><field name='ISFEATUREABLE'><number>0.0</number><number>0.0</number><number>1.0</number><number>0.0</number><number>0.0</number><number>0.0</number><number>0.0</number><number>0.0</number><number>0.0</number><number>0.0</number><number>0.0</number><number>0.0</number><number>1.0</number></field></recordset></data></wddxPacket>
