<wddxPacket version='1.0'><header/><data><recordset rowCount='3' fieldNames='PARAMID,FEEDID,PARAM,RELATIONSHIP,FIELD,CONDITION,CRITERIA,DATATYPE' type='coldfusion.sql.QueryTable'><field name='PARAMID'><string>ED0D98A4-934C-6742-88A20258AA69A051</string><string>F05F6F90-C7E8-65C9-BDD917CDE88D6285</string><string>F0A081E8-C379-03D3-9E942AA4EA44CA6A</string></field><field name='FEEDID'><string>442FBC25-FDAB-4108-A2F1BB17B5A88B21</string><string>F05F6D0E-E975-A462-A0B83724B25ED767</string><string>F06BF6FF-F325-143E-6DCB38CD6EBB2D98</string></field><field name='PARAM'><number>1.0</number><number>1.0</number><number>1.0</number></field><field name='RELATIONSHIP'><string>and</string><string>and</string><string>and</string></field><field name='FIELD'><string></string><string></string><string></string></field><field name='CONDITION'><string>Equals</string><string>Equals</string><string>Equals</string></field><field name='CRITERIA'><string></string><string></string><string></string></field><field name='DATATYPE'><string></string><string></string><string></string></field></recordset></data></wddxPacket>
