<wddxPacket version='1.0'><header/><data><recordset rowCount='13' fieldNames='CATEGORYID,SITEID,PARENTID,DATECREATED,LASTUPDATE,LASTUPDATEBY,NAME,NOTES,ISINTERESTGROUP,ISACTIVE,ISOPEN,SORTBY,SORTDIRECTION,RESTRICTGROUPS,PATH,REMOTEID,REMOTESOURCEURL,REMOTEPUBDATE,URLTITLE,FILENAME,ISFEATUREABLE' type='coldfusion.sql.QueryTable'><field name='CATEGORYID'><string>0AC19881-169F-4EEB-88E3C681CD52E240</string><string>10944D1C-EEA3-4585-AB56F50EAD53935B</string><string>4BCCD29B-8E61-4A97-909891A9863B73ED</string><string>50DF7CE5-B015-4BBB-BBD987DF0671C79E</string><string>65C817EC-669D-49BE-BDEA0AC74F2799AA</string><string>669C515F-F9F7-4F5C-B042717BD2EF823F</string><string>679D78E7-FB9A-4B6E-8392D6F07E8EBA30</string><string>6F67FD7F-E26E-41EB-B98AD830A2421AF6</string><string>71C7F293-4905-448B-B8355B6F0F8901E1</string><string>7382A334-8052-4069-AC1490F61C5F37C9</string><string>86ED6FDF-6033-45EE-8435587E0E6DF9BA</string><string>B6A9CD4A-85E7-45E6-B2BA5C465ACC1DC5</string><string>BE82F144-CE16-4ECC-8502AD90ADE78515</string></field><field name='SITEID'><string>theme-zerofour</string><string>theme-zerofour</string><string>theme-zerofour</string><string>theme-zerofour</string><string>theme-zerofour</string><string>theme-zerofour</string><string>theme-zerofour</string><string>theme-zerofour</string><string>theme-zerofour</string><string>theme-zerofour</string><string>theme-zerofour</string><string>theme-zerofour</string><string>theme-zerofour</string></field><field name='PARENTID'><string>86ED6FDF-6033-45EE-8435587E0E6DF9BA</string><string>86ED6FDF-6033-45EE-8435587E0E6DF9BA</string><string>86ED6FDF-6033-45EE-8435587E0E6DF9BA</string><string>71C7F293-4905-448B-B8355B6F0F8901E1</string><string>86ED6FDF-6033-45EE-8435587E0E6DF9BA</string><string>86ED6FDF-6033-45EE-8435587E0E6DF9BA</string><string>86ED6FDF-6033-45EE-8435587E0E6DF9BA</string><string>86ED6FDF-6033-45EE-8435587E0E6DF9BA</string><null/><string>71C7F293-4905-448B-B8355B6F0F8901E1</string><null/><string>86ED6FDF-6033-45EE-8435587E0E6DF9BA</string><string>86ED6FDF-6033-45EE-8435587E0E6DF9BA</string></field><field name='DATECREATED'><dateTime>2012-11-27T08:10:19-06:00</dateTime><dateTime>2012-11-27T08:10:10-06:00</dateTime><dateTime>2012-11-27T08:12:39-06:00</dateTime><dateTime>2012-11-27T13:09:07-06:00</dateTime><dateTime>2012-11-27T08:10:32-06:00</dateTime><dateTime>2012-11-27T08:09:49-06:00</dateTime><dateTime>2012-11-27T11:36:20-06:00</dateTime><dateTime>2012-11-27T08:11:00-06:00</dateTime><dateTime>2012-11-27T13:08:58-06:00</dateTime><dateTime>2013-09-20T14:31:07-06:00</dateTime><dateTime>2012-11-27T08:09:32-06:00</dateTime><dateTime>2013-09-20T15:39:24-06:00</dateTime><dateTime>2012-11-27T08:13:03-06:00</dateTime></field><field name='LASTUPDATE'><dateTime>2012-11-27T08:10:19-06:00</dateTime><dateTime>2012-11-27T08:10:10-06:00</dateTime><dateTime>2012-11-27T08:12:39-06:00</dateTime><dateTime>2012-11-27T13:09:07-06:00</dateTime><dateTime>2012-11-27T08:10:32-06:00</dateTime><dateTime>2012-11-27T08:09:49-06:00</dateTime><dateTime>2012-11-27T11:36:20-06:00</dateTime><dateTime>2012-11-27T08:11:00-06:00</dateTime><dateTime>2012-11-27T13:08:58-06:00</dateTime><dateTime>2013-09-20T14:31:07-06:00</dateTime><dateTime>2012-11-27T08:09:32-06:00</dateTime><dateTime>2013-09-20T15:39:24-06:00</dateTime><dateTime>2012-11-27T08:13:03-06:00</dateTime></field><field name='LASTUPDATEBY'><string>Steve Withington</string><string>Steve Withington</string><string>Steve Withington</string><string>Steve Withington</string><string>Steve Withington</string><string>Steve Withington</string><string>Steve Withington</string><string>Steve Withington</string><string>Steve Withington</string><string>Steve Withington</string><string>Steve Withington</string><string>Steve Withington</string><string>Steve Withington</string></field><field name='NAME'><string>Local News</string><string>Politics</string><string>Opinion</string><string>Mura CMS Training</string><string>World News</string><string>Business</string><string>Technology</string><string>Arts &amp; Culture</string><string>Event Categories</string><string>MuraCon</string><string>News Categories</string><string>Weather</string><string>Health &amp; Science</string></field><field name='NOTES'><null/><null/><null/><null/><null/><null/><null/><null/><null/><null/><null/><null/><null/></field><field name='ISINTERESTGROUP'><number>1.0</number><number>1.0</number><number>1.0</number><number>1.0</number><number>1.0</number><number>1.0</number><number>1.0</number><number>1.0</number><number>0.0</number><number>1.0</number><number>0.0</number><number>1.0</number><number>1.0</number></field><field name='ISACTIVE'><number>1.0</number><number>1.0</number><number>1.0</number><number>1.0</number><number>1.0</number><number>1.0</number><number>1.0</number><number>1.0</number><number>1.0</number><number>1.0</number><number>1.0</number><number>1.0</number><number>1.0</number></field><field name='ISOPEN'><number>1.0</number><number>1.0</number><number>1.0</number><number>1.0</number><number>1.0</number><number>1.0</number><number>1.0</number><number>1.0</number><number>0.0</number><number>1.0</number><number>0.0</number><number>1.0</number><number>1.0</number></field><field name='SORTBY'><string>orderno</string><string>orderno</string><string>orderno</string><string>orderno</string><string>orderno</string><string>orderno</string><string>orderno</string><string>orderno</string><string>orderno</string><string>orderno</string><string>orderno</string><string>orderno</string><string>orderno</string></field><field name='SORTDIRECTION'><string>asc</string><string>asc</string><string>asc</string><string>asc</string><string>asc</string><string>asc</string><string>asc</string><string>asc</string><string>asc</string><string>asc</string><string>asc</string><string>asc</string><string>asc</string></field><field name='RESTRICTGROUPS'><null/><null/><null/><null/><null/><null/><null/><null/><null/><null/><null/><null/><null/></field><field name='PATH'><string>86ED6FDF-6033-45EE-8435587E0E6DF9BA,0AC19881-169F-4EEB-88E3C681CD52E240</string><string>86ED6FDF-6033-45EE-8435587E0E6DF9BA,10944D1C-EEA3-4585-AB56F50EAD53935B</string><string>86ED6FDF-6033-45EE-8435587E0E6DF9BA,4BCCD29B-8E61-4A97-909891A9863B73ED</string><string>71C7F293-4905-448B-B8355B6F0F8901E1,50DF7CE5-B015-4BBB-BBD987DF0671C79E</string><string>86ED6FDF-6033-45EE-8435587E0E6DF9BA,65C817EC-669D-49BE-BDEA0AC74F2799AA</string><string>86ED6FDF-6033-45EE-8435587E0E6DF9BA,669C515F-F9F7-4F5C-B042717BD2EF823F</string><string>86ED6FDF-6033-45EE-8435587E0E6DF9BA,679D78E7-FB9A-4B6E-8392D6F07E8EBA30</string><string>86ED6FDF-6033-45EE-8435587E0E6DF9BA,6F67FD7F-E26E-41EB-B98AD830A2421AF6</string><string>71C7F293-4905-448B-B8355B6F0F8901E1</string><string>71C7F293-4905-448B-B8355B6F0F8901E1,7382A334-8052-4069-AC1490F61C5F37C9</string><string>86ED6FDF-6033-45EE-8435587E0E6DF9BA</string><string>86ED6FDF-6033-45EE-8435587E0E6DF9BA,B6A9CD4A-85E7-45E6-B2BA5C465ACC1DC5</string><string>86ED6FDF-6033-45EE-8435587E0E6DF9BA,BE82F144-CE16-4ECC-8502AD90ADE78515</string></field><field name='REMOTEID'><null/><null/><null/><null/><null/><null/><null/><null/><null/><null/><null/><null/><null/></field><field name='REMOTESOURCEURL'><null/><null/><null/><null/><null/><null/><null/><null/><null/><null/><null/><null/><null/></field><field name='REMOTEPUBDATE'><null/><null/><null/><null/><null/><null/><null/><null/><null/><null/><null/><null/><null/></field><field name='URLTITLE'><string>local-news</string><string>politics</string><string>opinion</string><string>mura-cms-training</string><string>world-news</string><string>business</string><string>technology</string><string>arts-culture</string><string>event-categories</string><string>muracon</string><string>news-categories</string><string>weather</string><string>health-science</string></field><field name='FILENAME'><string>news-categories/local-news</string><string>news-categories/politics</string><string>news-categories/opinion</string><string>event-categories/mura-cms-training</string><string>news-categories/world-news</string><string>news-categories/business</string><string>news-categories/technology</string><string>news-categories/arts-culture</string><string>event-categories</string><string>event-categories/muracon</string><string>news-categories</string><string>news-categories/weather</string><string>news-categories/health-science</string></field><field name='ISFEATUREABLE'><number>0.0</number><number>0.0</number><number>0.0</number><number>0.0</number><number>0.0</number><number>0.0</number><number>0.0</number><number>0.0</number><number>0.0</number><number>1.0</number><number>0.0</number><number>1.0</number><number>0.0</number></field></recordset></data></wddxPacket>
