<wddxPacket version='1.0'><header/><data><recordset rowCount='44' fieldNames='CONTENTHISTID,OBJECTID,OBJECT,CONTENTID,NAME,ORDERNO,SITEID,COLUMNID,PARAMS' type='coldfusion.sql.QueryTable'><field name='CONTENTHISTID'><string>097211A4-05BF-4F4A-9F2743537F07F126</string><string>0A924D87-2DC1-474A-92DCB3194019E671</string><string>0A924D87-2DC1-474A-92DCB3194019E671</string><string>0A924D87-2DC1-474A-92DCB3194019E671</string><string>100211BD-6B0C-4D68-AF6E9C6076173793</string><string>100211BD-6B0C-4D68-AF6E9C6076173793</string><string>100211BD-6B0C-4D68-AF6E9C6076173793</string><string>256FF7C5-523B-40F3-A4882EF346974581</string><string>2D592C70-260F-46C5-8A412A1C66B02273</string><string>3DF9FF94-FAD4-420F-975A670DE788B27A</string><string>49B63462-5DF7-4127-820F4A5602F4F0C9</string><string>59033000-7749-437C-9AF1003B0F40C0E9</string><string>59E056B2-211C-470D-B2D7F898D796FA97</string><string>66D53620-B4F4-4244-A35AE3AFEA08C880</string><string>66D53620-B4F4-4244-A35AE3AFEA08C880</string><string>66D53620-B4F4-4244-A35AE3AFEA08C880</string><string>66D53620-B4F4-4244-A35AE3AFEA08C880</string><string>66D53620-B4F4-4244-A35AE3AFEA08C880</string><string>66D53620-B4F4-4244-A35AE3AFEA08C880</string><string>66D53620-B4F4-4244-A35AE3AFEA08C880</string><string>66D53620-B4F4-4244-A35AE3AFEA08C880</string><string>66D53620-B4F4-4244-A35AE3AFEA08C880</string><string>6AC3B78E-AB5B-4128-A77C11DF23D88A6D</string><string>6FADE3EB-4D75-4AB8-B979026DE126A5FC</string><string>6FADE3EB-4D75-4AB8-B979026DE126A5FC</string><string>71410184-A3DB-46E8-A8DC2663667F122C</string><string>72655A42-F6DE-4C7B-B5D794F1308D18C4</string><string>89DA07FC-5486-4F8D-80583A72E3F8E3B4</string><string>8AF7BC3F-89C5-40E3-91AD1FA41E725E56</string><string>92B3AB36-7CFC-47FE-A7622CC36079A1C3</string><string>9493C1A7-B1F8-460B-98A5B79BC747DF13</string><string>A5E7ED8A-CD15-4D91-B34748A9D93B4DA8</string><string>C05B9B3A-CB08-4664-A2600BD9B313BBB5</string><string>CAEEB9E7-CCD7-D34A-0CCCD50E41BD4A57</string><string>CAEEB9E7-CCD7-D34A-0CCCD50E41BD4A57</string><string>CAEEB9E7-CCD7-D34A-0CCCD50E41BD4A57</string><string>CAEEB9E7-CCD7-D34A-0CCCD50E41BD4A57</string><string>CAEEB9E7-CCD7-D34A-0CCCD50E41BD4A57</string><string>D98D90DF-9723-4FFF-A1CE943A92870E60</string><string>D98D90DF-9723-4FFF-A1CE943A92870E60</string><string>ED91BBFE-EF69-4BE9-B6A80EB3182C575E</string><string>F07C4E4D-9759-4776-BF2CE8B46A09C125</string><string>F744890F-B1EC-42A3-A9BF7253CA1F83BC</string><string>F744890F-B1EC-42A3-A9BF7253CA1F83BC</string></field><field name='OBJECTID'><string>1ABDB677-45F2-4B88-BECD79FB66BC3BF2</string><string>0DC5660A-547C-49AC-B69EC9BB71FC7D0B</string><string>6D35179C-1556-4BA5-A95975FD0794C31B</string><string>F3BD1086-9AFB-4E21-AEA3082FFD084628</string><string>0DC5660A-547C-49AC-B69EC9BB71FC7D0B</string><string>7ABEA064-5C0A-40BB-83F54234DBB09978</string><string>CF11727F-FDBB-4489-8846CACDB8398EA3</string><string>B6D5C4E0-069E-412F-936B289850B22441</string><string>E5B0166F-51E9-49F6-B9082685F6036D6E</string><string>4E3EFE60-93FC-4C48-8E386C3D7C7CA8BD</string><string>79CB8FAA-EC72-4F5F-AA77CCFFE68D0290</string><string>DF1FD030-653D-4A07-BF03CACF649C3081</string><string>9EFBB167-0EE5-4D96-ADE36E25370B1F26</string><string>10CE1731-5F89-456D-A5A1058FBD5BBB98</string><string>198389FF-3372-4CD6-B9F0097E2503251A</string><string>96C21B75-C393-4DC8-9EBA57F678C54AC4</string><string>B9D80339-6FE3-4BF5-B273658F0DB52D93</string><string>C25DB160-4DD8-417B-8D90598A32874CAD</string><string>C25DB160-4DD8-417B-8D90598A32874CAD</string><string>C25DB160-4DD8-417B-8D90598A32874CAD</string><string>C25DB160-4DD8-417B-8D90598A32874CAD</string><string>D3E33DD0-A6AB-4FF4-9D8E8E13C4C36683</string><string>A9D35220-F10E-4E1B-BACAB052BC20CD7B</string><string>0DC5660A-547C-49AC-B69EC9BB71FC7D0B</string><string>A97BB3F1-A17E-4727-BD6AFEAA9FEA532A</string><string>FE539630-5AB4-42A9-839BB768ED4ADA57</string><string>5FE49FFB-3F2C-44DA-A0B87045E7CE1B63</string><string>6ED90E97-48CB-48FC-B81F600E1F53F1D0</string><string>F630670B-7C8F-4E1E-B5DAECA358DC8D21</string><string>F0926258-DF85-4EB5-8F9E91270C8ABE46</string><string>AFA4E2C7-EA37-4864-AB86B917870CE5F1</string><string>FAF3DF5E-4004-4218-9EDA04079C1D451E</string><string>A798AA15-3C02-4E24-813E4A3BD1FFBBA2</string><string>1CDE6DA0-E862-4711-81C6CCA92A60427D</string><string>1CDE6DA0-E862-4711-81C6CCA92A60427D</string><string>1CDE6DA0-E862-4711-81C6CCA92A60427D</string><string>77309DDC-1BA2-461A-B470EDA988567FA1</string><string>D3E33DD0-A6AB-4FF4-9D8E8E13C4C36683</string><string>18653ED3-F482-4E65-B90313E4150F9928</string><string>492154F7-9E66-40D4-906DBBC3FB78D3E3</string><string>F46D5D30-8C74-48EE-915B2635499B1ABF</string><string>38974628-2AB8-49C6-B522056F3B4D406C</string><string>34BCDCB7-D204-4C13-8F672866A8A2DB55</string><string>CF11727F-FDBB-4489-8846CACDB8398EA3</string></field><field name='OBJECT'><string>related_content</string><string>Component</string><string>standard_nav</string><string>user_tools</string><string>Component</string><string>standard_nav</string><string>Component</string><string>site_map</string><string>peer_nav</string><string>favorites</string><string>multilevel_nav</string><string>mailing_list</string><string>mailing_list_master</string><string>tag_cloud</string><string>tag_cloud</string><string>rater</string><string>rater</string><string>archive_nav</string><string>archive_nav</string><string>calendar_nav</string><string>calendar_nav</string><string>comments</string><string>standard_nav</string><string>Component</string><string>standard_nav</string><string>sub_nav</string><string>folder_nav</string><string>site_map</string><string>rater</string><string>event_reminder_form</string><string>tag_cloud</string><string>comments</string><string>user_tools</string><string>archive_nav</string><string>calendar_nav</string><string>category_summary</string><string>rater</string><string>comments</string><string>Component</string><string>form</string><string>site_map</string><string>seq_nav</string><string>Component</string><string>Component</string></field><field name='CONTENTID'><string>ED9B55A9-08B9-4AD7-86E8ACA913DDB0F7</string><string>DCF9D389-7147-4917-8E42085A933721BD</string><string>DCF9D389-7147-4917-8E42085A933721BD</string><string>DCF9D389-7147-4917-8E42085A933721BD</string><string>D9B95BF7-229A-4A40-88E53DA401C16426</string><string>D9B95BF7-229A-4A40-88E53DA401C16426</string><string>D9B95BF7-229A-4A40-88E53DA401C16426</string><string>54EB22CC-B143-4479-8625FF794FE5FCE7</string><string>56A18144-11B3-464F-BA0A9761657FC557</string><string>3EBA9F4B-B2C0-492A-996B927F8A6C9AC5</string><string>CE801AFA-E924-458D-87A6536AD1B4CC76</string><string>CC1560EE-2320-4C5D-A6BD9B7EF1CBDE1C</string><string>D9A67CC0-7678-4FA3-88B21D8EF80ED155</string><string>C25DB160-4DD8-417B-8D90598A32874CAD</string><string>C25DB160-4DD8-417B-8D90598A32874CAD</string><string>C25DB160-4DD8-417B-8D90598A32874CAD</string><string>C25DB160-4DD8-417B-8D90598A32874CAD</string><string>C25DB160-4DD8-417B-8D90598A32874CAD</string><string>C25DB160-4DD8-417B-8D90598A32874CAD</string><string>C25DB160-4DD8-417B-8D90598A32874CAD</string><string>C25DB160-4DD8-417B-8D90598A32874CAD</string><string>C25DB160-4DD8-417B-8D90598A32874CAD</string><string>7956D6FD-5172-433B-88AA4919CB216E5B</string><string>01701191-4BE5-4A4A-9011823B9C92DA3E</string><string>01701191-4BE5-4A4A-9011823B9C92DA3E</string><string>E36A6902-2FF5-4E93-91AA1E4DFD978563</string><string>13DE04F0-1EC4-4AC0-A60EE8EF0EA5F508</string><string>2B050DF8-9A28-4925-8D9077AEF08D2DB6</string><string>2DD8B0D9-2941-4757-863024EA31F5918C</string><string>C04CB752-0EE5-42B1-B10669701D8146F9</string><string>7BDF10AF-9D86-4ECE-996155E1B19676E8</string><string>8EFFEE90-5077-4F35-956875B88EE2B08B</string><string>E0F01477-783D-47FB-8DFC711C1A7802A6</string><string>1CDE6DA0-E862-4711-81C6CCA92A60427D</string><string>1CDE6DA0-E862-4711-81C6CCA92A60427D</string><string>1CDE6DA0-E862-4711-81C6CCA92A60427D</string><string>1CDE6DA0-E862-4711-81C6CCA92A60427D</string><string>1CDE6DA0-E862-4711-81C6CCA92A60427D</string><string>7AFCE486-17CE-4403-96BD3B27B6C2E05F</string><string>7AFCE486-17CE-4403-96BD3B27B6C2E05F</string><string>38C207B7-A2F1-4A6A-8CA0CA71446CF70F</string><string>F9AA3F17-DEA0-4E11-94973BBF850E79BA</string><string>7A12968B-2D88-4B46-A3EF7F018F37DC44</string><string>7A12968B-2D88-4B46-A3EF7F018F37DC44</string></field><field name='NAME'><string>Related Content</string><string>Component - [ Nav ] Section Title</string><string>Standard Navigation</string><string>User Tools</string><string>Component - [ Nav ] Section Title</string><string>Standard Navigation</string><string>Component - [ Sidebar ] With Heading And Button</string><string>Site Map</string><string>Peer Navigation</string><string>User Favorites</string><string>Multi-Level Navigation</string><string>Mailing List - Sign Up for Our Mailing List</string><string>Master Mailing List Sign Up Form</string><string>Tag Cloud</string><string>Tag Cloud</string><string>Content Rater</string><string>Content Rater</string><string>Home &gt; Blog  - Archive Navigation</string><string>Home &gt; Blog  - Archive Navigation</string><string>Home &gt; Blog  - Calendar Navigation</string><string>Home &gt; Blog  - Calendar Navigation</string><string>Accept Comments</string><string>Standard Navigation</string><string>Component - [ Nav ] Section Header</string><string>Standard Navigation</string><string>Sub Navigation</string><string>Folder Navigation</string><string>Site Map</string><string>Content Rater</string><string>Event Reminder Form</string><string>Tag Group</string><string>Accept Comments</string><string>User Tools</string><string>Home &gt; News  - Archive Navigation</string><string>Home &gt; News  - Calendar Navigation</string><string>News - Category Summary</string><string>Content Rater</string><string>Accept Comments</string><string>Component - Contact Details</string><string>Data Collector - Information Request Form</string><string>Site Map</string><string>Sequential Nav</string><string>Component - [ Sidebar ] Another Sidebar With Heading And Link</string><string>Component - [ Sidebar ] With Heading And Button</string></field><field name='ORDERNO'><number>1.0</number><number>1.0</number><number>2.0</number><number>3.0</number><number>1.0</number><number>2.0</number><number>3.0</number><number>1.0</number><number>1.0</number><number>1.0</number><number>1.0</number><number>1.0</number><number>1.0</number><number>4.0</number><number>4.0</number><number>1.0</number><number>1.0</number><number>3.0</number><number>3.0</number><number>2.0</number><number>2.0</number><number>1.0</number><number>1.0</number><number>1.0</number><number>2.0</number><number>1.0</number><number>1.0</number><number>1.0</number><number>1.0</number><number>1.0</number><number>1.0</number><number>1.0</number><number>1.0</number><number>3.0</number><number>2.0</number><number>4.0</number><number>1.0</number><number>1.0</number><number>1.0</number><number>1.0</number><number>1.0</number><number>1.0</number><number>2.0</number><number>1.0</number></field><field name='SITEID'><string>theme-zerofour</string><string>theme-zerofour</string><string>theme-zerofour</string><string>theme-zerofour</string><string>theme-zerofour</string><string>theme-zerofour</string><string>theme-zerofour</string><string>theme-zerofour</string><string>theme-zerofour</string><string>theme-zerofour</string><string>theme-zerofour</string><string>theme-zerofour</string><string>theme-zerofour</string><string>theme-zerofour</string><string>theme-zerofour</string><string>theme-zerofour</string><string>theme-zerofour</string><string>theme-zerofour</string><string>theme-zerofour</string><string>theme-zerofour</string><string>theme-zerofour</string><string>theme-zerofour</string><string>theme-zerofour</string><string>theme-zerofour</string><string>theme-zerofour</string><string>theme-zerofour</string><string>theme-zerofour</string><string>theme-zerofour</string><string>theme-zerofour</string><string>theme-zerofour</string><string>theme-zerofour</string><string>theme-zerofour</string><string>theme-zerofour</string><string>theme-zerofour</string><string>theme-zerofour</string><string>theme-zerofour</string><string>theme-zerofour</string><string>theme-zerofour</string><string>theme-zerofour</string><string>theme-zerofour</string><string>theme-zerofour</string><string>theme-zerofour</string><string>theme-zerofour</string><string>theme-zerofour</string></field><field name='COLUMNID'><number>2.0</number><number>1.0</number><number>1.0</number><number>1.0</number><number>1.0</number><number>1.0</number><number>1.0</number><number>2.0</number><number>1.0</number><number>2.0</number><number>1.0</number><number>2.0</number><number>2.0</number><number>3.0</number><number>1.0</number><number>3.0</number><number>1.0</number><number>1.0</number><number>3.0</number><number>1.0</number><number>3.0</number><number>2.0</number><number>1.0</number><number>1.0</number><number>1.0</number><number>1.0</number><number>1.0</number><number>2.0</number><number>2.0</number><number>2.0</number><number>2.0</number><number>2.0</number><number>2.0</number><number>3.0</number><number>3.0</number><number>3.0</number><number>3.0</number><number>2.0</number><number>3.0</number><number>2.0</number><number>2.0</number><number>2.0</number><number>3.0</number><number>3.0</number></field><field name='PARAMS'><string>{"relatedContentSetName":"","imageWidth":"AUTO","imageHeight":"AUTO","displayList":"Title"}</string><null/><null/><null/><null/><null/><null/><null/><null/><null/><null/><null/><null/><null/><null/><null/><null/><null/><null/><null/><null/><null/><null/><null/><null/><null/><null/><null/><null/><null/><string>{"taggroup":""}</string><null/><null/><null/><null/><string>{"displayRSS":"0"}</string><null/><null/><null/><null/><null/><null/><null/><null/></field></recordset></data></wddxPacket>
