<wddxPacket version='1.0'><header/><data><recordset rowCount='4' fieldNames='FEEDID,SITEID,PARENTID,NAME,ISACTIVE,ISPUBLIC,ISDEFAULT,ISFEATURESONLY,DESCRIPTION,MAXITEMS,ALLOWHTML,LANG,LASTUPDATEBY,LASTUPDATE,DATECREATED,RESTRICTED,RESTRICTGROUPS,VERSION,CHANNELLINK,TYPE,SORTBY,SORTDIRECTION,NEXTN,DISPLAYNAME,DISPLAYRATINGS,DISPLAYCOMMENTS,ALTNAME,REMOTEID,REMOTESOURCEURL,REMOTEPUBDATE,IMAGESIZE,IMAGEHEIGHT,IMAGEWIDTH,DISPLAYLIST,SHOWNAVONLY,SHOWEXCLUDESEARCH,VIEWALLLINK,VIEWALLLABEL,CSSCLASS,AUTOIMPORT,ISLOCKED,USECATEGORYINTERSECT' type='coldfusion.sql.QueryTable'><field name='FEEDID'><string>0C0F98DE-901C-4048-83AA4032605A40D8</string><string>4E874B36-878F-4A93-B67A315774B53725</string><string>5E8303B5-588E-44F1-94C1F0151242D167</string><string>8E51B1DF-2739-4B92-8763A5E33F41083A</string></field><field name='SITEID'><string>theme-zerofour</string><string>theme-zerofour</string><string>theme-zerofour</string><string>theme-zerofour</string></field><field name='PARENTID'><null/><null/><null/><null/></field><field name='NAME'><string>Spotlight</string><string>Latest News</string><string>Mura Blog</string><string>From Our Blog</string></field><field name='ISACTIVE'><number>1.0</number><number>1.0</number><number>1.0</number><number>1.0</number></field><field name='ISPUBLIC'><number>0.0</number><number>0.0</number><number>1.0</number><number>0.0</number></field><field name='ISDEFAULT'><number>0.0</number><number>0.0</number><number>0.0</number><number>0.0</number></field><field name='ISFEATURESONLY'><number>1.0</number><number>0.0</number><number>0.0</number><number>0.0</number></field><field name='DESCRIPTION'><null/><null/><null/><null/></field><field name='MAXITEMS'><number>1.0</number><number>20.0</number><number>4.0</number><number>3.0</number></field><field name='ALLOWHTML'><number>1.0</number><number>1.0</number><number>1.0</number><number>1.0</number></field><field name='LANG'><string>en-us</string><string>en-us</string><string>en-us</string><string>en-us</string></field><field name='LASTUPDATEBY'><string>Steve Withington</string><string>Steve Withington</string><string>Steve Withington</string><string>Steve Withington</string></field><field name='LASTUPDATE'><dateTime>2014-02-14T12:24:21-06:00</dateTime><dateTime>2014-02-14T12:22:59-06:00</dateTime><dateTime>2010-12-13T19:49:29-06:00</dateTime><dateTime>2012-11-27T15:57:30-06:00</dateTime></field><field name='DATECREATED'><dateTime>2014-02-14T12:24:21-06:00</dateTime><dateTime>2014-02-14T12:22:59-06:00</dateTime><dateTime>2010-12-13T19:49:29-06:00</dateTime><dateTime>2012-11-27T15:57:30-06:00</dateTime></field><field name='RESTRICTED'><number>0.0</number><number>0.0</number><number>0.0</number><number>0.0</number></field><field name='RESTRICTGROUPS'><null/><null/><null/><null/></field><field name='VERSION'><string>RSS 2.0</string><string>RSS 2.0</string><string>RSS 2.0</string><string>RSS 2.0</string></field><field name='CHANNELLINK'><null/><null/><string>http://www.getmura.com/tasks/feed/?feedID=AA4D3AF9-C9BA-D852-C5F762EF7FF3F2DF</string><null/></field><field name='TYPE'><string>Local</string><string>Local</string><string>Remote</string><string>Local</string></field><field name='SORTBY'><string>random</string><string>releaseDate</string><string>lastUpdate</string><string>releaseDate</string></field><field name='SORTDIRECTION'><string>desc</string><string>desc</string><string>desc</string><string>desc</string></field><field name='NEXTN'><number>1.0</number><number>20.0</number><number>20.0</number><number>20.0</number></field><field name='DISPLAYNAME'><number>1.0</number><number>0.0</number><number>0.0</number><number>0.0</number></field><field name='DISPLAYRATINGS'><number>0.0</number><number>0.0</number><number>0.0</number><number>0.0</number></field><field name='DISPLAYCOMMENTS'><number>0.0</number><number>0.0</number><number>0.0</number><number>0.0</number></field><field name='ALTNAME'><string>Spotlight</string><null/><null/><null/></field><field name='REMOTEID'><null/><null/><null/><null/></field><field name='REMOTESOURCEURL'><null/><null/><null/><null/></field><field name='REMOTEPUBDATE'><null/><null/><null/><null/></field><field name='IMAGESIZE'><string>homespotlightimage</string><string>small</string><string>small</string><string>small</string></field><field name='IMAGEHEIGHT'><string>AUTO</string><string>AUTO</string><string>AUTO</string><string>AUTO</string></field><field name='IMAGEWIDTH'><string>AUTO</string><string>AUTO</string><string>AUTO</string><string>AUTO</string></field><field name='DISPLAYLIST'><string>Date,Title,Image,Summary,Credits,Tags</string><string>Date,Title,Image,Summary,Credits,Tags</string><string>Date,Title,Image,Summary,Credits,Tags</string><string>Date,Title,Image,Summary,Tags</string></field><field name='SHOWNAVONLY'><number>1.0</number><number>1.0</number><number>0.0</number><number>1.0</number></field><field name='SHOWEXCLUDESEARCH'><number>0.0</number><number>0.0</number><number>0.0</number><number>0.0</number></field><field name='VIEWALLLINK'><null/><null/><null/><null/></field><field name='VIEWALLLABEL'><null/><null/><null/><null/></field><field name='CSSCLASS'><null/><null/><null/><null/></field><field name='AUTOIMPORT'><number>0.0</number><number>0.0</number><number>0.0</number><number>0.0</number></field><field name='ISLOCKED'><number>0.0</number><number>0.0</number><number>0.0</number><number>1.0</number></field><field name='USECATEGORYINTERSECT'><null/><null/><null/><null/></field></recordset></data></wddxPacket>
