<wddxPacket version='1.0'><header/><data><recordset rowCount='5' fieldNames='SUBTYPEID,SITEID,BASETABLE,BASEKEYFIELD,DATATABLE,TYPE,SUBTYPE,ISACTIVE,NOTES,LASTUPDATE,DATECREATED,LASTUPDATEBY,HASSUMMARY,HASBODY,DESCRIPTION,AVAILABLESUBTYPES,ICONCLASS,HASASSOCFILE,HASCONFIGURATOR' type='coldfusion.sql.QueryTable'><field name='SUBTYPEID'><string>25B88CFE-C82E-41EA-80A4398639C26A67</string><string>3FC5BECA-E40E-4B29-A4D8211218F76AFF</string><string>81F04B31-7D60-459C-AB2096D0AFD94BF2</string><string>EB356A17-D634-4B6B-B409EB58280C0B1C</string><string>EB553A6C-83C1-4B46-ABD882F8BED0C8B0</string></field><field name='SITEID'><string>theme-zerofour</string><string>theme-zerofour</string><string>theme-zerofour</string><string>theme-zerofour</string><string>theme-zerofour</string></field><field name='BASETABLE'><string>tcontent</string><string>tcontent</string><string>tcontent</string><string>tcontent</string><string>tcontent</string></field><field name='BASEKEYFIELD'><string>contentHistID</string><string>contentHistID</string><string>contentHistID</string><string>contentHistID</string><string>contentHistID</string></field><field name='DATATABLE'><string>tclassextenddata</string><string>tclassextenddata</string><string>tclassextenddata</string><string>tclassextenddata</string><string>tclassextenddata</string></field><field name='TYPE'><string>Page</string><string>Component</string><string>Component</string><string>Component</string><string>Component</string></field><field name='SUBTYPE'><string>Home</string><string>WithHeadingAndButtonLink</string><string>Spotlight</string><string>ArticleList</string><string>RSSFeed</string></field><field name='ISACTIVE'><number>1.0</number><number>1.0</number><number>1.0</number><number>1.0</number><number>1.0</number></field><field name='NOTES'><null/><null/><null/><null/><null/></field><field name='LASTUPDATE'><dateTime>2014-06-03T04:23:52-06:00</dateTime><dateTime>2014-06-03T04:23:52-06:00</dateTime><dateTime>2014-06-03T04:23:52-06:00</dateTime><dateTime>2014-06-03T04:23:52-06:00</dateTime><dateTime>2014-06-03T04:23:52-06:00</dateTime></field><field name='DATECREATED'><dateTime>2014-06-03T04:23:52-06:00</dateTime><dateTime>2014-06-03T04:23:52-06:00</dateTime><dateTime>2014-06-03T04:23:52-06:00</dateTime><dateTime>2014-06-03T04:23:52-06:00</dateTime><dateTime>2014-06-03T04:23:52-06:00</dateTime></field><field name='LASTUPDATEBY'><string>System</string><string>System</string><string>System</string><string>System</string><string>System</string></field><field name='HASSUMMARY'><number>0.0</number><number>1.0</number><number>1.0</number><number>1.0</number><number>1.0</number></field><field name='HASBODY'><number>0.0</number><number>1.0</number><number>0.0</number><number>0.0</number><number>0.0</number></field><field name='DESCRIPTION'><null/><null/><null/><null/><null/></field><field name='AVAILABLESUBTYPES'><null/><null/><null/><null/><null/></field><field name='ICONCLASS'><string>icon-home</string><null/><null/><null/><null/></field><field name='HASASSOCFILE'><number>1.0</number><number>1.0</number><number>1.0</number><number>1.0</number><number>1.0</number></field><field name='HASCONFIGURATOR'><number>1.0</number><number>1.0</number><number>1.0</number><number>1.0</number><number>1.0</number></field></recordset></data></wddxPacket>
