<wddxPacket version='1.0'><header/><data><recordset rowCount='41' fieldNames='ATTRIBUTEID,EXTENDSETID,SITEID,NAME,LABEL,HINT,TYPE,ORDERNO,ISACTIVE,REQUIRED,VALIDATION,REGEX,MESSAGE,DEFAULTVALUE,OPTIONLIST,OPTIONLABELLIST' type='coldfusion.sql.QueryTable'><field name='ATTRIBUTEID'><number>662.0</number><number>663.0</number><number>664.0</number><number>665.0</number><number>666.0</number><number>648.0</number><number>649.0</number><number>650.0</number><number>651.0</number><number>652.0</number><number>653.0</number><number>654.0</number><number>633.0</number><number>634.0</number><number>635.0</number><number>636.0</number><number>637.0</number><number>667.0</number><number>668.0</number><number>655.0</number><number>656.0</number><number>657.0</number><number>658.0</number><number>659.0</number><number>660.0</number><number>661.0</number><number>669.0</number><number>670.0</number><number>671.0</number><number>672.0</number><number>644.0</number><number>645.0</number><number>646.0</number><number>647.0</number><number>638.0</number><number>639.0</number><number>640.0</number><number>641.0</number><number>642.0</number><number>643.0</number><number>673.0</number></field><field name='EXTENDSETID'><string>11B9AF3C-8165-48C2-A467C2FA1A65D96C</string><string>11B9AF3C-8165-48C2-A467C2FA1A65D96C</string><string>11B9AF3C-8165-48C2-A467C2FA1A65D96C</string><string>11B9AF3C-8165-48C2-A467C2FA1A65D96C</string><string>11B9AF3C-8165-48C2-A467C2FA1A65D96C</string><string>1E12D854-4D88-4112-B5BF846999705F72</string><string>1E12D854-4D88-4112-B5BF846999705F72</string><string>1E12D854-4D88-4112-B5BF846999705F72</string><string>1E12D854-4D88-4112-B5BF846999705F72</string><string>1E12D854-4D88-4112-B5BF846999705F72</string><string>1E12D854-4D88-4112-B5BF846999705F72</string><string>1E12D854-4D88-4112-B5BF846999705F72</string><string>71489D50-D874-44C1-909541DB474BA5E3</string><string>71489D50-D874-44C1-909541DB474BA5E3</string><string>71489D50-D874-44C1-909541DB474BA5E3</string><string>71489D50-D874-44C1-909541DB474BA5E3</string><string>71489D50-D874-44C1-909541DB474BA5E3</string><string>BDC505C1-463C-412A-861A7171F24FEC22</string><string>BDC505C1-463C-412A-861A7171F24FEC22</string><string>C8DA0EF1-CAC0-4060-B4D0C99FA8FA2680</string><string>C8DA0EF1-CAC0-4060-B4D0C99FA8FA2680</string><string>C8DA0EF1-CAC0-4060-B4D0C99FA8FA2680</string><string>C8DA0EF1-CAC0-4060-B4D0C99FA8FA2680</string><string>C8DA0EF1-CAC0-4060-B4D0C99FA8FA2680</string><string>C8DA0EF1-CAC0-4060-B4D0C99FA8FA2680</string><string>C8DA0EF1-CAC0-4060-B4D0C99FA8FA2680</string><string>E02127E6-0F28-43E3-94DB0AF633A6C814</string><string>E02127E6-0F28-43E3-94DB0AF633A6C814</string><string>E02127E6-0F28-43E3-94DB0AF633A6C814</string><string>E02127E6-0F28-43E3-94DB0AF633A6C814</string><string>E8E6410A-4977-4406-AB90A493B19E79D1</string><string>E8E6410A-4977-4406-AB90A493B19E79D1</string><string>E8E6410A-4977-4406-AB90A493B19E79D1</string><string>E8E6410A-4977-4406-AB90A493B19E79D1</string><string>F19B6441-797A-48C5-A19AE1F4E56D9E7E</string><string>F19B6441-797A-48C5-A19AE1F4E56D9E7E</string><string>F19B6441-797A-48C5-A19AE1F4E56D9E7E</string><string>F19B6441-797A-48C5-A19AE1F4E56D9E7E</string><string>F19B6441-797A-48C5-A19AE1F4E56D9E7E</string><string>F19B6441-797A-48C5-A19AE1F4E56D9E7E</string><string>F19B6441-797A-48C5-A19AE1F4E56D9E7E</string></field><field name='SITEID'><string>theme-zerofour</string><string>theme-zerofour</string><string>theme-zerofour</string><string>theme-zerofour</string><string>theme-zerofour</string><string>theme-zerofour</string><string>theme-zerofour</string><string>theme-zerofour</string><string>theme-zerofour</string><string>theme-zerofour</string><string>theme-zerofour</string><string>theme-zerofour</string><string>theme-zerofour</string><string>theme-zerofour</string><string>theme-zerofour</string><string>theme-zerofour</string><string>theme-zerofour</string><string>theme-zerofour</string><string>theme-zerofour</string><string>theme-zerofour</string><string>theme-zerofour</string><string>theme-zerofour</string><string>theme-zerofour</string><string>theme-zerofour</string><string>theme-zerofour</string><string>theme-zerofour</string><string>theme-zerofour</string><string>theme-zerofour</string><string>theme-zerofour</string><string>theme-zerofour</string><string>theme-zerofour</string><string>theme-zerofour</string><string>theme-zerofour</string><string>theme-zerofour</string><string>theme-zerofour</string><string>theme-zerofour</string><string>theme-zerofour</string><string>theme-zerofour</string><string>theme-zerofour</string><string>theme-zerofour</string><string>theme-zerofour</string></field><field name='NAME'><string>rssFeedHeading</string><string>rssFeedLink</string><string>rssFeedShowSummary</string><string>rssFeedShowPubDate</string><string>rssFeedMaxItems</string><string>homeFeature2LeftHeading</string><string>homeFeature2LeftSubheading</string><string>homeFeature2LeftBody</string><string>homeFeature2LeftButtonText</string><string>homeFeature2LeftButtonLink</string><string>homeFeature2LeftButtonIcon</string><string>homeFeature2LeftButtonStyle</string><string>compHeading</string><string>compButtonLinkHref</string><string>compButtonLinkText</string><string>compButtonIcon</string><string>compButtonStyle</string><string>spotlightFeed</string><string>spotlightSortBy</string><string>homeFeature2RightHeading</string><string>homeFeature2RightSubheading</string><string>homeFeature2RightBody</string><string>homeFeature2RightButtonText</string><string>homeFeature2RightButtonLink</string><string>homeFeature2RightButtonIcon</string><string>homeFeature2RightButtonStyle</string><string>articleListHeading</string><string>articleListFeed</string><string>articleListShowImage</string><string>articleListMaxItems</string><string>homeFeature1Heading</string><string>homeFeature1Subheading</string><string>homeFeature1Feed</string><string>homeFeature1Body</string><string>homeHeaderHeading</string><string>homeHeaderSubheading</string><string>homeHeaderButtonText</string><string>homeHeaderButtonLink</string><string>homeHeaderButtonIcon</string><string>homeHeaderButtonStyle</string><string>headerBackgroundImage</string></field><field name='LABEL'><string>RSS Heading / Title</string><string>RSS Link URL (including http://)</string><string>Show Item Summary?</string><string>Show Item Publication Date?</string><string>Max Items To Display</string><string>Feature 2 Left Heading</string><string>Feature 2 Left Subheading</string><string>Feature 2 Left Body</string><string>Feature 2 Left Button Text</string><string>Feature 2 Left Button Link</string><string>Feature 2 Left Button Icon Class</string><string>Feature 2 Left Button Style</string><string>Heading</string><string>Button Link URL (including http://)</string><string>Button Link Text</string><string>Link Button Icon Class</string><string>Link Button Style</string><string>Spotlight Content Collection/Local Index Feed Name</string><string>Sort By</string><string>Feature 2 Right Heading</string><string>Feature 2 Right Subheading</string><string>Feature 2 Right Body</string><string>Feature 2 Right Button Text</string><string>Feature 2 Right Button Link</string><string>Feature 2 Right Button Icon Class</string><string>Feature 2 Right Button Style</string><string>Article List Heading/Title</string><string>Article Listing Content Collection/Local Index Feed Name</string><string>Show Associated Image?</string><string>Max Items To Display</string><string>Feature 1 Heading</string><string>Feature 1 Subheading</string><string>Feature 1 Content Collection/Local Index Feed Name</string><string>Feature 1 Body</string><string>Main Header Heading</string><string>Main Header Subheading</string><string>Subheading Button Text/Label</string><string>Subheading Button Link</string><string>Subheading Link Button Icon Class</string><string>Subheading Link Button Style</string><string>Header Background Image</string></field><field name='HINT'><null/><string>Enter the full URL to the RSS Feed</string><string>Each item's link and title will appear by default. Do you also wish to display the summary?</string><string>Each item's link and title will appear by default. Do you also wish to display the publication date?</string><null/><null/><null/><null/><null/><null/><string>Use any Font Awesome Icon Class (http://fontawesome.io/icons/)</string><string>Normal is blue, alternative is dark grey</string><null/><string>Enter a URL if you wish to add a button below the content</string><string>Enter the button text to display if you wish to add a button below the content</string><string>Use any Font Awesome Icon Class (http://fontawesome.io/icons/)</string><string>Normal is blue, alternative is dark grey</string><string>Enter the name of the Local Content Collection/Index to use</string><null/><null/><null/><null/><null/><null/><string>Use any Font Awesome Icon Class (http://fontawesome.io/icons/)</string><string>Normal is blue, alternative is dark grey</string><null/><string>Enter the name of the Local Content Collection/Index to use</string><null/><null/><null/><null/><string>Enter the name of the Local Content Collection/Index to use to populate the Feature 1 area of the home page</string><string>Body/content to appear below feed</string><null/><null/><null/><null/><string>Use any Font Awesome Icon Class (http://fontawesome.io/icons/)</string><string>Normal is blue, alternative is dark grey</string><string>This is the background image used throughout the site.</string></field><field name='TYPE'><string>textbox</string><string>textbox</string><string>radiogroup</string><string>radiogroup</string><string>selectbox</string><string>textbox</string><string>textbox</string><string>htmleditor</string><string>textbox</string><string>textbox</string><string>textbox</string><string>radiogroup</string><string>textbox</string><string>textbox</string><string>textbox</string><string>textbox</string><string>radiogroup</string><string>selectbox</string><string>radiogroup</string><string>textbox</string><string>textbox</string><string>htmlEditor</string><string>textbox</string><string>textbox</string><string>textbox</string><string>radiogroup</string><string>textbox</string><string>selectbox</string><string>radiogroup</string><string>selectbox</string><string>textbox</string><string>textbox</string><string>selectbox</string><string>htmleditor</string><string>textbox</string><string>textbox</string><string>textbox</string><string>textbox</string><string>textbox</string><string>radiogroup</string><string>file</string></field><field name='ORDERNO'><number>1.0</number><number>2.0</number><number>3.0</number><number>4.0</number><number>5.0</number><number>1.0</number><number>2.0</number><number>3.0</number><number>4.0</number><number>5.0</number><number>6.0</number><number>7.0</number><number>1.0</number><number>2.0</number><number>3.0</number><number>4.0</number><number>5.0</number><number>1.0</number><number>2.0</number><number>1.0</number><number>2.0</number><number>3.0</number><number>4.0</number><number>5.0</number><number>6.0</number><number>7.0</number><number>1.0</number><number>2.0</number><number>3.0</number><number>4.0</number><number>1.0</number><number>2.0</number><number>3.0</number><number>4.0</number><number>2.0</number><number>3.0</number><number>4.0</number><number>5.0</number><number>6.0</number><number>7.0</number><number>1.0</number></field><field name='ISACTIVE'><number>1.0</number><number>1.0</number><number>1.0</number><number>1.0</number><number>1.0</number><number>1.0</number><number>1.0</number><number>1.0</number><number>1.0</number><number>1.0</number><number>1.0</number><number>1.0</number><number>1.0</number><number>1.0</number><number>1.0</number><number>1.0</number><number>1.0</number><number>1.0</number><number>1.0</number><number>1.0</number><number>1.0</number><number>1.0</number><number>1.0</number><number>1.0</number><number>1.0</number><number>1.0</number><number>1.0</number><number>1.0</number><number>1.0</number><number>1.0</number><number>1.0</number><number>1.0</number><number>1.0</number><number>1.0</number><number>1.0</number><number>1.0</number><number>1.0</number><number>1.0</number><number>1.0</number><number>1.0</number><number>1.0</number></field><field name='REQUIRED'><string>false</string><string>true</string><string>false</string><string>false</string><string>false</string><string>false</string><string>false</string><string>false</string><string>false</string><string>false</string><string>false</string><string>false</string><string>false</string><string>false</string><string>false</string><string>false</string><string>false</string><string>false</string><string>false</string><string>false</string><string>false</string><string>false</string><string>false</string><string>false</string><string>false</string><string>false</string><string>false</string><string>false</string><string>false</string><string>false</string><string>false</string><string>false</string><string>false</string><string>false</string><string>false</string><string>false</string><string>false</string><string>false</string><string>false</string><string>false</string><string>false</string></field><field name='VALIDATION'><null/><null/><null/><null/><null/><null/><null/><null/><null/><null/><null/><null/><null/><null/><null/><null/><null/><null/><null/><null/><null/><null/><null/><null/><null/><null/><null/><null/><null/><null/><null/><null/><null/><null/><null/><null/><null/><null/><null/><null/><null/></field><field name='REGEX'><null/><null/><null/><null/><null/><null/><null/><null/><null/><null/><null/><null/><null/><null/><null/><null/><null/><null/><null/><null/><null/><null/><null/><null/><null/><null/><null/><null/><null/><null/><null/><null/><null/><null/><null/><null/><null/><null/><null/><null/><null/></field><field name='MESSAGE'><null/><string>Please enter a RSS Link URL</string><null/><null/><null/><null/><null/><null/><null/><null/><null/><null/><null/><null/><null/><null/><null/><null/><null/><null/><null/><null/><null/><null/><null/><null/><null/><null/><null/><null/><null/><null/><null/><null/><null/><null/><null/><null/><null/><null/><null/></field><field name='DEFAULTVALUE'><string>Mura CMS</string><string>http://www.getmura.com/tasks/feed/?feedID=91B4E7A5-37AC-466A-ACDF6ABFD95ACCBD</string><string>true</string><string>false</string><string>3</string><null/><null/><null/><null/><null/><null/><string>normal</string><null/><null/><null/><null/><string>normal</string><string>[mura]ListFirst($.getLocalFeedNames(), '^')[/mura]</string><string>random</string><null/><null/><null/><null/><null/><null/><string>normal</string><string>From The Blog</string><string>[mura]ListFirst($.getLocalFeedNames(), '^')[/mura]</string><string>true</string><string>3</string><null/><null/><string>[mura]ListFirst($.getLocalFeedNames(), '^')[/mura]</string><null/><null/><null/><null/><null/><null/><string>normal</string><null/></field><field name='OPTIONLIST'><null/><null/><string>true^false</string><string>true^false</string><string>1^2^3^4^5^6^7^8^9^10</string><null/><null/><null/><null/><null/><null/><string>normal^alt</string><null/><null/><null/><null/><string>normal^alt</string><string>[mura]$.getLocalFeedNames()[/mura]</string><string>random^releasedate</string><null/><null/><null/><null/><null/><null/><string>normal^alt</string><null/><string>[mura]$.getLocalFeedNames()[/mura]</string><string>true^false</string><string>1^2^3^4^5^6^7^8^9^10</string><null/><null/><string>[mura]$.getLocalFeedNames()[/mura]</string><null/><null/><null/><null/><null/><null/><string>normal^alt</string><null/></field><field name='OPTIONLABELLIST'><null/><null/><string>Yes^No</string><string>Yes^No</string><string>1^2^3^4^5^6^7^8^9^10</string><null/><null/><null/><null/><null/><null/><string>Normal^Alternative</string><null/><null/><null/><null/><string>Normal^Alternative</string><string>[mura]$.getLocalFeedNames()[/mura]</string><string>Random^Official Release Date</string><null/><null/><null/><null/><null/><null/><string>Normal^Alternative</string><null/><string>[mura]$.getLocalFeedNames()[/mura]</string><string>Yes^No</string><string>1^2^3^4^5^6^7^8^9^10</string><null/><null/><string>[mura]$.getLocalFeedNames()[/mura]</string><null/><null/><null/><null/><null/><null/><string>Normal^Alternative</string><null/></field></recordset></data></wddxPacket>
