<wddxPacket version='1.0'><header/><data><recordset rowCount='16' fieldNames='CONTENTHISTID,CATEGORYID,CONTENTID,ISFEATURE,ORDERNO,SITEID,FEATURESTART,FEATURESTOP' type='coldfusion.sql.QueryTable'><field name='CONTENTHISTID'><string>065B7E71-FEA4-4159-A9011FB99484CC34</string><string>0FA5CB3B-A921-4E9A-B3274F91BD9F8557</string><string>0FA5CB3B-A921-4E9A-B3274F91BD9F8557</string><string>5F65EA47-DB63-4208-A72C13582BAB914B</string><string>5F65EA47-DB63-4208-A72C13582BAB914B</string><string>9406DA16-0EEA-4B21-8D536C9EDFAA7F40</string><string>949B8192-ABF7-4475-AE3B1E7B1BFBEEE4</string><string>AE128FED-112F-4368-A995907FB5D7D689</string><string>AE128FED-112F-4368-A995907FB5D7D689</string><string>B0BD4E73-5BB8-4599-95514C385F717D75</string><string>B0BD4E73-5BB8-4599-95514C385F717D75</string><string>F2856AEE-E3C7-4143-A4537CF685373ABB</string><string>F809EB83-2F3F-4969-8E4539F3997931EF</string><string>F809EB83-2F3F-4969-8E4539F3997931EF</string><string>F9F23280-2B57-46E3-AB9B16D8F9CEC4C6</string><string>F9F23280-2B57-46E3-AB9B16D8F9CEC4C6</string></field><field name='CATEGORYID'><string>50DF7CE5-B015-4BBB-BBD987DF0671C79E</string><string>0AC19881-169F-4EEB-88E3C681CD52E240</string><string>B6A9CD4A-85E7-45E6-B2BA5C465ACC1DC5</string><string>0AC19881-169F-4EEB-88E3C681CD52E240</string><string>B6A9CD4A-85E7-45E6-B2BA5C465ACC1DC5</string><string>50DF7CE5-B015-4BBB-BBD987DF0671C79E</string><string>7382A334-8052-4069-AC1490F61C5F37C9</string><string>0AC19881-169F-4EEB-88E3C681CD52E240</string><string>B6A9CD4A-85E7-45E6-B2BA5C465ACC1DC5</string><string>0AC19881-169F-4EEB-88E3C681CD52E240</string><string>B6A9CD4A-85E7-45E6-B2BA5C465ACC1DC5</string><string>0AC19881-169F-4EEB-88E3C681CD52E240</string><string>0AC19881-169F-4EEB-88E3C681CD52E240</string><string>B6A9CD4A-85E7-45E6-B2BA5C465ACC1DC5</string><string>0AC19881-169F-4EEB-88E3C681CD52E240</string><string>6F67FD7F-E26E-41EB-B98AD830A2421AF6</string></field><field name='CONTENTID'><string>C1EA218F-56A9-4817-847EC74ECDA0ACEF</string><string>C2EC1D2C-306D-4D50-AB65492375DCB625</string><string>C2EC1D2C-306D-4D50-AB65492375DCB625</string><string>87D03063-5CC8-41F2-A02A6D0242471B05</string><string>87D03063-5CC8-41F2-A02A6D0242471B05</string><string>BFED5D50-EEDE-4377-B8380533CA836526</string><string>2DCA6481-18AF-4BBB-98D377939A4E782D</string><string>28F4D57C-C7F5-4A39-8D04776C22A9E725</string><string>28F4D57C-C7F5-4A39-8D04776C22A9E725</string><string>89469ED9-20DD-4532-945C46D6CE3C6A68</string><string>89469ED9-20DD-4532-945C46D6CE3C6A68</string><string>28896CEA-7C85-4F4B-B0717FC36F18CBC6</string><string>B4161AB7-DA4B-488D-A1AC87704466F540</string><string>B4161AB7-DA4B-488D-A1AC87704466F540</string><string>3D34C059-C39D-498F-87C24E512E84C6DD</string><string>3D34C059-C39D-498F-87C24E512E84C6DD</string></field><field name='ISFEATURE'><number>0.0</number><number>0.0</number><number>0.0</number><number>0.0</number><number>0.0</number><number>0.0</number><number>0.0</number><number>0.0</number><number>0.0</number><number>0.0</number><number>0.0</number><number>0.0</number><number>0.0</number><number>0.0</number><number>0.0</number><number>0.0</number></field><field name='ORDERNO'><number>0.0</number><number>0.0</number><number>0.0</number><number>0.0</number><number>0.0</number><number>0.0</number><number>0.0</number><number>0.0</number><number>0.0</number><number>0.0</number><number>0.0</number><number>0.0</number><number>0.0</number><number>0.0</number><number>0.0</number><number>0.0</number></field><field name='SITEID'><string>theme-zerofour</string><string>theme-zerofour</string><string>theme-zerofour</string><string>theme-zerofour</string><string>theme-zerofour</string><string>theme-zerofour</string><string>theme-zerofour</string><string>theme-zerofour</string><string>theme-zerofour</string><string>theme-zerofour</string><string>theme-zerofour</string><string>theme-zerofour</string><string>theme-zerofour</string><string>theme-zerofour</string><string>theme-zerofour</string><string>theme-zerofour</string></field><field name='FEATURESTART'><null/><null/><null/><null/><null/><null/><null/><null/><null/><null/><null/><null/><null/><null/><null/><null/></field><field name='FEATURESTOP'><null/><null/><null/><null/><null/><null/><null/><null/><null/><null/><null/><null/><null/><null/><null/><null/></field></recordset></data></wddxPacket>
