<wddxPacket version='1.0'><header/><data><recordset rowCount='14' fieldNames='TAGID,CONTENTID,CONTENTHISTID,SITEID,TAG,TAGGROUP' type='coldfusion.sql.QueryTable'><field name='TAGID'><number>395.0</number><number>396.0</number><number>397.0</number><number>398.0</number><number>399.0</number><number>400.0</number><number>401.0</number><number>402.0</number><number>403.0</number><number>404.0</number><number>405.0</number><number>406.0</number><number>407.0</number><number>408.0</number></field><field name='CONTENTID'><string>69CE7940-ED7E-4753-8B9A5742EE8A40FD</string><string>69CE7940-ED7E-4753-8B9A5742EE8A40FD</string><string>60A5DF0F-D93D-40CA-870CEEBA838C34A5</string><string>60A5DF0F-D93D-40CA-870CEEBA838C34A5</string><string>C64AAACA-3037-4911-83DBACC5C889E72E</string><string>C64AAACA-3037-4911-83DBACC5C889E72E</string><string>5C970C72-E285-47CF-AD3C7B208794C96D</string><string>5C970C72-E285-47CF-AD3C7B208794C96D</string><string>11B6344F-9D41-44BA-B5DFAB4A1C10F9F6</string><string>11B6344F-9D41-44BA-B5DFAB4A1C10F9F6</string><string>AA94F1A2-BD76-44FB-BA52B218ACA88985</string><string>AA94F1A2-BD76-44FB-BA52B218ACA88985</string><string>E1F34202-4C64-4A90-9195831A35B6026F</string><string>E1F34202-4C64-4A90-9195831A35B6026F</string></field><field name='CONTENTHISTID'><string>FD7046F4-8075-406D-8B8EE7398F181270</string><string>FD7046F4-8075-406D-8B8EE7398F181270</string><string>D126BECC-9099-4399-823915D2ED189D60</string><string>D126BECC-9099-4399-823915D2ED189D60</string><string>AF156CA6-C5BE-4A25-ABDC7C8D663E8763</string><string>AF156CA6-C5BE-4A25-ABDC7C8D663E8763</string><string>9F7484E8-2229-4645-8A16025EFEDE73F9</string><string>9F7484E8-2229-4645-8A16025EFEDE73F9</string><string>F93A6E29-9FE7-45D7-AE36F3924CC13424</string><string>F93A6E29-9FE7-45D7-AE36F3924CC13424</string><string>62609B65-697D-46E4-B0D813B70A9D9054</string><string>62609B65-697D-46E4-B0D813B70A9D9054</string><string>DE57EE91-7959-41F1-8D2631F41D03B51E</string><string>DE57EE91-7959-41F1-8D2631F41D03B51E</string></field><field name='SITEID'><string>theme-zerofour</string><string>theme-zerofour</string><string>theme-zerofour</string><string>theme-zerofour</string><string>theme-zerofour</string><string>theme-zerofour</string><string>theme-zerofour</string><string>theme-zerofour</string><string>theme-zerofour</string><string>theme-zerofour</string><string>theme-zerofour</string><string>theme-zerofour</string><string>theme-zerofour</string><string>theme-zerofour</string></field><field name='TAG'><string>home</string><string>sports</string><string>home</string><string>music</string><string>music</string><string>home</string><string>running</string><string>sports</string><string>home</string><string>sports</string><string>home</string><string>sports</string><string>home</string><string>sports</string></field><field name='TAGGROUP'><null/><null/><null/><null/><null/><null/><null/><null/><null/><null/><null/><null/><null/><null/></field></recordset></data></wddxPacket>
