<wddxPacket version='1.0'><header/><data><recordset rowCount='17' fieldNames='FILEID,CONTENTID,SITEID,MODULEID,FILENAME,IMAGE,IMAGESMALL,IMAGEMEDIUM,FILESIZE,CONTENTTYPE,CONTENTSUBTYPE,FILEEXT,CREATED,DELETED,REMOTEPUBDATE,REMOTEURL,REMOTEID,CREDITS,REMOTESOURCE,CAPTION,ALTTEXT,REMOTESOURCEURL,EXIF' type='coldfusion.sql.QueryTable'><field name='FILEID'><string>1A31C324-F269-4D38-BDD134C768DA6230</string><string>42238B6F-72CB-4BD1-857771839C0D0AEB</string><string>4EC2198B-A7F0-4CE3-A840F6A5E423EE27</string><string>57EAACAB-E578-405A-B3083CC828B8C81F</string><string>59A2FB77-5F15-496A-933D2BF2E1C89C2F</string><string>5BDF3B8A-D118-4BE5-925D0539E268BC25</string><string>5CD82911-FF2A-4A43-8C776DD4A0BEDEB4</string><string>74C0A8E1-9196-4FED-83A78F14245E04CA</string><string>7664E714-3D71-41A4-810DAD80A468C024</string><string>86351754-8D4A-4366-A5FB11086C2BB6D5</string><string>9F8788D9-975D-4C53-A01E7AB49D3EEA5D</string><string>9FEFDAE0-106D-4C5D-B39FC8F055ABDEAA</string><string>A4667807-4A9C-4715-977C0B8B653CB665</string><string>B21F885A-799A-47CC-A94D44FBD0E73528</string><string>D27A09D2-270F-4893-9193B106ABC76145</string><string>F07CE7BC-6EB8-4F0A-A01A44FC9B974CB1</string><string>F47C974D-1C5A-4DCC-9A40023DB1B1A927</string></field><field name='CONTENTID'><string>60A5DF0F-D93D-40CA-870CEEBA838C34A5</string><string>C2EC1D2C-306D-4D50-AB65492375DCB625</string><string>B4161AB7-DA4B-488D-A1AC87704466F540</string><string>87D03063-5CC8-41F2-A02A6D0242471B05</string><string>AA94F1A2-BD76-44FB-BA52B218ACA88985</string><string>8BD6203E-90CD-4177-8ED0CEC27F43D48B</string><string>29C728DD-F5EB-4B1B-9268AD1CB25C7C11</string><string>05A1422A-1125-4AF7-9798DA1ED2B22C4B</string><string>28896CEA-7C85-4F4B-B0717FC36F18CBC6</string><string>28F4D57C-C7F5-4A39-8D04776C22A9E725</string><string>C64AAACA-3037-4911-83DBACC5C889E72E</string><string>3D34C059-C39D-498F-87C24E512E84C6DD</string><string>5C970C72-E285-47CF-AD3C7B208794C96D</string><string>11B6344F-9D41-44BA-B5DFAB4A1C10F9F6</string><string>E1F34202-4C64-4A90-9195831A35B6026F</string><string>783DFCBA-2B0E-4C2F-ACF6E24DEA907533</string><string>7395FECF-C4A2-4F90-BDF091BF9D887294</string></field><field name='SITEID'><string>theme-zerofour</string><string>theme-zerofour</string><string>theme-zerofour</string><string>theme-zerofour</string><string>theme-zerofour</string><string>theme-zerofour</string><string>theme-zerofour</string><string>theme-zerofour</string><string>theme-zerofour</string><string>theme-zerofour</string><string>theme-zerofour</string><string>theme-zerofour</string><string>theme-zerofour</string><string>theme-zerofour</string><string>theme-zerofour</string><string>theme-zerofour</string><string>theme-zerofour</string></field><field name='MODULEID'><string>00000000000000000000000000000000000</string><string>00000000000000000000000000000000000</string><string>00000000000000000000000000000000000</string><string>00000000000000000000000000000000000</string><string>00000000000000000000000000000000000</string><string>00000000000000000000000000000000000</string><string>00000000000000000000000000000000000</string><string>00000000000000000000000000000000000</string><string>00000000000000000000000000000000000</string><string>00000000000000000000000000000000000</string><string>00000000000000000000000000000000000</string><string>00000000000000000000000000000000000</string><string>00000000000000000000000000000000000</string><string>00000000000000000000000000000000000</string><string>00000000000000000000000000000000000</string><string>00000000000000000000000000000000000</string><string>00000000000000000000000000000000000</string></field><field name='FILENAME'><string>955A12E0-9E5E-48BA-922600A519E7A314_source.jpg</string><string>pic03.jpg</string><string>pic01.jpg</string><string>pic07.jpg</string><string>pic06.jpg</string><string>30BA5898-1490-4C2E-99A7634A7A9DCDC2_source.jpg</string><string>sample-annual-report.pdf</string><string>5F93A4B4-7E64-440F-9604D2BAF365864B_source.jpg</string><string>C97D5C19-7965-49DC-AA47DEF85C7BDF07_source.jpg</string><string>pic02.jpg</string><string>A311A76D-F2D9-463D-A26655599CF16982_source.jpg</string><string>28A5C6D3-A318-4A18-B80ED3277FD0439E_source.jpg</string><string>3FD8FA3B-57C5-4202-B9F03C776E8DD778_source.jpg</string><string>pic05.jpg</string><string>pic04.jpg</string><string>62A8772C-9CE4-4128-84F5CB790A079761_source.jpg</string><string>61DFDEB1-45D8-4645-938727BD03E382B0_source.jpg</string></field><field name='IMAGE'><null/><null/><null/><null/><null/><null/><null/><null/><null/><null/><null/><null/><null/><null/><null/><null/><null/></field><field name='IMAGESMALL'><null/><null/><null/><null/><null/><null/><null/><null/><null/><null/><null/><null/><null/><null/><null/><null/><null/></field><field name='IMAGEMEDIUM'><null/><null/><null/><null/><null/><null/><null/><null/><null/><null/><null/><null/><null/><null/><null/><null/><null/></field><field name='FILESIZE'><number>1071255.0</number><number>49780.0</number><number>32879.0</number><number>16893.0</number><number>25082.0</number><number>3791376.0</number><number>20318.0</number><number>4597525.0</number><number>506108.0</number><number>59070.0</number><number>473493.0</number><number>777056.0</number><number>456354.0</number><number>22196.0</number><number>10341.0</number><number>4090658.0</number><number>4245010.0</number></field><field name='CONTENTTYPE'><string>image</string><string>image</string><string>image</string><string>image</string><string>image</string><string>image</string><string>application</string><string>image</string><string>image</string><string>image</string><string>image</string><string>image</string><string>image</string><string>image</string><string>image</string><string>image</string><string>image</string></field><field name='CONTENTSUBTYPE'><string>jpeg</string><string>jpeg</string><string>jpeg</string><string>jpeg</string><string>jpeg</string><string>jpeg</string><string>pdf</string><string>jpeg</string><string>jpeg</string><string>jpeg</string><string>jpeg</string><string>jpeg</string><string>jpeg</string><string>jpeg</string><string>jpeg</string><string>jpeg</string><string>jpeg</string></field><field name='FILEEXT'><string>jpg</string><string>jpg</string><string>jpg</string><string>jpg</string><string>jpg</string><string>jpg</string><string>pdf</string><string>jpg</string><string>jpg</string><string>jpg</string><string>jpg</string><string>jpg</string><string>jpg</string><string>jpg</string><string>jpg</string><string>jpg</string><string>jpg</string></field><field name='CREATED'><dateTime>2013-09-25T15:44:28-06:00</dateTime><dateTime>2014-02-14T12:29:05-06:00</dateTime><dateTime>2014-02-21T08:08:50-06:00</dateTime><dateTime>2014-02-14T13:35:12-06:00</dateTime><dateTime>2014-02-14T13:48:40-06:00</dateTime><dateTime>2013-09-25T14:54:05-06:00</dateTime><dateTime>2012-11-27T13:22:32-06:00</dateTime><dateTime>2013-09-25T14:58:32-06:00</dateTime><dateTime>2013-09-25T15:26:34-06:00</dateTime><dateTime>2014-02-14T12:27:18-06:00</dateTime><dateTime>2013-09-25T15:48:37-06:00</dateTime><dateTime>2013-09-25T15:25:33-06:00</dateTime><dateTime>2013-09-25T15:49:16-06:00</dateTime><dateTime>2014-02-14T13:47:58-06:00</dateTime><dateTime>2014-02-14T13:45:48-06:00</dateTime><dateTime>2013-09-25T14:55:17-06:00</dateTime><dateTime>2013-09-25T14:51:50-06:00</dateTime></field><field name='DELETED'><number>0.0</number><number>0.0</number><number>0.0</number><number>0.0</number><number>0.0</number><number>0.0</number><number>0.0</number><number>0.0</number><number>0.0</number><number>0.0</number><number>0.0</number><number>0.0</number><number>0.0</number><number>0.0</number><number>0.0</number><number>0.0</number><number>0.0</number></field><field name='REMOTEPUBDATE'><dateTime>2013-09-25T15:44:35-06:00</dateTime><dateTime>2014-02-14T12:29:05-06:00</dateTime><dateTime>2014-02-21T08:08:52-06:00</dateTime><dateTime>2014-02-14T13:35:12-06:00</dateTime><dateTime>2014-02-14T13:48:40-06:00</dateTime><dateTime>2013-09-25T14:54:17-06:00</dateTime><null/><dateTime>2013-09-25T14:58:46-06:00</dateTime><dateTime>2013-09-25T15:26:42-06:00</dateTime><dateTime>2014-02-14T12:27:18-06:00</dateTime><dateTime>2013-09-25T15:48:45-06:00</dateTime><dateTime>2013-09-25T15:25:40-06:00</dateTime><dateTime>2013-09-25T15:49:23-06:00</dateTime><dateTime>2014-02-14T13:47:58-06:00</dateTime><dateTime>2014-02-14T13:45:49-06:00</dateTime><dateTime>2013-09-25T14:55:33-06:00</dateTime><dateTime>2013-09-25T14:52:04-06:00</dateTime></field><field name='REMOTEURL'><null/><null/><null/><null/><null/><null/><null/><null/><null/><null/><null/><null/><null/><null/><null/><null/><null/></field><field name='REMOTEID'><null/><null/><null/><null/><null/><null/><null/><null/><null/><null/><null/><null/><null/><null/><null/><null/><null/></field><field name='CREDITS'><null/><null/><null/><null/><null/><null/><null/><null/><null/><null/><null/><null/><null/><null/><null/><null/><null/></field><field name='REMOTESOURCE'><null/><null/><null/><null/><null/><null/><null/><null/><null/><null/><null/><null/><null/><null/><null/><null/><null/></field><field name='CAPTION'><string>&lt;p&gt;Lorem ipsum dolor sit amet, consectetur adipiscing elit. Praesent suscipit iaculis libero sed tristique. Quisque mollis dolor non tellus placerat vitae sodales lectus porta. Curabitur ut suscipit tellus.&lt;/p&gt;</string><null/><null/><null/><null/><null/><null/><null/><string>&lt;p&gt;Lorem ipsum dolor sit amet, consectetur adipiscing elit. Praesent suscipit iaculis libero sed tristique. Quisque mollis dolor non tellus placerat vitae sodales lectus porta. Curabitur ut suscipit tellus.&lt;/p&gt;</string><null/><string>&lt;p&gt;Lorem ipsum dolor sit amet, consectetur adipiscing elit. Praesent suscipit iaculis libero sed tristique. Quisque mollis dolor non tellus placerat vitae sodales lectus porta. Curabitur ut suscipit tellus.&lt;/p&gt;</string><string>&lt;p&gt;Lorem ipsum dolor sit amet, consectetur adipiscing elit. Praesent suscipit iaculis libero sed tristique. Quisque mollis dolor non tellus placerat vitae sodales lectus porta. Curabitur ut suscipit tellus.&lt;/p&gt;</string><string>&lt;p&gt;Lorem ipsum dolor sit amet, consectetur adipiscing elit. Praesent suscipit iaculis libero sed tristique. Quisque mollis dolor non tellus placerat vitae sodales lectus porta. Curabitur ut suscipit tellus.&lt;/p&gt;</string><null/><null/><null/><null/></field><field name='ALTTEXT'><null/><null/><null/><null/><null/><null/><null/><null/><null/><null/><null/><null/><null/><null/><null/><null/><null/></field><field name='REMOTESOURCEURL'><null/><null/><null/><null/><null/><null/><null/><null/><null/><null/><null/><null/><null/><null/><null/><null/><null/></field><field name='EXIF'><null/><null/><null/><null/><null/><null/><null/><null/><null/><null/><null/><null/><null/><null/><null/><null/><null/></field></recordset></data></wddxPacket>
