<wddxPacket version='1.0'><header/><data><recordset rowCount='8' fieldNames='EXTENDSETID,SUBTYPEID,CATEGORYID,SITEID,NAME,ORDERNO,ISACTIVE,CONTAINER' type='coldfusion.sql.QueryTable'><field name='EXTENDSETID'><string>1E12D854-4D88-4112-B5BF846999705F72</string><string>C8DA0EF1-CAC0-4060-B4D0C99FA8FA2680</string><string>E8E6410A-4977-4406-AB90A493B19E79D1</string><string>F19B6441-797A-48C5-A19AE1F4E56D9E7E</string><string>71489D50-D874-44C1-909541DB474BA5E3</string><string>BDC505C1-463C-412A-861A7171F24FEC22</string><string>E02127E6-0F28-43E3-94DB0AF633A6C814</string><string>11B9AF3C-8165-48C2-A467C2FA1A65D96C</string></field><field name='SUBTYPEID'><string>25B88CFE-C82E-41EA-80A4398639C26A67</string><string>25B88CFE-C82E-41EA-80A4398639C26A67</string><string>25B88CFE-C82E-41EA-80A4398639C26A67</string><string>25B88CFE-C82E-41EA-80A4398639C26A67</string><string>3FC5BECA-E40E-4B29-A4D8211218F76AFF</string><string>81F04B31-7D60-459C-AB2096D0AFD94BF2</string><string>EB356A17-D634-4B6B-B409EB58280C0B1C</string><string>EB553A6C-83C1-4B46-ABD882F8BED0C8B0</string></field><field name='CATEGORYID'><null/><null/><null/><null/><null/><null/><null/><null/></field><field name='SITEID'><string>theme-zerofour</string><string>theme-zerofour</string><string>theme-zerofour</string><string>theme-zerofour</string><string>theme-zerofour</string><string>theme-zerofour</string><string>theme-zerofour</string><string>theme-zerofour</string></field><field name='NAME'><string>Home Features 2 Left Box</string><string>Home Features 2 Right Box</string><string>Home Page Features 1 Area</string><string>Home Page Header</string><string>Other Options</string><string>Spotlight Info</string><string>Article List Info</string><string>RSS Feed Info</string></field><field name='ORDERNO'><number>3.0</number><number>4.0</number><number>2.0</number><number>1.0</number><number>8.0</number><number>6.0</number><number>7.0</number><number>5.0</number></field><field name='ISACTIVE'><number>1.0</number><number>1.0</number><number>1.0</number><number>1.0</number><number>1.0</number><number>1.0</number><number>1.0</number><number>1.0</number></field><field name='CONTAINER'><string>Basic</string><string>Basic</string><string>Basic</string><string>Basic</string><string>Basic</string><string>Basic</string><string>Basic</string><string>Basic</string></field></recordset></data></wddxPacket>
