<wddxPacket version='1.0'><header/><data><recordset rowCount='2' fieldNames='MLID,SITEID,NAME,DESCRIPTION,LASTUPDATE,ISPURGE,ISPUBLIC' type='coldfusion.sql.QueryTable'><field name='MLID'><string>0D5C25AE-EE2B-459C-87E57CB2CC9050E5</string><string>DF1FD030-653D-4A07-BF03CACF649C3081</string></field><field name='SITEID'><string>theme-zerofour</string><string>theme-zerofour</string></field><field name='NAME'><string>Master Do Not Email List</string><string>Sign Up for Our Mailing List</string></field><field name='DESCRIPTION'><null/><null/></field><field name='LASTUPDATE'><dateTime>2010-12-10T10:55:48-06:00</dateTime><dateTime>2013-09-26T21:54:07-06:00</dateTime></field><field name='ISPURGE'><number>1.0</number><number>0.0</number></field><field name='ISPUBLIC'><number>1.0</number><number>1.0</number></field></recordset></data></wddxPacket>
