<wddxPacket version='1.0'><header/><data><recordset rowCount='3' fieldNames='PARAMID,FEEDID,PARAM,RELATIONSHIP,FIELD,CONDITION,CRITERIA,DATATYPE' type='coldfusion.sql.QueryTable'><field name='PARAMID'><string>110D9B19-8F90-4ACC-88D03B5FE87D41E9</string><string>458A8776-0353-4B7B-B02EE737D6F0B336</string><string>D61B7550-7C17-4F5C-BFDA87631F82D7C0</string></field><field name='FEEDID'><string>0C0F98DE-901C-4048-83AA4032605A40D8</string><string>8E51B1DF-2739-4B92-8763A5E33F41083A</string><string>4E874B36-878F-4A93-B67A315774B53725</string></field><field name='PARAM'><number>1.0</number><number>1.0</number><number>1.0</number></field><field name='RELATIONSHIP'><string>and</string><string>and</string><string>and</string></field><field name='FIELD'><null/><null/><null/></field><field name='CONDITION'><string>Equals</string><string>Equals</string><string>Equals</string></field><field name='CRITERIA'><null/><null/><null/></field><field name='DATATYPE'><null/><null/><null/></field></recordset></data></wddxPacket>
