<wddxPacket version='1.0'><header/><data><recordset rowCount='4' fieldNames='FEEDID,ITEMID,TYPE' type='coldfusion.sql.QueryTable'><field name='FEEDID'><string>8E51B1DF-2739-4B92-8763A5E33F41083A</string><string>4E874B36-878F-4A93-B67A315774B53725</string><string>0C0F98DE-901C-4048-83AA4032605A40D8</string><string>0C0F98DE-901C-4048-83AA4032605A40D8</string></field><field name='ITEMID'><string>C25DB160-4DD8-417B-8D90598A32874CAD</string><string>1CDE6DA0-E862-4711-81C6CCA92A60427D</string><string>C25DB160-4DD8-417B-8D90598A32874CAD</string><string>1CDE6DA0-E862-4711-81C6CCA92A60427D</string></field><field name='TYPE'><string>contentID</string><string>contentID</string><string>contentID</string><string>contentID</string></field></recordset></data></wddxPacket>
