<wddxPacket version='1.0'><header/><data><recordset rowCount='5' fieldNames='CONTENTHISTID,RELATEDID,CONTENTID,SITEID,RELATEDCONTENTSETID,ORDERNO,RELATEDCONTENTID' type='coldfusion.sql.QueryTable'><field name='CONTENTHISTID'><string>097211A4-05BF-4F4A-9F2743537F07F126</string><string>097211A4-05BF-4F4A-9F2743537F07F126</string><string>097211A4-05BF-4F4A-9F2743537F07F126</string><string>097211A4-05BF-4F4A-9F2743537F07F126</string><string>100211BD-6B0C-4D68-AF6E9C6076173793</string></field><field name='RELATEDID'><string>8EFFEE90-5077-4F35-956875B88EE2B08B</string><string>38C207B7-A2F1-4A6A-8CA0CA71446CF70F</string><string>3EBA9F4B-B2C0-492A-996B927F8A6C9AC5</string><string>E0F01477-783D-47FB-8DFC711C1A7802A6</string><string>00000000000000000000000000000000001</string></field><field name='CONTENTID'><string>ED9B55A9-08B9-4AD7-86E8ACA913DDB0F7</string><string>ED9B55A9-08B9-4AD7-86E8ACA913DDB0F7</string><string>ED9B55A9-08B9-4AD7-86E8ACA913DDB0F7</string><string>ED9B55A9-08B9-4AD7-86E8ACA913DDB0F7</string><string>D9B95BF7-229A-4A40-88E53DA401C16426</string></field><field name='SITEID'><string>theme-zerofour</string><string>theme-zerofour</string><string>theme-zerofour</string><string>theme-zerofour</string><string>theme-zerofour</string></field><field name='RELATEDCONTENTSETID'><string>00000000000000000000000000000000000</string><string>00000000000000000000000000000000000</string><string>00000000000000000000000000000000000</string><string>00000000000000000000000000000000000</string><string>00000000000000000000000000000000000</string></field><field name='ORDERNO'><number>1.0</number><number>3.0</number><number>4.0</number><number>5.0</number><number>1.0</number></field><field name='RELATEDCONTENTID'><number>110.0</number><number>111.0</number><number>112.0</number><number>113.0</number><number>114.0</number></field></recordset></data></wddxPacket>
