<wddxPacket version='1.0'><header/><data><recordset rowCount='5' fieldNames='SIZEID,SITEID,NAME,HEIGHT,WIDTH' type='coldfusion.sql.QueryTable'><field name='SIZEID'><string>3F122784-000A-4A5F-8B2EA68CD6A7AD5B</string><string>655553F6-C9B9-4CE3-893C7CBE7611916F</string><string>A58CEF8B-FFEB-4273-81C389EADCEE489D</string><string>CA6C3926-A660-3196-FBCBE0365E45C2E9</string><string>DF0A1D90-25BB-429D-A6A71A0880C9542B</string></field><field name='SITEID'><string>theme-zerofour</string><string>theme-zerofour</string><string>theme-zerofour</string><string>theme-zerofour</string><string>theme-zerofour</string></field><field name='NAME'><string>homefeature2image</string><string>homespotlightimage</string><string>bodyimage</string><string>headerbackgroundimage</string><string>homefeature1image</string></field><field name='HEIGHT'><string>167</string><string>168</string><string>294</string><string>651</string><string>217</string></field><field name='WIDTH'><string>180</string><string>367</string><string>783</string><string>1400</string><string>367</string></field></recordset></data></wddxPacket>
